{"type":"FeatureCollection","features":[{"type":"Feature","properties":{"flags":16,"flags_hex":"0x10","b_class":5,"s1_flag":1,"city":"Bologna","sector":1094115,"stroke":"#FF9800","stroke-width":2,"stroke-opacity":0.85},"geometry":{"type":"LineString","coordinates":[[11.33486628,44.470518119999994],[11.3348661,44.47051793999999]]}},{"type":"Feature","properties":{"flags":17,"flags_hex":"0x11","b_class":5,"s1_flag":0,"city":"Bologna","sector":1094115,"stroke":"#9C27B0","stroke-width":2,"stroke-opacity":0.85},"geometry":{"type":"LineString","coordinates":[[11.334866639999994,44.47051973999999],[11.334866639999994,44.470518479999996]]}},{"type":"Feature","properties":{"flags":16,"flags_hex":"0x10","b_class":5,"s1_flag":1,"city":"Bologna","sector":1094115,"stroke":"#FF9800","stroke-width":2,"stroke-opacity":0.85},"geometry":{"type":"LineString","coordinates":[[11.22869832,44.541301139999995],[11.228701739999998,44.54130024]]}},{"type":"Feature","properties":{"flags":16,"flags_hex":"0x10","b_class":5,"s1_flag":1,"city":"Bologna","sector":1094115,"stroke":"#FF9800","stroke-width":2,"stroke-opacity":0.85},"geometry":{"type":"LineString","coordinates":[[11.441034239999993,44.5059018],[11.43523338,44.505907019999995]]}},{"type":"Feature","properties":{"flags":16,"flags_hex":"0x10","b_class":5,"s1_flag":1,"city":"Bologna","sector":1094115,"stroke":"#FF9800","stroke-width":2,"stroke-opacity":0.85},"geometry":{"type":"LineString","coordinates":[[11.408594639999997,44.5147524],[11.405646239999996,44.514753119999995]]}},{"type":"Feature","properties":{"flags":16,"flags_hex":"0x10","b_class":5,"s1_flag":0,"city":"Bologna","sector":1094115,"stroke":"#FF9800","stroke-width":2,"stroke-opacity":0.85},"geometry":{"type":"LineString","coordinates":[[11.370249959999995,44.46167256],[11.370260759999994,44.4616713]]}},{"type":"Feature","properties":{"flags":16,"flags_hex":"0x10","b_class":5,"s1_flag":1,"city":"Bologna","sector":1094115,"stroke":"#FF9800","stroke-width":2,"stroke-opacity":0.85},"geometry":{"type":"LineString","coordinates":[[11.40564336,44.46167256],[11.40575784,44.46167094]]}},{"type":"Feature","properties":{"flags":16,"flags_hex":"0x10","b_class":5,"s1_flag":1,"city":"Bologna","sector":1094115,"stroke":"#FF9800","stroke-width":2,"stroke-opacity":0.85},"geometry":{"type":"LineString","coordinates":[[11.290629119999998,44.497054979999994],[11.29062372,44.49641561999999]]}},{"type":"Feature","properties":{"flags":16,"flags_hex":"0x10","b_class":5,"s1_flag":1,"city":"Bologna","sector":1094115,"stroke":"#FF9800","stroke-width":2,"stroke-opacity":0.85},"geometry":{"type":"LineString","coordinates":[[11.299480979999998,44.47051506],[11.299478819999997,44.470520099999995]]}},{"type":"Feature","properties":{"flags":16,"flags_hex":"0x10","b_class":5,"s1_flag":1,"city":"Bologna","sector":1094115,"stroke":"#FF9800","stroke-width":2,"stroke-opacity":0.85},"geometry":{"type":"LineString","coordinates":[[11.2286967,44.514751679999996],[11.228700479999993,44.51475834]]}},{"type":"Feature","properties":{"flags":16,"flags_hex":"0x10","b_class":5,"s1_flag":1,"city":"Bologna","sector":1094115,"stroke":"#FF9800","stroke-width":2,"stroke-opacity":0.85},"geometry":{"type":"LineString","coordinates":[[11.370253919999996,44.46167346],[11.364370259999994,44.4648852]]}},{"type":"Feature","properties":{"flags":16,"flags_hex":"0x10","b_class":5,"s1_flag":1,"city":"Bologna","sector":1094115,"stroke":"#FF9800","stroke-width":2,"stroke-opacity":0.85},"geometry":{"type":"LineString","coordinates":[[11.264087399999994,44.5413006],[11.264086679999998,44.541295919999996]]}},{"type":"Feature","properties":{"flags":16,"flags_hex":"0x10","b_class":5,"s1_flag":1,"city":"Bologna","sector":1094115,"stroke":"#FF9800","stroke-width":2,"stroke-opacity":0.85},"geometry":{"type":"LineString","coordinates":[[11.387944679999997,44.436790259999995],[11.389055819999996,44.4347595]]}},{"type":"Feature","properties":{"flags":16,"flags_hex":"0x10","b_class":5,"s1_flag":1,"city":"Bologna","sector":1094115,"stroke":"#FF9800","stroke-width":2,"stroke-opacity":0.85},"geometry":{"type":"LineString","coordinates":[[11.334870239999994,44.474621039999995],[11.33486826,44.47051758]]}},{"type":"Feature","properties":{"flags":16,"flags_hex":"0x10","b_class":5,"s1_flag":1,"city":"Bologna","sector":1094115,"stroke":"#FF9800","stroke-width":2,"stroke-opacity":0.85},"geometry":{"type":"LineString","coordinates":[[11.299472339999994,44.5418046],[11.299478819999997,44.5412961]]}},{"type":"Feature","properties":{"flags":16,"flags_hex":"0x10","b_class":5,"s1_flag":1,"city":"Bologna","sector":1094115,"stroke":"#FF9800","stroke-width":2,"stroke-opacity":0.85},"geometry":{"type":"LineString","coordinates":[[11.36141232,44.473985459999994],[11.362554419999995,44.4735441]]}},{"type":"Feature","properties":{"flags":16,"flags_hex":"0x10","b_class":5,"s1_flag":1,"city":"Bologna","sector":1094115,"stroke":"#FF9800","stroke-width":2,"stroke-opacity":0.85},"geometry":{"type":"LineString","coordinates":[[11.3348607,44.51540868],[11.33976714,44.514751679999996]]}},{"type":"Feature","properties":{"flags":16,"flags_hex":"0x10","b_class":5,"s1_flag":1,"city":"Bologna","sector":1094115,"stroke":"#FF9800","stroke-width":2,"stroke-opacity":0.85},"geometry":{"type":"LineString","coordinates":[[11.28943734,44.497062899999996],[11.290953299999998,44.49706182]]}},{"type":"Feature","properties":{"flags":16,"flags_hex":"0x10","b_class":5,"s1_flag":1,"city":"Bologna","sector":1094115,"stroke":"#FF9800","stroke-width":2,"stroke-opacity":0.85},"geometry":{"type":"LineString","coordinates":[[11.264088479999998,44.51475456],[11.264090279999998,44.51475456]]}},{"type":"Feature","properties":{"flags":16,"flags_hex":"0x10","b_class":5,"s1_flag":1,"city":"Bologna","sector":1094115,"stroke":"#FF9800","stroke-width":2,"stroke-opacity":0.85},"geometry":{"type":"LineString","coordinates":[[11.340763979999998,44.47641582],[11.3348661,44.47051793999999]]}},{"type":"Feature","properties":{"flags":16,"flags_hex":"0x10","b_class":5,"s1_flag":1,"city":"Bologna","sector":1094115,"stroke":"#FF9800","stroke-width":2,"stroke-opacity":0.85},"geometry":{"type":"LineString","coordinates":[[11.334865919999999,44.470703879999995],[11.334865559999997,44.47051722]]}},{"type":"Feature","properties":{"flags":16,"flags_hex":"0x10","b_class":5,"s1_flag":1,"city":"Bologna","sector":1094115,"stroke":"#FF9800","stroke-width":2,"stroke-opacity":0.85},"geometry":{"type":"LineString","coordinates":[[11.264087399999994,44.4970602],[11.26408722,44.49706146]]}},{"type":"Feature","properties":{"flags":16,"flags_hex":"0x10","b_class":5,"s1_flag":1,"city":"Bologna","sector":1094115,"stroke":"#FF9800","stroke-width":2,"stroke-opacity":0.85},"geometry":{"type":"LineString","coordinates":[[11.3739396,44.47936404],[11.381683019999997,44.4789963]]}},{"type":"Feature","properties":{"flags":16,"flags_hex":"0x10","b_class":5,"s1_flag":1,"city":"Bologna","sector":1094115,"stroke":"#FF9800","stroke-width":2,"stroke-opacity":0.85},"geometry":{"type":"LineString","coordinates":[[11.4440442,44.505902879999994],[11.438141279999996,44.50590738]]}},{"type":"Feature","properties":{"flags":16,"flags_hex":"0x10","b_class":5,"s1_flag":1,"city":"Bologna","sector":1094115,"stroke":"#FF9800","stroke-width":2,"stroke-opacity":0.85},"geometry":{"type":"LineString","coordinates":[[11.296527179999998,44.5029579],[11.290625339999998,44.497057139999995]]}},{"type":"Feature","properties":{"flags":16,"flags_hex":"0x10","b_class":5,"s1_flag":1,"city":"Bologna","sector":1094115,"stroke":"#FF9800","stroke-width":2,"stroke-opacity":0.85},"geometry":{"type":"LineString","coordinates":[[11.39984664,44.514754919999994],[11.405648759999998,44.5147578]]}},{"type":"Feature","properties":{"flags":16,"flags_hex":"0x10","b_class":5,"s1_flag":1,"city":"Bologna","sector":1094115,"stroke":"#FF9800","stroke-width":2,"stroke-opacity":0.85},"geometry":{"type":"LineString","coordinates":[[11.334870239999994,44.46810162],[11.334866999999996,44.473569299999994]]}},{"type":"Feature","properties":{"flags":16,"flags_hex":"0x10","b_class":5,"s1_flag":1,"city":"Bologna","sector":1094115,"stroke":"#FF9800","stroke-width":2,"stroke-opacity":0.85},"geometry":{"type":"LineString","coordinates":[[11.37910308,44.497062719999995],[11.3791029,44.49706398]]}},{"type":"Feature","properties":{"flags":16,"flags_hex":"0x10","b_class":5,"s1_flag":1,"city":"Bologna","sector":1094115,"stroke":"#FF9800","stroke-width":2,"stroke-opacity":0.85},"geometry":{"type":"LineString","coordinates":[[11.264069399999997,44.497062],[11.264087579999995,44.4970593]]}},{"type":"Feature","properties":{"flags":16,"flags_hex":"0x10","b_class":5,"s1_flag":1,"city":"Bologna","sector":1094115,"stroke":"#FF9800","stroke-width":2,"stroke-opacity":0.85},"geometry":{"type":"LineString","coordinates":[[11.2286967,44.514751679999996],[11.231862,44.5120047]]}},{"type":"Feature","properties":{"flags":16,"flags_hex":"0x10","b_class":5,"s1_flag":1,"city":"Bologna","sector":1094115,"stroke":"#FF9800","stroke-width":2,"stroke-opacity":0.85},"geometry":{"type":"LineString","coordinates":[[11.379451379999999,44.479621439999995],[11.379287219999995,44.47936601999999]]}},{"type":"Feature","properties":{"flags":16,"flags_hex":"0x10","b_class":5,"s1_flag":1,"city":"Bologna","sector":1094115,"stroke":"#FF9800","stroke-width":2,"stroke-opacity":0.85},"geometry":{"type":"LineString","coordinates":[[11.321333519999996,44.49705444],[11.326016039999999,44.497058759999994]]}},{"type":"Feature","properties":{"flags":16,"flags_hex":"0x10","b_class":5,"s1_flag":1,"city":"Bologna","sector":1094115,"stroke":"#FF9800","stroke-width":2,"stroke-opacity":0.85},"geometry":{"type":"LineString","coordinates":[[11.370256979999994,44.46166734],[11.370252299999997,44.461662479999994]]}},{"type":"Feature","properties":{"flags":16,"flags_hex":"0x10","b_class":5,"s1_flag":1,"city":"Bologna","sector":1094115,"stroke":"#FF9800","stroke-width":2,"stroke-opacity":0.85},"geometry":{"type":"LineString","coordinates":[[11.228702819999995,44.497064339999994],[11.228698679999994,44.493385319999994]]}},{"type":"Feature","properties":{"flags":16,"flags_hex":"0x10","b_class":5,"s1_flag":1,"city":"Bologna","sector":1094115,"stroke":"#FF9800","stroke-width":2,"stroke-opacity":0.85},"geometry":{"type":"LineString","coordinates":[[11.290630199999995,44.497056779999994],[11.290626059999994,44.4970521]]}},{"type":"Feature","properties":{"flags":16,"flags_hex":"0x10","b_class":5,"s1_flag":1,"city":"Bologna","sector":1094115,"stroke":"#FF9800","stroke-width":2,"stroke-opacity":0.85},"geometry":{"type":"LineString","coordinates":[[11.334870599999995,44.541301319999995],[11.329068479999997,44.541297]]}},{"type":"Feature","properties":{"flags":16,"flags_hex":"0x10","b_class":5,"s1_flag":1,"city":"Bologna","sector":1094115,"stroke":"#FF9800","stroke-width":2,"stroke-opacity":0.85},"geometry":{"type":"LineString","coordinates":[[11.405639039999997,44.54406432],[11.405648579999998,44.5412961]]}},{"type":"Feature","properties":{"flags":16,"flags_hex":"0x10","b_class":5,"s1_flag":1,"city":"Bologna","sector":1094115,"stroke":"#FF9800","stroke-width":2,"stroke-opacity":0.85},"geometry":{"type":"LineString","coordinates":[[11.304270419999995,44.50965768],[11.299476839999997,44.514753299999995]]}},{"type":"Feature","properties":{"flags":16,"flags_hex":"0x10","b_class":5,"s1_flag":1,"city":"Bologna","sector":1094115,"stroke":"#FF9800","stroke-width":2,"stroke-opacity":0.85},"geometry":{"type":"LineString","coordinates":[[11.30832564,44.49706164],[11.308326179999995,44.49706362]]}},{"type":"Feature","properties":{"flags":16,"flags_hex":"0x10","b_class":5,"s1_flag":1,"city":"Bologna","sector":1094115,"stroke":"#FF9800","stroke-width":2,"stroke-opacity":0.85},"geometry":{"type":"LineString","coordinates":[[11.404170059999998,44.513279819999994],[11.399792999999995,44.515871999999995]]}},{"type":"Feature","properties":{"flags":16,"flags_hex":"0x10","b_class":5,"s1_flag":1,"city":"Bologna","sector":1094115,"stroke":"#FF9800","stroke-width":2,"stroke-opacity":0.85},"geometry":{"type":"LineString","coordinates":[[11.370249599999994,44.514756],[11.369165639999999,44.514754739999994]]}},{"type":"Feature","properties":{"flags":16,"flags_hex":"0x10","b_class":5,"s1_flag":1,"city":"Bologna","sector":1094115,"stroke":"#FF9800","stroke-width":2,"stroke-opacity":0.85},"geometry":{"type":"LineString","coordinates":[[11.264087579999995,44.5412988],[11.264085599999994,44.54184942]]}},{"type":"Feature","properties":{"flags":16,"flags_hex":"0x10","b_class":5,"s1_flag":1,"city":"Bologna","sector":1094115,"stroke":"#FF9800","stroke-width":2,"stroke-opacity":0.85},"geometry":{"type":"LineString","coordinates":[[11.405645159999999,44.47936584],[11.405644979999998,44.479366379999995]]}},{"type":"Feature","properties":{"flags":16,"flags_hex":"0x10","b_class":5,"s1_flag":1,"city":"Bologna","sector":1094115,"stroke":"#FF9800","stroke-width":2,"stroke-opacity":0.85},"geometry":{"type":"LineString","coordinates":[[11.379100559999998,44.47936908],[11.379105779999996,44.4793653]]}},{"type":"Feature","properties":{"flags":16,"flags_hex":"0x10","b_class":5,"s1_flag":1,"city":"Bologna","sector":1094115,"stroke":"#FF9800","stroke-width":2,"stroke-opacity":0.85},"geometry":{"type":"LineString","coordinates":[[11.40926838,44.4756861],[11.405639039999997,44.479549799999994]]}},{"type":"Feature","properties":{"flags":16,"flags_hex":"0x10","b_class":5,"s1_flag":1,"city":"Bologna","sector":1094115,"stroke":"#FF9800","stroke-width":2,"stroke-opacity":0.85},"geometry":{"type":"LineString","coordinates":[[11.286279959999995,44.497064159999994],[11.290624799999996,44.49706164]]}},{"type":"Feature","properties":{"flags":16,"flags_hex":"0x10","b_class":5,"s1_flag":1,"city":"Bologna","sector":1094115,"stroke":"#FF9800","stroke-width":2,"stroke-opacity":0.85},"geometry":{"type":"LineString","coordinates":[[11.370258239999998,44.514756],[11.36905368,44.514754739999994]]}},{"type":"Feature","properties":{"flags":16,"flags_hex":"0x10","b_class":5,"s1_flag":1,"city":"Bologna","sector":1094115,"stroke":"#FF9800","stroke-width":2,"stroke-opacity":0.85},"geometry":{"type":"LineString","coordinates":[[11.290630019999995,44.49706146],[11.292405719999998,44.50002498]]}},{"type":"Feature","properties":{"flags":16,"flags_hex":"0x10","b_class":5,"s1_flag":1,"city":"Bologna","sector":1094115,"stroke":"#FF9800","stroke-width":2,"stroke-opacity":0.85},"geometry":{"type":"LineString","coordinates":[[11.338459979999996,44.47042542],[11.334505919999998,44.474481]]}},{"type":"Feature","properties":{"flags":16,"flags_hex":"0x10","b_class":5,"s1_flag":1,"city":"Bologna","sector":1094115,"stroke":"#FF9800","stroke-width":2,"stroke-opacity":0.85},"geometry":{"type":"LineString","coordinates":[[11.334868619999995,44.47051776],[11.336267939999999,44.466895439999995]]}},{"type":"Feature","properties":{"flags":16,"flags_hex":"0x10","b_class":5,"s1_flag":1,"city":"Bologna","sector":1094115,"stroke":"#FF9800","stroke-width":2,"stroke-opacity":0.85},"geometry":{"type":"LineString","coordinates":[[11.379106319999998,44.47641582],[11.376153419999994,44.48001546]]}},{"type":"Feature","properties":{"flags":16,"flags_hex":"0x10","b_class":5,"s1_flag":1,"city":"Bologna","sector":1094115,"stroke":"#FF9800","stroke-width":2,"stroke-opacity":0.85},"geometry":{"type":"LineString","coordinates":[[11.405646239999996,44.514758519999994],[11.405639399999998,44.516970539999996]]}},{"type":"Feature","properties":{"flags":16,"flags_hex":"0x10","b_class":5,"s1_flag":1,"city":"Bologna","sector":1094115,"stroke":"#FF9800","stroke-width":2,"stroke-opacity":0.85},"geometry":{"type":"LineString","coordinates":[[11.334866639999994,44.47051776],[11.335709939999994,44.47051415999999]]}},{"type":"Feature","properties":{"flags":16,"flags_hex":"0x10","b_class":5,"s1_flag":1,"city":"Bologna","sector":1094115,"stroke":"#FF9800","stroke-width":2,"stroke-opacity":0.85},"geometry":{"type":"LineString","coordinates":[[11.372564939999997,44.46243198],[11.370255719999996,44.46167076]]}},{"type":"Feature","properties":{"flags":16,"flags_hex":"0x10","b_class":5,"s1_flag":1,"city":"Bologna","sector":1094115,"stroke":"#FF9800","stroke-width":2,"stroke-opacity":0.85},"geometry":{"type":"LineString","coordinates":[[11.264069039999995,44.50093362],[11.262612299999994,44.4955851]]}},{"type":"Feature","properties":{"flags":16,"flags_hex":"0x10","b_class":5,"s1_flag":1,"city":"Bologna","sector":1094115,"stroke":"#FF9800","stroke-width":2,"stroke-opacity":0.85},"geometry":{"type":"LineString","coordinates":[[11.410444139999996,44.54150256],[11.405645699999994,44.5412988]]}},{"type":"Feature","properties":{"flags":16,"flags_hex":"0x10","b_class":5,"s1_flag":1,"city":"Bologna","sector":1094115,"stroke":"#FF9800","stroke-width":2,"stroke-opacity":0.85},"geometry":{"type":"LineString","coordinates":[[11.2994718,44.541291959999995],[11.29418304,44.541297359999994]]}},{"type":"Feature","properties":{"flags":16,"flags_hex":"0x10","b_class":5,"s1_flag":1,"city":"Bologna","sector":1094115,"stroke":"#FF9800","stroke-width":2,"stroke-opacity":0.85},"geometry":{"type":"LineString","coordinates":[[11.337001439999995,44.470512],[11.334864659999994,44.47052262]]}},{"type":"Feature","properties":{"flags":16,"flags_hex":"0x10","b_class":5,"s1_flag":1,"city":"Bologna","sector":1094115,"stroke":"#FF9800","stroke-width":2,"stroke-opacity":0.85},"geometry":{"type":"LineString","coordinates":[[11.264069399999997,44.497062],[11.264087579999995,44.4970593]]}},{"type":"Feature","properties":{"flags":16,"flags_hex":"0x10","b_class":5,"s1_flag":1,"city":"Bologna","sector":1094115,"stroke":"#FF9800","stroke-width":2,"stroke-opacity":0.85},"geometry":{"type":"LineString","coordinates":[[11.33486628,44.47052064],[11.334867539999998,44.47051973999999]]}},{"type":"Feature","properties":{"flags":16,"flags_hex":"0x10","b_class":5,"s1_flag":1,"city":"Bologna","sector":1094115,"stroke":"#FF9800","stroke-width":2,"stroke-opacity":0.85},"geometry":{"type":"LineString","coordinates":[[11.228691839999996,44.49780036],[11.228701559999998,44.49946464]]}},{"type":"Feature","properties":{"flags":16,"flags_hex":"0x10","b_class":5,"s1_flag":1,"city":"Bologna","sector":1094115,"stroke":"#FF9800","stroke-width":2,"stroke-opacity":0.85},"geometry":{"type":"LineString","coordinates":[[11.370255359999994,44.514756],[11.37025122,44.512474139999995]]}},{"type":"Feature","properties":{"flags":16,"flags_hex":"0x10","b_class":5,"s1_flag":1,"city":"Bologna","sector":1094115,"stroke":"#FF9800","stroke-width":2,"stroke-opacity":0.85},"geometry":{"type":"LineString","coordinates":[[11.379101819999995,44.4970575],[11.37509412,44.4970638]]}},{"type":"Feature","properties":{"flags":16,"flags_hex":"0x10","b_class":5,"s1_flag":1,"city":"Bologna","sector":1094115,"stroke":"#FF9800","stroke-width":2,"stroke-opacity":0.85},"geometry":{"type":"LineString","coordinates":[[11.334865919999999,44.470514699999995],[11.334862859999994,44.470506779999994]]}},{"type":"Feature","properties":{"flags":16,"flags_hex":"0x10","b_class":5,"s1_flag":1,"city":"Bologna","sector":1094115,"stroke":"#FF9800","stroke-width":2,"stroke-opacity":0.85},"geometry":{"type":"LineString","coordinates":[[11.287864679999998,44.497062539999995],[11.290629119999998,44.497058579999994]]}},{"type":"Feature","properties":{"flags":16,"flags_hex":"0x10","b_class":5,"s1_flag":1,"city":"Bologna","sector":1094115,"stroke":"#FF9800","stroke-width":2,"stroke-opacity":0.85},"geometry":{"type":"LineString","coordinates":[[11.228696879999994,44.54129664],[11.227499519999995,44.540051039999994]]}},{"type":"Feature","properties":{"flags":16,"flags_hex":"0x10","b_class":5,"s1_flag":1,"city":"Bologna","sector":1094115,"stroke":"#FF9800","stroke-width":2,"stroke-opacity":0.85},"geometry":{"type":"LineString","coordinates":[[11.361402599999998,44.482168079999994],[11.361408179999998,44.4775644]]}},{"type":"Feature","properties":{"flags":16,"flags_hex":"0x10","b_class":5,"s1_flag":1,"city":"Bologna","sector":1094115,"stroke":"#FF9800","stroke-width":2,"stroke-opacity":0.85},"geometry":{"type":"LineString","coordinates":[[11.299470899999996,44.51475222],[11.296534199999996,44.51475744]]}},{"type":"Feature","properties":{"flags":16,"flags_hex":"0x10","b_class":5,"s1_flag":1,"city":"Bologna","sector":1094115,"stroke":"#FF9800","stroke-width":2,"stroke-opacity":0.85},"geometry":{"type":"LineString","coordinates":[[11.379098399999997,44.48011104],[11.373306719999995,44.47936548]]}},{"type":"Feature","properties":{"flags":16,"flags_hex":"0x10","b_class":5,"s1_flag":1,"city":"Bologna","sector":1094115,"stroke":"#FF9800","stroke-width":2,"stroke-opacity":0.85},"geometry":{"type":"LineString","coordinates":[[11.3791029,44.479368179999994],[11.3733924,44.48240783999999]]}},{"type":"Feature","properties":{"flags":16,"flags_hex":"0x10","b_class":5,"s1_flag":1,"city":"Bologna","sector":1094115,"stroke":"#FF9800","stroke-width":2,"stroke-opacity":0.85},"geometry":{"type":"LineString","coordinates":[[11.26818402,44.538347339999994],[11.261137739999995,44.54326584]]}},{"type":"Feature","properties":{"flags":16,"flags_hex":"0x10","b_class":5,"s1_flag":1,"city":"Bologna","sector":1094115,"stroke":"#FF9800","stroke-width":2,"stroke-opacity":0.85},"geometry":{"type":"LineString","coordinates":[[11.411542859999997,44.52065262],[11.4056493,44.514751499999996]]}},{"type":"Feature","properties":{"flags":16,"flags_hex":"0x10","b_class":5,"s1_flag":1,"city":"Bologna","sector":1094115,"stroke":"#FF9800","stroke-width":2,"stroke-opacity":0.85},"geometry":{"type":"LineString","coordinates":[[11.26408128,44.516505959999996],[11.264084519999997,44.51475438]]}},{"type":"Feature","properties":{"flags":16,"flags_hex":"0x10","b_class":5,"s1_flag":1,"city":"Bologna","sector":1094115,"stroke":"#FF9800","stroke-width":2,"stroke-opacity":0.85},"geometry":{"type":"LineString","coordinates":[[11.308326899999997,44.4924684],[11.30409762,44.49705966]]}},{"type":"Feature","properties":{"flags":16,"flags_hex":"0x10","b_class":5,"s1_flag":1,"city":"Bologna","sector":1094115,"stroke":"#FF9800","stroke-width":2,"stroke-opacity":0.85},"geometry":{"type":"LineString","coordinates":[[11.379103619999995,44.50075811999999],[11.379242039999994,44.501077439999996]]}},{"type":"Feature","properties":{"flags":16,"flags_hex":"0x10","b_class":5,"s1_flag":1,"city":"Bologna","sector":1094115,"stroke":"#FF9800","stroke-width":2,"stroke-opacity":0.85},"geometry":{"type":"LineString","coordinates":[[11.370578099999996,44.51475942],[11.370257699999996,44.51475258]]}},{"type":"Feature","properties":{"flags":16,"flags_hex":"0x10","b_class":5,"s1_flag":1,"city":"Bologna","sector":1094115,"stroke":"#FF9800","stroke-width":2,"stroke-opacity":0.85},"geometry":{"type":"LineString","coordinates":[[11.37026058,44.466104339999994],[11.364452159999999,44.46167076]]}},{"type":"Feature","properties":{"flags":16,"flags_hex":"0x10","b_class":5,"s1_flag":0,"city":"Bologna","sector":1094115,"stroke":"#FF9800","stroke-width":2,"stroke-opacity":0.85},"geometry":{"type":"LineString","coordinates":[[11.264084879999999,44.515051199999995],[11.26408128,44.5088799]]}},{"type":"Feature","properties":{"flags":16,"flags_hex":"0x10","b_class":5,"s1_flag":1,"city":"Bologna","sector":1094115,"stroke":"#FF9800","stroke-width":2,"stroke-opacity":0.85},"geometry":{"type":"LineString","coordinates":[[11.370255899999997,44.46167112],[11.370256979999994,44.46167472]]}},{"type":"Feature","properties":{"flags":16,"flags_hex":"0x10","b_class":5,"s1_flag":1,"city":"Bologna","sector":1094115,"stroke":"#FF9800","stroke-width":2,"stroke-opacity":0.85},"geometry":{"type":"LineString","coordinates":[[11.36140314,44.47935936],[11.361404219999997,44.4793617]]}},{"type":"Feature","properties":{"flags":16,"flags_hex":"0x10","b_class":5,"s1_flag":1,"city":"Bologna","sector":1094115,"stroke":"#FF9800","stroke-width":2,"stroke-opacity":0.85},"geometry":{"type":"LineString","coordinates":[[11.441031179999996,44.50589658],[11.442789239999996,44.50669542]]}},{"type":"Feature","properties":{"flags":16,"flags_hex":"0x10","b_class":5,"s1_flag":1,"city":"Bologna","sector":1094115,"stroke":"#FF9800","stroke-width":2,"stroke-opacity":0.85},"geometry":{"type":"LineString","coordinates":[[11.334870419999994,44.543959019999996],[11.33486232,44.54129124]]}},{"type":"Feature","properties":{"flags":16,"flags_hex":"0x10","b_class":5,"s1_flag":1,"city":"Bologna","sector":1094115,"stroke":"#FF9800","stroke-width":2,"stroke-opacity":0.85},"geometry":{"type":"LineString","coordinates":[[11.26409262,44.514749519999995],[11.26408884,44.513105759999995]]}},{"type":"Feature","properties":{"flags":16,"flags_hex":"0x10","b_class":5,"s1_flag":1,"city":"Bologna","sector":1094115,"stroke":"#FF9800","stroke-width":2,"stroke-opacity":0.85},"geometry":{"type":"LineString","coordinates":[[11.26407192,44.501671439999996],[11.264081819999994,44.497060739999995]]}},{"type":"Feature","properties":{"flags":16,"flags_hex":"0x10","b_class":5,"s1_flag":1,"city":"Bologna","sector":1094115,"stroke":"#FF9800","stroke-width":2,"stroke-opacity":0.85},"geometry":{"type":"LineString","coordinates":[[11.230178819999999,44.51494176],[11.22869832,44.514755279999996]]}},{"type":"Feature","properties":{"flags":16,"flags_hex":"0x10","b_class":5,"s1_flag":1,"city":"Bologna","sector":1094115,"stroke":"#FF9800","stroke-width":2,"stroke-opacity":0.85},"geometry":{"type":"LineString","coordinates":[[11.370255719999996,44.46167112],[11.370255539999995,44.46167094]]}},{"type":"Feature","properties":{"flags":16,"flags_hex":"0x10","b_class":5,"s1_flag":1,"city":"Bologna","sector":1094115,"stroke":"#FF9800","stroke-width":2,"stroke-opacity":0.85},"geometry":{"type":"LineString","coordinates":[[11.2994718,44.536658579999994],[11.299470719999995,44.541297359999994]]}},{"type":"Feature","properties":{"flags":16,"flags_hex":"0x10","b_class":5,"s1_flag":1,"city":"Bologna","sector":1094115,"stroke":"#FF9800","stroke-width":2,"stroke-opacity":0.85},"geometry":{"type":"LineString","coordinates":[[11.228696159999998,44.54584848],[11.22648864,44.54129988]]}},{"type":"Feature","properties":{"flags":16,"flags_hex":"0x10","b_class":5,"s1_flag":1,"city":"Bologna","sector":1094115,"stroke":"#FF9800","stroke-width":2,"stroke-opacity":0.85},"geometry":{"type":"LineString","coordinates":[[11.264091899999997,44.49855744],[11.264085419999994,44.49705822]]}},{"type":"Feature","properties":{"flags":16,"flags_hex":"0x10","b_class":5,"s1_flag":1,"city":"Bologna","sector":1094115,"stroke":"#FF9800","stroke-width":2,"stroke-opacity":0.85},"geometry":{"type":"LineString","coordinates":[[11.405640479999995,44.497057319999996],[11.405644979999998,44.49705768]]}},{"type":"Feature","properties":{"flags":16,"flags_hex":"0x10","b_class":5,"s1_flag":0,"city":"Bologna","sector":1094115,"stroke":"#FF9800","stroke-width":2,"stroke-opacity":0.85},"geometry":{"type":"LineString","coordinates":[[11.264081639999993,44.541297359999994],[11.26408704,44.54129124]]}},{"type":"Feature","properties":{"flags":16,"flags_hex":"0x10","b_class":5,"s1_flag":1,"city":"Bologna","sector":1094115,"stroke":"#FF9800","stroke-width":2,"stroke-opacity":0.85},"geometry":{"type":"LineString","coordinates":[[11.308319519999998,44.497062719999995],[11.30832186,44.4970593]]}},{"type":"Feature","properties":{"flags":16,"flags_hex":"0x10","b_class":5,"s1_flag":1,"city":"Bologna","sector":1094115,"stroke":"#FF9800","stroke-width":2,"stroke-opacity":0.85},"geometry":{"type":"LineString","coordinates":[[11.295099239999999,44.497060559999994],[11.290628399999996,44.4970602]]}},{"type":"Feature","properties":{"flags":16,"flags_hex":"0x10","b_class":5,"s1_flag":0,"city":"Bologna","sector":1094115,"stroke":"#FF9800","stroke-width":2,"stroke-opacity":0.85},"geometry":{"type":"LineString","coordinates":[[11.334860159999998,44.47108116],[11.334865559999997,44.47051722]]}},{"type":"Feature","properties":{"flags":16,"flags_hex":"0x10","b_class":5,"s1_flag":0,"city":"Bologna","sector":1094115,"stroke":"#FF9800","stroke-width":2,"stroke-opacity":0.85},"geometry":{"type":"LineString","coordinates":[[11.29062948,44.497060919999996],[11.29062966,44.497060739999995]]}},{"type":"Feature","properties":{"flags":16,"flags_hex":"0x10","b_class":5,"s1_flag":0,"city":"Bologna","sector":1094115,"stroke":"#FF9800","stroke-width":2,"stroke-opacity":0.85},"geometry":{"type":"LineString","coordinates":[[11.370252479999998,44.514757259999996],[11.370260039999998,44.51503391999999]]}},{"type":"Feature","properties":{"flags":16,"flags_hex":"0x10","b_class":5,"s1_flag":1,"city":"Bologna","sector":1094115,"stroke":"#FF9800","stroke-width":2,"stroke-opacity":0.85},"geometry":{"type":"LineString","coordinates":[[11.330816819999995,44.470512],[11.334868979999996,44.47052136]]}},{"type":"Feature","properties":{"flags":16,"flags_hex":"0x10","b_class":5,"s1_flag":1,"city":"Bologna","sector":1094115,"stroke":"#FF9800","stroke-width":2,"stroke-opacity":0.85},"geometry":{"type":"LineString","coordinates":[[11.33486628,44.47573686],[11.33928942,44.469043019999994]]}},{"type":"Feature","properties":{"flags":16,"flags_hex":"0x10","b_class":5,"s1_flag":1,"city":"Bologna","sector":1094115,"stroke":"#FF9800","stroke-width":2,"stroke-opacity":0.85},"geometry":{"type":"LineString","coordinates":[[11.389337339999997,44.4299859],[11.387950439999997,44.435129399999994]]}},{"type":"Feature","properties":{"flags":16,"flags_hex":"0x10","b_class":5,"s1_flag":1,"city":"Bologna","sector":1094115,"stroke":"#FF9800","stroke-width":2,"stroke-opacity":0.85},"geometry":{"type":"LineString","coordinates":[[11.362919639999994,44.498638799999995],[11.361411599999997,44.497057319999996]]}},{"type":"Feature","properties":{"flags":16,"flags_hex":"0x10","b_class":5,"s1_flag":1,"city":"Bologna","sector":1094115,"stroke":"#FF9800","stroke-width":2,"stroke-opacity":0.85},"geometry":{"type":"LineString","coordinates":[[11.40564732,44.5169808],[11.405639039999997,44.51477814]]}},{"type":"Feature","properties":{"flags":16,"flags_hex":"0x10","b_class":5,"s1_flag":1,"city":"Bologna","sector":1094115,"stroke":"#FF9800","stroke-width":2,"stroke-opacity":0.85},"geometry":{"type":"LineString","coordinates":[[11.405641379999999,44.514756899999995],[11.410068299999999,44.513279819999994]]}},{"type":"Feature","properties":{"flags":16,"flags_hex":"0x10","b_class":5,"s1_flag":1,"city":"Bologna","sector":1094115,"stroke":"#FF9800","stroke-width":2,"stroke-opacity":0.85},"geometry":{"type":"LineString","coordinates":[[11.22869652,44.54129844],[11.228699219999996,44.541538919999994]]}},{"type":"Feature","properties":{"flags":16,"flags_hex":"0x10","b_class":5,"s1_flag":1,"city":"Bologna","sector":1094115,"stroke":"#FF9800","stroke-width":2,"stroke-opacity":0.85},"geometry":{"type":"LineString","coordinates":[[11.33486808,44.47618866],[11.329567619999999,44.47604772]]}},{"type":"Feature","properties":{"flags":16,"flags_hex":"0x10","b_class":5,"s1_flag":1,"city":"Bologna","sector":1094115,"stroke":"#FF9800","stroke-width":2,"stroke-opacity":0.85},"geometry":{"type":"LineString","coordinates":[[11.361407459999995,44.4801879],[11.36161104,44.479368179999994]]}},{"type":"Feature","properties":{"flags":16,"flags_hex":"0x10","b_class":5,"s1_flag":1,"city":"Bologna","sector":1094115,"stroke":"#FF9800","stroke-width":2,"stroke-opacity":0.85},"geometry":{"type":"LineString","coordinates":[[11.39357922,44.43835608],[11.387952419999998,44.43513066]]}},{"type":"Feature","properties":{"flags":16,"flags_hex":"0x10","b_class":5,"s1_flag":1,"city":"Bologna","sector":1094115,"stroke":"#FF9800","stroke-width":2,"stroke-opacity":0.85},"geometry":{"type":"LineString","coordinates":[[11.405639219999998,44.4793653],[11.405648939999999,44.4793635]]}},{"type":"Feature","properties":{"flags":16,"flags_hex":"0x10","b_class":5,"s1_flag":0,"city":"Bologna","sector":1094115,"stroke":"#FF9800","stroke-width":2,"stroke-opacity":0.85},"geometry":{"type":"LineString","coordinates":[[11.228691839999996,44.499277619999994],[11.228693459999995,44.497475279999996]]}},{"type":"Feature","properties":{"flags":16,"flags_hex":"0x10","b_class":5,"s1_flag":1,"city":"Bologna","sector":1094115,"stroke":"#FF9800","stroke-width":2,"stroke-opacity":0.85},"geometry":{"type":"LineString","coordinates":[[11.402882159999997,44.461664819999996],[11.405642639999996,44.461670399999996]]}},{"type":"Feature","properties":{"flags":16,"flags_hex":"0x10","b_class":5,"s1_flag":1,"city":"Bologna","sector":1094115,"stroke":"#FF9800","stroke-width":2,"stroke-opacity":0.85},"geometry":{"type":"LineString","coordinates":[[11.374702619999994,44.479364939999996],[11.379091019999997,44.479319399999994]]}},{"type":"Feature","properties":{"flags":16,"flags_hex":"0x10","b_class":5,"s1_flag":1,"city":"Bologna","sector":1094115,"stroke":"#FF9800","stroke-width":2,"stroke-opacity":0.85},"geometry":{"type":"LineString","coordinates":[[11.26408128,44.4970575],[11.264088659999999,44.497060559999994]]}},{"type":"Feature","properties":{"flags":16,"flags_hex":"0x10","b_class":5,"s1_flag":1,"city":"Bologna","sector":1094115,"stroke":"#FF9800","stroke-width":2,"stroke-opacity":0.85},"geometry":{"type":"LineString","coordinates":[[11.338585799999997,44.492637959999996],[11.348162339999995,44.492636159999996]]}},{"type":"Feature","properties":{"flags":16,"flags_hex":"0x10","b_class":5,"s1_flag":1,"city":"Bologna","sector":1094115,"stroke":"#FF9800","stroke-width":2,"stroke-opacity":0.85},"geometry":{"type":"LineString","coordinates":[[11.33486628,44.47051776],[11.335538219999997,44.4705156]]}},{"type":"Feature","properties":{"flags":16,"flags_hex":"0x10","b_class":5,"s1_flag":1,"city":"Bologna","sector":1094115,"stroke":"#FF9800","stroke-width":2,"stroke-opacity":0.85},"geometry":{"type":"LineString","coordinates":[[11.441031179999996,44.505901439999995],[11.441035319999997,44.505171]]}},{"type":"Feature","properties":{"flags":16,"flags_hex":"0x10","b_class":5,"s1_flag":1,"city":"Bologna","sector":1094115,"stroke":"#FF9800","stroke-width":2,"stroke-opacity":0.85},"geometry":{"type":"LineString","coordinates":[[11.334861959999998,44.470518479999996],[11.337819359999997,44.47051793999999]]}},{"type":"Feature","properties":{"flags":16,"flags_hex":"0x10","b_class":5,"s1_flag":1,"city":"Bologna","sector":1094115,"stroke":"#FF9800","stroke-width":2,"stroke-opacity":0.85},"geometry":{"type":"LineString","coordinates":[[11.44133952,44.5008159],[11.441030639999994,44.50038048]]}},{"type":"Feature","properties":{"flags":16,"flags_hex":"0x10","b_class":5,"s1_flag":1,"city":"Bologna","sector":1094115,"stroke":"#FF9800","stroke-width":2,"stroke-opacity":0.85},"geometry":{"type":"LineString","coordinates":[[11.40564534,44.46167328],[11.405641199999998,44.461666799999996]]}},{"type":"Feature","properties":{"flags":16,"flags_hex":"0x10","b_class":5,"s1_flag":1,"city":"Bologna","sector":1094115,"stroke":"#FF9800","stroke-width":2,"stroke-opacity":0.85},"geometry":{"type":"LineString","coordinates":[[11.33486628,44.54130024],[11.334867359999997,44.54129088]]}},{"type":"Feature","properties":{"flags":16,"flags_hex":"0x10","b_class":5,"s1_flag":1,"city":"Bologna","sector":1094115,"stroke":"#FF9800","stroke-width":2,"stroke-opacity":0.85},"geometry":{"type":"LineString","coordinates":[[11.334860159999998,44.53578648],[11.334865919999999,44.5412925]]}},{"type":"Feature","properties":{"flags":16,"flags_hex":"0x10","b_class":5,"s1_flag":1,"city":"Bologna","sector":1094115,"stroke":"#FF9800","stroke-width":2,"stroke-opacity":0.85},"geometry":{"type":"LineString","coordinates":[[11.334915959999996,44.47051506],[11.334870239999994,44.4705192]]}},{"type":"Feature","properties":{"flags":16,"flags_hex":"0x10","b_class":5,"s1_flag":1,"city":"Bologna","sector":1094115,"stroke":"#FF9800","stroke-width":2,"stroke-opacity":0.85},"geometry":{"type":"LineString","coordinates":[[11.334865019999995,44.541294119999996],[11.334870779999996,44.54129664]]}},{"type":"Feature","properties":{"flags":16,"flags_hex":"0x10","b_class":5,"s1_flag":1,"city":"Bologna","sector":1094115,"stroke":"#FF9800","stroke-width":2,"stroke-opacity":0.85},"geometry":{"type":"LineString","coordinates":[[11.402882159999997,44.461664819999996],[11.405642639999996,44.461670399999996]]}},{"type":"Feature","properties":{"flags":16,"flags_hex":"0x10","b_class":5,"s1_flag":1,"city":"Bologna","sector":1094115,"stroke":"#FF9800","stroke-width":2,"stroke-opacity":0.85},"geometry":{"type":"LineString","coordinates":[[11.299481879999995,44.51475942],[11.299476839999997,44.509640039999994]]}},{"type":"Feature","properties":{"flags":16,"flags_hex":"0x10","b_class":5,"s1_flag":1,"city":"Bologna","sector":1094115,"stroke":"#FF9800","stroke-width":2,"stroke-opacity":0.85},"geometry":{"type":"LineString","coordinates":[[11.338928879999997,44.472008159999994],[11.337234719999998,44.47176354]]}},{"type":"Feature","properties":{"flags":16,"flags_hex":"0x10","b_class":5,"s1_flag":1,"city":"Bologna","sector":1094115,"stroke":"#FF9800","stroke-width":2,"stroke-opacity":0.85},"geometry":{"type":"LineString","coordinates":[[11.389364519999994,44.431456139999995],[11.387950439999997,44.435131919999996]]}},{"type":"Feature","properties":{"flags":16,"flags_hex":"0x10","b_class":5,"s1_flag":1,"city":"Bologna","sector":1094115,"stroke":"#FF9800","stroke-width":2,"stroke-opacity":0.85},"geometry":{"type":"LineString","coordinates":[[11.299476659999996,44.47351584],[11.293699199999999,44.47328544]]}},{"type":"Feature","properties":{"flags":16,"flags_hex":"0x10","b_class":5,"s1_flag":1,"city":"Bologna","sector":1094115,"stroke":"#FF9800","stroke-width":2,"stroke-opacity":0.85},"geometry":{"type":"LineString","coordinates":[[11.343717059999996,44.501481],[11.34371436,44.50148496]]}},{"type":"Feature","properties":{"flags":16,"flags_hex":"0x10","b_class":5,"s1_flag":1,"city":"Bologna","sector":1094115,"stroke":"#FF9800","stroke-width":2,"stroke-opacity":0.85},"geometry":{"type":"LineString","coordinates":[[11.305374539999995,44.52065262],[11.299481699999994,44.514749339999995]]}},{"type":"Feature","properties":{"flags":16,"flags_hex":"0x10","b_class":5,"s1_flag":1,"city":"Bologna","sector":1094115,"stroke":"#FF9800","stroke-width":2,"stroke-opacity":0.85},"geometry":{"type":"LineString","coordinates":[[11.324543819999995,44.4955851],[11.32016676,44.497055519999996]]}},{"type":"Feature","properties":{"flags":16,"flags_hex":"0x10","b_class":5,"s1_flag":1,"city":"Bologna","sector":1094115,"stroke":"#FF9800","stroke-width":2,"stroke-opacity":0.85},"geometry":{"type":"LineString","coordinates":[[11.3348661,44.470514699999995],[11.334862859999994,44.47050804]]}},{"type":"Feature","properties":{"flags":16,"flags_hex":"0x10","b_class":5,"s1_flag":1,"city":"Bologna","sector":1094115,"stroke":"#FF9800","stroke-width":2,"stroke-opacity":0.85},"geometry":{"type":"LineString","coordinates":[[11.299476839999997,44.514757079999995],[11.299476659999996,44.51475798]]}},{"type":"Feature","properties":{"flags":16,"flags_hex":"0x10","b_class":5,"s1_flag":1,"city":"Bologna","sector":1094115,"stroke":"#FF9800","stroke-width":2,"stroke-opacity":0.85},"geometry":{"type":"LineString","coordinates":[[11.406130079999997,44.5147488],[11.40564912,44.51474897999999]]}},{"type":"Feature","properties":{"flags":16,"flags_hex":"0x10","b_class":5,"s1_flag":1,"city":"Bologna","sector":1094115,"stroke":"#FF9800","stroke-width":2,"stroke-opacity":0.85},"geometry":{"type":"LineString","coordinates":[[11.264089379999994,44.514754739999994],[11.264091719999996,44.514755279999996]]}},{"type":"Feature","properties":{"flags":16,"flags_hex":"0x10","b_class":5,"s1_flag":1,"city":"Bologna","sector":1094115,"stroke":"#FF9800","stroke-width":2,"stroke-opacity":0.85},"geometry":{"type":"LineString","coordinates":[[11.37470784,44.479366199999994],[11.383549799999997,44.47936512]]}},{"type":"Feature","properties":{"flags":16,"flags_hex":"0x10","b_class":5,"s1_flag":1,"city":"Bologna","sector":1094115,"stroke":"#FF9800","stroke-width":2,"stroke-opacity":0.85},"geometry":{"type":"LineString","coordinates":[[11.361920639999994,44.47552932],[11.361405659999996,44.47936152]]}},{"type":"Feature","properties":{"flags":16,"flags_hex":"0x10","b_class":5,"s1_flag":1,"city":"Bologna","sector":1094115,"stroke":"#FF9800","stroke-width":2,"stroke-opacity":0.85},"geometry":{"type":"LineString","coordinates":[[11.387950259999997,44.4351231],[11.382443519999995,44.435131919999996]]}},{"type":"Feature","properties":{"flags":16,"flags_hex":"0x10","b_class":5,"s1_flag":1,"city":"Bologna","sector":1094115,"stroke":"#FF9800","stroke-width":2,"stroke-opacity":0.85},"geometry":{"type":"LineString","coordinates":[[11.334912359999997,44.47051758],[11.334866639999994,44.47051884]]}},{"type":"Feature","properties":{"flags":16,"flags_hex":"0x10","b_class":5,"s1_flag":1,"city":"Bologna","sector":1094115,"stroke":"#FF9800","stroke-width":2,"stroke-opacity":0.85},"geometry":{"type":"LineString","coordinates":[[11.405646239999996,44.497062719999995],[11.401326419999997,44.49705984]]}},{"type":"Feature","properties":{"flags":16,"flags_hex":"0x10","b_class":5,"s1_flag":1,"city":"Bologna","sector":1094115,"stroke":"#FF9800","stroke-width":2,"stroke-opacity":0.85},"geometry":{"type":"LineString","coordinates":[[11.370250139999996,44.541299519999995],[11.370351839999998,44.541293939999996]]}},{"type":"Feature","properties":{"flags":16,"flags_hex":"0x10","b_class":5,"s1_flag":0,"city":"Bologna","sector":1094115,"stroke":"#FF9800","stroke-width":2,"stroke-opacity":0.85},"geometry":{"type":"LineString","coordinates":[[11.290630559999997,44.496622259999995],[11.293953179999995,44.49705408]]}},{"type":"Feature","properties":{"flags":16,"flags_hex":"0x10","b_class":5,"s1_flag":1,"city":"Bologna","sector":1094115,"stroke":"#FF9800","stroke-width":2,"stroke-opacity":0.85},"geometry":{"type":"LineString","coordinates":[[11.290628579999996,44.4970593],[11.29062768,44.49706128]]}},{"type":"Feature","properties":{"flags":16,"flags_hex":"0x10","b_class":5,"s1_flag":0,"city":"Bologna","sector":1094115,"stroke":"#FF9800","stroke-width":2,"stroke-opacity":0.85},"geometry":{"type":"LineString","coordinates":[[11.334862679999993,44.470516319999994],[11.335142219999994,44.47042542]]}},{"type":"Feature","properties":{"flags":16,"flags_hex":"0x10","b_class":5,"s1_flag":0,"city":"Bologna","sector":1094115,"stroke":"#FF9800","stroke-width":2,"stroke-opacity":0.85},"geometry":{"type":"LineString","coordinates":[[11.370360479999995,44.516824559999996],[11.370260759999994,44.515941659999996]]}},{"type":"Feature","properties":{"flags":16,"flags_hex":"0x10","b_class":5,"s1_flag":0,"city":"Bologna","sector":1094115,"stroke":"#FF9800","stroke-width":2,"stroke-opacity":0.85},"geometry":{"type":"LineString","coordinates":[[11.301061019999999,44.51404518],[11.299476839999997,44.51475636]]}},{"type":"Feature","properties":{"flags":16,"flags_hex":"0x10","b_class":5,"s1_flag":0,"city":"Bologna","sector":1094115,"stroke":"#FF9800","stroke-width":2,"stroke-opacity":0.85},"geometry":{"type":"LineString","coordinates":[[11.404907879999996,44.46242064],[11.405644799999997,44.461664999999996]]}},{"type":"Feature","properties":{"flags":16,"flags_hex":"0x10","b_class":5,"s1_flag":1,"city":"Bologna","sector":1094115,"stroke":"#FF9800","stroke-width":2,"stroke-opacity":0.85},"geometry":{"type":"LineString","coordinates":[[11.343709319999995,44.504827559999995],[11.340774239999995,44.50444398]]}},{"type":"Feature","properties":{"flags":16,"flags_hex":"0x10","b_class":5,"s1_flag":1,"city":"Bologna","sector":1094115,"stroke":"#FF9800","stroke-width":2,"stroke-opacity":0.85},"geometry":{"type":"LineString","coordinates":[[11.299471619999998,44.54226504],[11.304639779999995,44.541291599999994]]}},{"type":"Feature","properties":{"flags":16,"flags_hex":"0x10","b_class":5,"s1_flag":1,"city":"Bologna","sector":1094115,"stroke":"#FF9800","stroke-width":2,"stroke-opacity":0.85},"geometry":{"type":"LineString","coordinates":[[11.334871139999997,44.470546379999995],[11.334863939999998,44.470514339999994]]}},{"type":"Feature","properties":{"flags":16,"flags_hex":"0x10","b_class":5,"s1_flag":1,"city":"Bologna","sector":1094115,"stroke":"#FF9800","stroke-width":2,"stroke-opacity":0.85},"geometry":{"type":"LineString","coordinates":[[11.33486988,44.470554119999996],[11.334884099999996,44.4705417]]}},{"type":"Feature","properties":{"flags":16,"flags_hex":"0x10","b_class":5,"s1_flag":1,"city":"Bologna","sector":1094115,"stroke":"#FF9800","stroke-width":2,"stroke-opacity":0.85},"geometry":{"type":"LineString","coordinates":[[11.326012799999994,44.49789036],[11.326015319999996,44.497064699999996]]}},{"type":"Feature","properties":{"flags":16,"flags_hex":"0x10","b_class":5,"s1_flag":1,"city":"Bologna","sector":1094115,"stroke":"#FF9800","stroke-width":2,"stroke-opacity":0.85},"geometry":{"type":"LineString","coordinates":[[11.441031179999996,44.50589802],[11.444464499999995,44.50591152]]}},{"type":"Feature","properties":{"flags":16,"flags_hex":"0x10","b_class":5,"s1_flag":1,"city":"Bologna","sector":1094115,"stroke":"#FF9800","stroke-width":2,"stroke-opacity":0.85},"geometry":{"type":"LineString","coordinates":[[11.361467399999995,44.497064879999996],[11.361405839999996,44.49706164]]}},{"type":"Feature","properties":{"flags":16,"flags_hex":"0x10","b_class":5,"s1_flag":1,"city":"Bologna","sector":1094115,"stroke":"#FF9800","stroke-width":2,"stroke-opacity":0.85},"geometry":{"type":"LineString","coordinates":[[11.290630559999997,44.497064159999994],[11.29062948,44.49706002]]}},{"type":"Feature","properties":{"flags":16,"flags_hex":"0x10","b_class":5,"s1_flag":1,"city":"Bologna","sector":1094115,"stroke":"#FF9800","stroke-width":2,"stroke-opacity":0.85},"geometry":{"type":"LineString","coordinates":[[11.29772904,44.514754919999994],[11.298854939999998,44.514749519999995]]}},{"type":"Feature","properties":{"flags":16,"flags_hex":"0x10","b_class":5,"s1_flag":1,"city":"Bologna","sector":1094115,"stroke":"#FF9800","stroke-width":2,"stroke-opacity":0.85},"geometry":{"type":"LineString","coordinates":[[11.33486988,44.4705156],[11.335618139999994,44.47051542]]}},{"type":"Feature","properties":{"flags":16,"flags_hex":"0x10","b_class":5,"s1_flag":1,"city":"Bologna","sector":1094115,"stroke":"#FF9800","stroke-width":2,"stroke-opacity":0.85},"geometry":{"type":"LineString","coordinates":[[11.405640119999994,44.473513679999996],[11.404195619999996,44.47936512]]}},{"type":"Feature","properties":{"flags":16,"flags_hex":"0x10","b_class":5,"s1_flag":1,"city":"Bologna","sector":1094115,"stroke":"#FF9800","stroke-width":2,"stroke-opacity":0.85},"geometry":{"type":"LineString","coordinates":[[11.33051604,44.54129808],[11.334865199999996,44.541297719999996]]}},{"type":"Feature","properties":{"flags":16,"flags_hex":"0x10","b_class":5,"s1_flag":1,"city":"Bologna","sector":1094115,"stroke":"#FF9800","stroke-width":2,"stroke-opacity":0.85},"geometry":{"type":"LineString","coordinates":[[11.365579859999997,44.51475618],[11.370250499999997,44.51475095999999]]}},{"type":"Feature","properties":{"flags":16,"flags_hex":"0x10","b_class":5,"s1_flag":1,"city":"Bologna","sector":1094115,"stroke":"#FF9800","stroke-width":2,"stroke-opacity":0.85},"geometry":{"type":"LineString","coordinates":[[11.264081639999993,44.541291959999995],[11.264082899999998,44.541293939999996]]}},{"type":"Feature","properties":{"flags":16,"flags_hex":"0x10","b_class":5,"s1_flag":0,"city":"Bologna","sector":1094115,"stroke":"#FF9800","stroke-width":2,"stroke-opacity":0.85},"geometry":{"type":"LineString","coordinates":[[11.313580019999996,44.49415896],[11.308324019999993,44.497062539999995]]}},{"type":"Feature","properties":{"flags":16,"flags_hex":"0x10","b_class":5,"s1_flag":0,"city":"Bologna","sector":1094115,"stroke":"#FF9800","stroke-width":2,"stroke-opacity":0.85},"geometry":{"type":"LineString","coordinates":[[11.264081639999993,44.514755099999995],[11.264087399999994,44.509557599999994]]}},{"type":"Feature","properties":{"flags":16,"flags_hex":"0x10","b_class":5,"s1_flag":0,"city":"Bologna","sector":1094115,"stroke":"#FF9800","stroke-width":2,"stroke-opacity":0.85},"geometry":{"type":"LineString","coordinates":[[11.33486808,44.47051793999999],[11.337189359999996,44.472057299999996]]}},{"type":"Feature","properties":{"flags":16,"flags_hex":"0x10","b_class":5,"s1_flag":0,"city":"Bologna","sector":1094115,"stroke":"#FF9800","stroke-width":2,"stroke-opacity":0.85},"geometry":{"type":"LineString","coordinates":[[11.264064179999998,44.49706002],[11.26408344,44.50038515999999]]}},{"type":"Feature","properties":{"flags":16,"flags_hex":"0x10","b_class":5,"s1_flag":0,"city":"Bologna","sector":1094115,"stroke":"#FF9800","stroke-width":2,"stroke-opacity":0.85},"geometry":{"type":"LineString","coordinates":[[11.387950079999996,44.435122559999996],[11.383086479999996,44.435131559999995]]}},{"type":"Feature","properties":{"flags":16,"flags_hex":"0x10","b_class":5,"s1_flag":1,"city":"Bologna","sector":1094115,"stroke":"#FF9800","stroke-width":2,"stroke-opacity":0.85},"geometry":{"type":"LineString","coordinates":[[11.441031179999996,44.505899459999995],[11.441038019999993,44.50590738]]}},{"type":"Feature","properties":{"flags":16,"flags_hex":"0x10","b_class":5,"s1_flag":1,"city":"Bologna","sector":1094115,"stroke":"#FF9800","stroke-width":2,"stroke-opacity":0.85},"geometry":{"type":"LineString","coordinates":[[11.334870239999994,44.470518299999995],[11.334865919999999,44.470521]]}},{"type":"Feature","properties":{"flags":16,"flags_hex":"0x10","b_class":5,"s1_flag":1,"city":"Bologna","sector":1094115,"stroke":"#FF9800","stroke-width":2,"stroke-opacity":0.85},"geometry":{"type":"LineString","coordinates":[[11.391395099999997,44.437400999999994],[11.387955299999994,44.431077959999996]]}},{"type":"Feature","properties":{"flags":16,"flags_hex":"0x10","b_class":5,"s1_flag":1,"city":"Bologna","sector":1094115,"stroke":"#FF9800","stroke-width":2,"stroke-opacity":0.85},"geometry":{"type":"LineString","coordinates":[[11.264082719999998,44.497062719999995],[11.264084159999996,44.49706128]]}},{"type":"Feature","properties":{"flags":16,"flags_hex":"0x10","b_class":5,"s1_flag":1,"city":"Bologna","sector":1094115,"stroke":"#FF9800","stroke-width":2,"stroke-opacity":0.85},"geometry":{"type":"LineString","coordinates":[[11.379101819999995,44.497057319999996],[11.38308954,44.497064879999996]]}},{"type":"Feature","properties":{"flags":16,"flags_hex":"0x10","b_class":5,"s1_flag":1,"city":"Bologna","sector":1094115,"stroke":"#FF9800","stroke-width":2,"stroke-opacity":0.85},"geometry":{"type":"LineString","coordinates":[[11.400417959999999,44.49706128],[11.405646239999996,44.497062719999995]]}},{"type":"Feature","properties":{"flags":16,"flags_hex":"0x10","b_class":5,"s1_flag":1,"city":"Bologna","sector":1094115,"stroke":"#FF9800","stroke-width":2,"stroke-opacity":0.85},"geometry":{"type":"LineString","coordinates":[[11.405648399999997,44.514754739999994],[11.405646599999997,44.514756]]}},{"type":"Feature","properties":{"flags":16,"flags_hex":"0x10","b_class":5,"s1_flag":1,"city":"Bologna","sector":1094115,"stroke":"#FF9800","stroke-width":2,"stroke-opacity":0.85},"geometry":{"type":"LineString","coordinates":[[11.41092132,44.461668239999995],[11.405646239999996,44.46166896]]}},{"type":"Feature","properties":{"flags":16,"flags_hex":"0x10","b_class":5,"s1_flag":1,"city":"Bologna","sector":1094115,"stroke":"#FF9800","stroke-width":2,"stroke-opacity":0.85},"geometry":{"type":"LineString","coordinates":[[11.299470899999996,44.51475942],[11.299476839999997,44.514758879999995]]}},{"type":"Feature","properties":{"flags":16,"flags_hex":"0x10","b_class":5,"s1_flag":0,"city":"Bologna","sector":1094115,"stroke":"#FF9800","stroke-width":2,"stroke-opacity":0.85},"geometry":{"type":"LineString","coordinates":[[11.370260759999994,44.514756899999995],[11.368805099999996,44.51475456]]}},{"type":"Feature","properties":{"flags":16,"flags_hex":"0x10","b_class":5,"s1_flag":1,"city":"Bologna","sector":1094115,"stroke":"#FF9800","stroke-width":2,"stroke-opacity":0.85},"geometry":{"type":"LineString","coordinates":[[11.380937279999998,44.497062539999995],[11.383686239999996,44.497060919999996]]}},{"type":"Feature","properties":{"flags":16,"flags_hex":"0x10","b_class":5,"s1_flag":1,"city":"Bologna","sector":1094115,"stroke":"#FF9800","stroke-width":2,"stroke-opacity":0.85},"geometry":{"type":"LineString","coordinates":[[11.33183382,44.464759019999995],[11.334866639999994,44.470550339999996]]}},{"type":"Feature","properties":{"flags":16,"flags_hex":"0x10","b_class":5,"s1_flag":1,"city":"Bologna","sector":1094115,"stroke":"#FF9800","stroke-width":2,"stroke-opacity":0.85},"geometry":{"type":"LineString","coordinates":[[11.43811392,44.50590936],[11.441035679999999,44.50590954]]}},{"type":"Feature","properties":{"flags":16,"flags_hex":"0x10","b_class":5,"s1_flag":1,"city":"Bologna","sector":1094115,"stroke":"#FF9800","stroke-width":2,"stroke-opacity":0.85},"geometry":{"type":"LineString","coordinates":[[11.290623359999998,44.49706308],[11.286218759999997,44.497060559999994]]}},{"type":"Feature","properties":{"flags":16,"flags_hex":"0x10","b_class":5,"s1_flag":1,"city":"Bologna","sector":1094115,"stroke":"#FF9800","stroke-width":2,"stroke-opacity":0.85},"geometry":{"type":"LineString","coordinates":[[11.329982879999996,44.47060326],[11.334865919999999,44.47348938]]}},{"type":"Feature","properties":{"flags":16,"flags_hex":"0x10","b_class":5,"s1_flag":1,"city":"Bologna","sector":1094115,"stroke":"#FF9800","stroke-width":2,"stroke-opacity":0.85},"geometry":{"type":"LineString","coordinates":[[11.332480019999998,44.470512],[11.339775779999997,44.470512719999995]]}},{"type":"Feature","properties":{"flags":16,"flags_hex":"0x10","b_class":5,"s1_flag":1,"city":"Bologna","sector":1094115,"stroke":"#FF9800","stroke-width":2,"stroke-opacity":0.85},"geometry":{"type":"LineString","coordinates":[[11.34370878,44.49263328],[11.343904799999997,44.49263903999999]]}},{"type":"Feature","properties":{"flags":16,"flags_hex":"0x10","b_class":5,"s1_flag":1,"city":"Bologna","sector":1094115,"stroke":"#FF9800","stroke-width":2,"stroke-opacity":0.85},"geometry":{"type":"LineString","coordinates":[[11.334861239999995,44.541910079999994],[11.334860339999999,44.54129664]]}},{"type":"Feature","properties":{"flags":16,"flags_hex":"0x10","b_class":5,"s1_flag":0,"city":"Bologna","sector":1094115,"stroke":"#FF9800","stroke-width":2,"stroke-opacity":0.85},"geometry":{"type":"LineString","coordinates":[[11.343708419999999,44.50609494],[11.343707519999995,44.50443642]]}},{"type":"Feature","properties":{"flags":16,"flags_hex":"0x10","b_class":5,"s1_flag":1,"city":"Bologna","sector":1094115,"stroke":"#FF9800","stroke-width":2,"stroke-opacity":0.85},"geometry":{"type":"LineString","coordinates":[[11.334870959999996,44.46554544],[11.329062,44.470518119999994]]}},{"type":"Feature","properties":{"flags":16,"flags_hex":"0x10","b_class":5,"s1_flag":1,"city":"Bologna","sector":1094115,"stroke":"#FF9800","stroke-width":2,"stroke-opacity":0.85},"geometry":{"type":"LineString","coordinates":[[11.299470719999995,44.54443602],[11.299480259999996,44.5412961]]}},{"type":"Feature","properties":{"flags":16,"flags_hex":"0x10","b_class":5,"s1_flag":1,"city":"Bologna","sector":1094115,"stroke":"#FF9800","stroke-width":2,"stroke-opacity":0.85},"geometry":{"type":"LineString","coordinates":[[11.26408128,44.541301319999995],[11.262612299999994,44.5398219]]}},{"type":"Feature","properties":{"flags":16,"flags_hex":"0x10","b_class":5,"s1_flag":1,"city":"Bologna","sector":1094115,"stroke":"#FF9800","stroke-width":2,"stroke-opacity":0.85},"geometry":{"type":"LineString","coordinates":[[11.343707879999997,44.49319344],[11.343716879999995,44.492641199999994]]}},{"type":"Feature","properties":{"flags":16,"flags_hex":"0x10","b_class":5,"s1_flag":1,"city":"Bologna","sector":1094115,"stroke":"#FF9800","stroke-width":2,"stroke-opacity":0.85},"geometry":{"type":"LineString","coordinates":[[11.29062948,44.497060559999994],[11.290629299999999,44.49706146]]}},{"type":"Feature","properties":{"flags":16,"flags_hex":"0x10","b_class":5,"s1_flag":1,"city":"Bologna","sector":1094115,"stroke":"#FF9800","stroke-width":2,"stroke-opacity":0.85},"geometry":{"type":"LineString","coordinates":[[11.379103439999994,44.47775322],[11.380601039999995,44.47936512]]}},{"type":"Feature","properties":{"flags":16,"flags_hex":"0x10","b_class":5,"s1_flag":1,"city":"Bologna","sector":1094115,"stroke":"#FF9800","stroke-width":2,"stroke-opacity":0.85},"geometry":{"type":"LineString","coordinates":[[11.374779479999994,44.461673999999995],[11.370252479999998,44.46166572]]}},{"type":"Feature","properties":{"flags":16,"flags_hex":"0x10","b_class":5,"s1_flag":1,"city":"Bologna","sector":1094115,"stroke":"#FF9800","stroke-width":2,"stroke-opacity":0.85},"geometry":{"type":"LineString","coordinates":[[11.370253379999994,44.516805299999994],[11.370256439999999,44.51475456]]}},{"type":"Feature","properties":{"flags":16,"flags_hex":"0x10","b_class":5,"s1_flag":0,"city":"Bologna","sector":1094115,"stroke":"#FF9800","stroke-width":2,"stroke-opacity":0.85},"geometry":{"type":"LineString","coordinates":[[11.290684199999994,44.49706326],[11.290630919999998,44.49705408]]}},{"type":"Feature","properties":{"flags":16,"flags_hex":"0x10","b_class":5,"s1_flag":1,"city":"Bologna","sector":1094115,"stroke":"#FF9800","stroke-width":2,"stroke-opacity":0.85},"geometry":{"type":"LineString","coordinates":[[11.334867899999999,44.47051758],[11.334854219999997,44.47047276]]}},{"type":"Feature","properties":{"flags":16,"flags_hex":"0x10","b_class":5,"s1_flag":1,"city":"Bologna","sector":1094115,"stroke":"#FF9800","stroke-width":2,"stroke-opacity":0.85},"geometry":{"type":"LineString","coordinates":[[11.299478279999995,44.470518479999996],[11.299471079999996,44.470520279999995]]}},{"type":"Feature","properties":{"flags":16,"flags_hex":"0x10","b_class":5,"s1_flag":1,"city":"Bologna","sector":1094115,"stroke":"#FF9800","stroke-width":2,"stroke-opacity":0.85},"geometry":{"type":"LineString","coordinates":[[11.370256079999997,44.5125573],[11.376153419999994,44.52065262]]}},{"type":"Feature","properties":{"flags":17,"flags_hex":"0x11","b_class":5,"s1_flag":1,"city":"Bologna","sector":1094115,"stroke":"#9C27B0","stroke-width":2,"stroke-opacity":0.85},"geometry":{"type":"LineString","coordinates":[[11.228691839999996,44.51475816],[11.228695979999998,44.514752939999994]]}},{"type":"Feature","properties":{"flags":17,"flags_hex":"0x11","b_class":5,"s1_flag":1,"city":"Bologna","sector":1094115,"stroke":"#9C27B0","stroke-width":2,"stroke-opacity":0.85},"geometry":{"type":"LineString","coordinates":[[11.374545119999993,44.47936601999999],[11.37910128,44.479368179999994]]}},{"type":"Feature","properties":{"flags":17,"flags_hex":"0x11","b_class":5,"s1_flag":1,"city":"Bologna","sector":1094115,"stroke":"#9C27B0","stroke-width":2,"stroke-opacity":0.85},"geometry":{"type":"LineString","coordinates":[[11.40563976,44.51499954],[11.405639219999998,44.514970379999994]]}},{"type":"Feature","properties":{"flags":17,"flags_hex":"0x11","b_class":5,"s1_flag":1,"city":"Bologna","sector":1094115,"stroke":"#9C27B0","stroke-width":2,"stroke-opacity":0.85},"geometry":{"type":"LineString","coordinates":[[11.370251759999995,44.54129897999999],[11.373207359999995,44.53835058]]}},{"type":"Feature","properties":{"flags":16,"flags_hex":"0x10","b_class":5,"s1_flag":1,"city":"Bologna","sector":1094115,"stroke":"#FF9800","stroke-width":2,"stroke-opacity":0.85},"geometry":{"type":"LineString","coordinates":[[11.389540919999995,44.43512904],[11.392288259999994,44.43512688]]}},{"type":"Feature","properties":{"flags":16,"flags_hex":"0x10","b_class":5,"s1_flag":0,"city":"Bologna","sector":1094115,"stroke":"#FF9800","stroke-width":2,"stroke-opacity":0.85},"geometry":{"type":"LineString","coordinates":[[11.370258239999998,44.51475618],[11.37025122,44.51730138]]}},{"type":"Feature","properties":{"flags":16,"flags_hex":"0x10","b_class":5,"s1_flag":1,"city":"Bologna","sector":1094115,"stroke":"#FF9800","stroke-width":2,"stroke-opacity":0.85},"geometry":{"type":"LineString","coordinates":[[11.37026058,44.466104339999994],[11.364452159999999,44.46167076]]}},{"type":"Feature","properties":{"flags":16,"flags_hex":"0x10","b_class":5,"s1_flag":1,"city":"Bologna","sector":1094115,"stroke":"#FF9800","stroke-width":2,"stroke-opacity":0.85},"geometry":{"type":"LineString","coordinates":[[11.299476659999996,44.51475222],[11.299471079999996,44.51697144]]}},{"type":"Feature","properties":{"flags":16,"flags_hex":"0x10","b_class":5,"s1_flag":1,"city":"Bologna","sector":1094115,"stroke":"#FF9800","stroke-width":2,"stroke-opacity":0.85},"geometry":{"type":"LineString","coordinates":[[11.288064119999994,44.49706002],[11.289551459999998,44.49721176]]}},{"type":"Feature","properties":{"flags":16,"flags_hex":"0x10","b_class":5,"s1_flag":1,"city":"Bologna","sector":1094115,"stroke":"#FF9800","stroke-width":2,"stroke-opacity":0.85},"geometry":{"type":"LineString","coordinates":[[11.33486628,44.47051776],[11.33497698,44.47053378]]}},{"type":"Feature","properties":{"flags":16,"flags_hex":"0x10","b_class":5,"s1_flag":1,"city":"Bologna","sector":1094115,"stroke":"#FF9800","stroke-width":2,"stroke-opacity":0.85},"geometry":{"type":"LineString","coordinates":[[11.33745252,44.470512],[11.334869339999997,44.47052118]]}},{"type":"Feature","properties":{"flags":16,"flags_hex":"0x10","b_class":5,"s1_flag":0,"city":"Bologna","sector":1094115,"stroke":"#FF9800","stroke-width":2,"stroke-opacity":0.85},"geometry":{"type":"LineString","coordinates":[[11.264065259999995,44.49706146],[11.264091179999994,44.49743316]]}},{"type":"Feature","properties":{"flags":16,"flags_hex":"0x10","b_class":5,"s1_flag":1,"city":"Bologna","sector":1094115,"stroke":"#FF9800","stroke-width":2,"stroke-opacity":0.85},"geometry":{"type":"LineString","coordinates":[[11.304568859999996,44.4705228],[11.299477919999994,44.47052064]]}},{"type":"Feature","properties":{"flags":16,"flags_hex":"0x10","b_class":5,"s1_flag":1,"city":"Bologna","sector":1094115,"stroke":"#FF9800","stroke-width":2,"stroke-opacity":0.85},"geometry":{"type":"LineString","coordinates":[[11.29947936,44.51890176],[11.299473599999999,44.514758519999994]]}},{"type":"Feature","properties":{"flags":16,"flags_hex":"0x10","b_class":5,"s1_flag":1,"city":"Bologna","sector":1094115,"stroke":"#FF9800","stroke-width":2,"stroke-opacity":0.85},"geometry":{"type":"LineString","coordinates":[[11.29062768,44.497107],[11.290628759999997,44.497059119999996]]}},{"type":"Feature","properties":{"flags":16,"flags_hex":"0x10","b_class":5,"s1_flag":1,"city":"Bologna","sector":1094115,"stroke":"#FF9800","stroke-width":2,"stroke-opacity":0.85},"geometry":{"type":"LineString","coordinates":[[11.290629119999998,44.49705426],[11.285354759999997,44.497060559999994]]}},{"type":"Feature","properties":{"flags":16,"flags_hex":"0x10","b_class":5,"s1_flag":1,"city":"Bologna","sector":1094115,"stroke":"#FF9800","stroke-width":2,"stroke-opacity":0.85},"geometry":{"type":"LineString","coordinates":[[11.334860159999998,44.470522439999996],[11.334860159999998,44.472729959999995]]}},{"type":"Feature","properties":{"flags":16,"flags_hex":"0x10","b_class":5,"s1_flag":1,"city":"Bologna","sector":1094115,"stroke":"#FF9800","stroke-width":2,"stroke-opacity":0.85},"geometry":{"type":"LineString","coordinates":[[11.405644799999997,44.485082639999995],[11.405644799999997,44.480472479999996]]}},{"type":"Feature","properties":{"flags":16,"flags_hex":"0x10","b_class":5,"s1_flag":1,"city":"Milano","sector":1049347,"stroke":"#FF9800","stroke-width":2,"stroke-opacity":0.85},"geometry":{"type":"LineString","coordinates":[[9.1849578,45.448149599999994],[9.184957619999999,45.4481487]]}},{"type":"Feature","properties":{"flags":16,"flags_hex":"0x10","b_class":5,"s1_flag":1,"city":"Milano","sector":1049347,"stroke":"#FF9800","stroke-width":2,"stroke-opacity":0.85},"geometry":{"type":"LineString","coordinates":[[9.129383519999998,45.523354139999995],[9.131873459999994,45.520404299999996]]}},{"type":"Feature","properties":{"flags":16,"flags_hex":"0x10","b_class":5,"s1_flag":1,"city":"Milano","sector":1049347,"stroke":"#FF9800","stroke-width":2,"stroke-opacity":0.85},"geometry":{"type":"LineString","coordinates":[[9.252156839999998,45.417180959999996],[9.246891839999996,45.41718888]]}},{"type":"Feature","properties":{"flags":16,"flags_hex":"0x10","b_class":5,"s1_flag":1,"city":"Milano","sector":1049347,"stroke":"#FF9800","stroke-width":2,"stroke-opacity":0.85},"geometry":{"type":"LineString","coordinates":[[9.282477119999996,45.461422799999994],[9.282274799999996,45.461420999999994]]}},{"type":"Feature","properties":{"flags":16,"flags_hex":"0x10","b_class":5,"s1_flag":1,"city":"Milano","sector":1049347,"stroke":"#FF9800","stroke-width":2,"stroke-opacity":0.85},"geometry":{"type":"LineString","coordinates":[[9.17610414,45.41716656],[9.174636959999994,45.420906959999996]]}},{"type":"Feature","properties":{"flags":16,"flags_hex":"0x10","b_class":5,"s1_flag":1,"city":"Milano","sector":1049347,"stroke":"#FF9800","stroke-width":2,"stroke-opacity":0.85},"geometry":{"type":"LineString","coordinates":[[9.11417856,45.505653839999994],[9.11417496,45.50125248]]}},{"type":"Feature","properties":{"flags":0,"flags_hex":"0x00","b_class":5,"s1_flag":0,"city":"Milano","sector":1049347,"stroke":"#2196F3","stroke-width":2,"stroke-opacity":0.85},"geometry":{"type":"LineString","coordinates":[[9.246893279999995,45.45257598],[9.24255204,45.446776379999996]]}},{"type":"Feature","properties":{"flags":1,"flags_hex":"0x01","b_class":5,"s1_flag":0,"city":"Milano","sector":1049347,"stroke":"#F44336","stroke-width":2,"stroke-opacity":0.85},"geometry":{"type":"LineString","coordinates":[[9.246891839999996,45.52335648],[9.249858779999997,45.517646879999994]]}},{"type":"Feature","properties":{"flags":1,"flags_hex":"0x01","b_class":5,"s1_flag":0,"city":"Milano","sector":1049347,"stroke":"#F44336","stroke-width":2,"stroke-opacity":0.85},"geometry":{"type":"LineString","coordinates":[[9.20265216,45.491606999999995],[9.202647839999997,45.49238802]]}},{"type":"Feature","properties":{"flags":1,"flags_hex":"0x01","b_class":5,"s1_flag":0,"city":"Milano","sector":1049347,"stroke":"#F44336","stroke-width":2,"stroke-opacity":0.85},"geometry":{"type":"LineString","coordinates":[[9.168369719999994,45.52335684],[9.167263079999998,45.523357919999995]]}},{"type":"Feature","properties":{"flags":16,"flags_hex":"0x10","b_class":5,"s1_flag":1,"city":"Milano","sector":1049347,"stroke":"#FF9800","stroke-width":2,"stroke-opacity":0.85},"geometry":{"type":"LineString","coordinates":[[9.167262719999997,45.487963979999996],[9.16146492,45.48796434]]}},{"type":"Feature","properties":{"flags":16,"flags_hex":"0x10","b_class":5,"s1_flag":1,"city":"Milano","sector":1049347,"stroke":"#FF9800","stroke-width":2,"stroke-opacity":0.85},"geometry":{"type":"LineString","coordinates":[[9.161377799999997,45.46659347999999],[9.167263079999998,45.46584846]]}},{"type":"Feature","properties":{"flags":16,"flags_hex":"0x10","b_class":5,"s1_flag":1,"city":"Milano","sector":1049347,"stroke":"#FF9800","stroke-width":2,"stroke-opacity":0.85},"geometry":{"type":"LineString","coordinates":[[9.14371602,45.492388559999995],[9.149579879999997,45.49238802]]}},{"type":"Feature","properties":{"flags":16,"flags_hex":"0x10","b_class":5,"s1_flag":1,"city":"Milano","sector":1049347,"stroke":"#FF9800","stroke-width":2,"stroke-opacity":0.85},"geometry":{"type":"LineString","coordinates":[[9.246888779999999,45.470257739999994],[9.246859619999995,45.47580246]]}},{"type":"Feature","properties":{"flags":16,"flags_hex":"0x10","b_class":5,"s1_flag":1,"city":"Milano","sector":1049347,"stroke":"#FF9800","stroke-width":2,"stroke-opacity":0.85},"geometry":{"type":"LineString","coordinates":[[9.221369279999998,45.45257831999999],[9.2203485,45.452575079999995]]}},{"type":"Feature","properties":{"flags":16,"flags_hex":"0x10","b_class":5,"s1_flag":1,"city":"Milano","sector":1049347,"stroke":"#FF9800","stroke-width":2,"stroke-opacity":0.85},"geometry":{"type":"LineString","coordinates":[[9.096486719999994,45.452572739999994],[9.096484199999999,45.45257796]]}},{"type":"Feature","properties":{"flags":16,"flags_hex":"0x10","b_class":5,"s1_flag":1,"city":"Milano","sector":1049347,"stroke":"#FF9800","stroke-width":2,"stroke-opacity":0.85},"geometry":{"type":"LineString","coordinates":[[9.246903539999998,45.45257598],[9.249294119999995,45.45257976]]}},{"type":"Feature","properties":{"flags":16,"flags_hex":"0x10","b_class":5,"s1_flag":1,"city":"Milano","sector":1049347,"stroke":"#FF9800","stroke-width":2,"stroke-opacity":0.85},"geometry":{"type":"LineString","coordinates":[[9.28246704,45.434880719999995],[9.282281999999995,45.43518528]]}},{"type":"Feature","properties":{"flags":16,"flags_hex":"0x10","b_class":5,"s1_flag":0,"city":"Milano","sector":1049347,"stroke":"#FF9800","stroke-width":2,"stroke-opacity":0.85},"geometry":{"type":"LineString","coordinates":[[9.22034472,45.47469132],[9.220343999999997,45.4746969]]}},{"type":"Feature","properties":{"flags":16,"flags_hex":"0x10","b_class":5,"s1_flag":1,"city":"Milano","sector":1049347,"stroke":"#FF9800","stroke-width":2,"stroke-opacity":0.85},"geometry":{"type":"LineString","coordinates":[[9.202628939999997,45.46575864],[9.20264856,45.467112959999994]]}},{"type":"Feature","properties":{"flags":16,"flags_hex":"0x10","b_class":5,"s1_flag":1,"city":"Milano","sector":1049347,"stroke":"#FF9800","stroke-width":2,"stroke-opacity":0.85},"geometry":{"type":"LineString","coordinates":[[9.184956899999996,45.46584468],[9.185372339999994,45.468750959999994]]}},{"type":"Feature","properties":{"flags":16,"flags_hex":"0x10","b_class":5,"s1_flag":1,"city":"Milano","sector":1049347,"stroke":"#FF9800","stroke-width":2,"stroke-opacity":0.85},"geometry":{"type":"LineString","coordinates":[[9.167262899999997,45.46584575999999],[9.167257139999997,45.46057644]]}},{"type":"Feature","properties":{"flags":16,"flags_hex":"0x10","b_class":5,"s1_flag":1,"city":"Milano","sector":1049347,"stroke":"#FF9800","stroke-width":2,"stroke-opacity":0.85},"geometry":{"type":"LineString","coordinates":[[9.149568179999996,45.471843539999995],[9.149562959999997,45.470270879999994]]}},{"type":"Feature","properties":{"flags":16,"flags_hex":"0x10","b_class":5,"s1_flag":1,"city":"Milano","sector":1049347,"stroke":"#FF9800","stroke-width":2,"stroke-opacity":0.85},"geometry":{"type":"LineString","coordinates":[[9.202656659999995,45.474688439999994],[9.208000679999998,45.47469168]]}},{"type":"Feature","properties":{"flags":16,"flags_hex":"0x10","b_class":5,"s1_flag":1,"city":"Milano","sector":1049347,"stroke":"#FF9800","stroke-width":2,"stroke-opacity":0.85},"geometry":{"type":"LineString","coordinates":[[9.149568359999996,45.492390719999996],[9.149569979999995,45.49238982]]}},{"type":"Feature","properties":{"flags":16,"flags_hex":"0x10","b_class":5,"s1_flag":0,"city":"Milano","sector":1049347,"stroke":"#FF9800","stroke-width":2,"stroke-opacity":0.85},"geometry":{"type":"LineString","coordinates":[[9.167259119999997,45.43488],[9.168829439999996,45.43870446]]}},{"type":"Feature","properties":{"flags":16,"flags_hex":"0x10","b_class":5,"s1_flag":1,"city":"Milano","sector":1049347,"stroke":"#FF9800","stroke-width":2,"stroke-opacity":0.85},"geometry":{"type":"LineString","coordinates":[[9.11417874,45.50566248],[9.10995234,45.5056587]]}},{"type":"Feature","properties":{"flags":16,"flags_hex":"0x10","b_class":5,"s1_flag":1,"city":"Milano","sector":1049347,"stroke":"#FF9800","stroke-width":2,"stroke-opacity":0.85},"geometry":{"type":"LineString","coordinates":[[9.167257679999999,45.461837159999995],[9.1672638,45.46584288]]}},{"type":"Feature","properties":{"flags":16,"flags_hex":"0x10","b_class":5,"s1_flag":1,"city":"Milano","sector":1049347,"stroke":"#FF9800","stroke-width":2,"stroke-opacity":0.85},"geometry":{"type":"LineString","coordinates":[[9.184960679999996,45.37737936],[9.184954559999994,45.381790259999995]]}},{"type":"Feature","properties":{"flags":16,"flags_hex":"0x10","b_class":5,"s1_flag":1,"city":"Milano","sector":1049347,"stroke":"#FF9800","stroke-width":2,"stroke-opacity":0.85},"geometry":{"type":"LineString","coordinates":[[9.149570879999999,45.470271059999995],[9.149571599999994,45.470270879999994]]}},{"type":"Feature","properties":{"flags":16,"flags_hex":"0x10","b_class":5,"s1_flag":1,"city":"Milano","sector":1049347,"stroke":"#FF9800","stroke-width":2,"stroke-opacity":0.85},"geometry":{"type":"LineString","coordinates":[[9.220343819999997,45.45257453999999],[9.22033518,45.45253116]]}},{"type":"Feature","properties":{"flags":16,"flags_hex":"0x10","b_class":5,"s1_flag":1,"city":"Milano","sector":1049347,"stroke":"#FF9800","stroke-width":2,"stroke-opacity":0.85},"geometry":{"type":"LineString","coordinates":[[9.220349759999998,45.46584864],[9.224045339999996,45.46589796]]}},{"type":"Feature","properties":{"flags":16,"flags_hex":"0x10","b_class":5,"s1_flag":1,"city":"Milano","sector":1049347,"stroke":"#FF9800","stroke-width":2,"stroke-opacity":0.85},"geometry":{"type":"LineString","coordinates":[[9.220349759999998,45.46584864],[9.224045339999996,45.46589796]]}},{"type":"Feature","properties":{"flags":16,"flags_hex":"0x10","b_class":5,"s1_flag":1,"city":"Milano","sector":1049347,"stroke":"#FF9800","stroke-width":2,"stroke-opacity":0.85},"geometry":{"type":"LineString","coordinates":[[9.220718759999997,45.487963799999996],[9.220346159999998,45.483062579999995]]}},{"type":"Feature","properties":{"flags":16,"flags_hex":"0x10","b_class":5,"s1_flag":1,"city":"Milano","sector":1049347,"stroke":"#FF9800","stroke-width":2,"stroke-opacity":0.85},"geometry":{"type":"LineString","coordinates":[[9.1849578,45.381799799999996],[9.184951859999998,45.3817962]]}},{"type":"Feature","properties":{"flags":16,"flags_hex":"0x10","b_class":5,"s1_flag":1,"city":"Milano","sector":1049347,"stroke":"#FF9800","stroke-width":2,"stroke-opacity":0.85},"geometry":{"type":"LineString","coordinates":[[9.069944819999996,45.43488378],[9.06748476,45.434880719999995]]}},{"type":"Feature","properties":{"flags":16,"flags_hex":"0x10","b_class":5,"s1_flag":1,"city":"Milano","sector":1049347,"stroke":"#FF9800","stroke-width":2,"stroke-opacity":0.85},"geometry":{"type":"LineString","coordinates":[[9.184957259999997,45.50564718],[9.184926659999995,45.505659959999996]]}},{"type":"Feature","properties":{"flags":16,"flags_hex":"0x10","b_class":5,"s1_flag":1,"city":"Milano","sector":1049347,"stroke":"#FF9800","stroke-width":2,"stroke-opacity":0.85},"geometry":{"type":"LineString","coordinates":[[9.282278399999996,45.462811859999995],[9.282280559999997,45.461422799999994]]}},{"type":"Feature","properties":{"flags":16,"flags_hex":"0x10","b_class":5,"s1_flag":1,"city":"Milano","sector":1049347,"stroke":"#FF9800","stroke-width":2,"stroke-opacity":0.85},"geometry":{"type":"LineString","coordinates":[[9.17610414,45.4171725],[9.173532479999999,45.41351057999999]]}},{"type":"Feature","properties":{"flags":16,"flags_hex":"0x10","b_class":5,"s1_flag":1,"city":"Milano","sector":1049347,"stroke":"#FF9800","stroke-width":2,"stroke-opacity":0.85},"geometry":{"type":"LineString","coordinates":[[9.1672656,45.434875139999995],[9.165812639999999,45.434880719999995]]}},{"type":"Feature","properties":{"flags":16,"flags_hex":"0x10","b_class":5,"s1_flag":1,"city":"Milano","sector":1049347,"stroke":"#FF9800","stroke-width":2,"stroke-opacity":0.85},"geometry":{"type":"LineString","coordinates":[[9.282278399999996,45.50670648],[9.27714228,45.505661759999995]]}},{"type":"Feature","properties":{"flags":16,"flags_hex":"0x10","b_class":5,"s1_flag":1,"city":"Milano","sector":1049347,"stroke":"#FF9800","stroke-width":2,"stroke-opacity":0.85},"geometry":{"type":"LineString","coordinates":[[9.184956539999995,45.448155899999996],[9.18275028,45.448948079999994]]}},{"type":"Feature","properties":{"flags":16,"flags_hex":"0x10","b_class":5,"s1_flag":1,"city":"Milano","sector":1049347,"stroke":"#FF9800","stroke-width":2,"stroke-opacity":0.85},"geometry":{"type":"LineString","coordinates":[[9.202628939999997,45.46576494],[9.201922799999998,45.46584342]]}},{"type":"Feature","properties":{"flags":16,"flags_hex":"0x10","b_class":5,"s1_flag":1,"city":"Milano","sector":1049347,"stroke":"#FF9800","stroke-width":2,"stroke-opacity":0.85},"geometry":{"type":"LineString","coordinates":[[9.255863759999997,45.4882176],[9.25574082,45.487967039999994]]}},{"type":"Feature","properties":{"flags":16,"flags_hex":"0x10","b_class":5,"s1_flag":1,"city":"Milano","sector":1049347,"stroke":"#FF9800","stroke-width":2,"stroke-opacity":0.85},"geometry":{"type":"LineString","coordinates":[[9.140724599999999,45.4348818],[9.140725139999994,45.434899439999995]]}},{"type":"Feature","properties":{"flags":16,"flags_hex":"0x10","b_class":5,"s1_flag":1,"city":"Milano","sector":1049347,"stroke":"#FF9800","stroke-width":2,"stroke-opacity":0.85},"geometry":{"type":"LineString","coordinates":[[9.2822757,45.438595559999996],[9.282278039999994,45.43487946]]}},{"type":"Feature","properties":{"flags":16,"flags_hex":"0x10","b_class":5,"s1_flag":1,"city":"Milano","sector":1049347,"stroke":"#FF9800","stroke-width":2,"stroke-opacity":0.85},"geometry":{"type":"LineString","coordinates":[[9.131873639999995,45.48796632],[9.131873459999994,45.4879647]]}},{"type":"Feature","properties":{"flags":16,"flags_hex":"0x10","b_class":5,"s1_flag":1,"city":"Milano","sector":1049347,"stroke":"#FF9800","stroke-width":2,"stroke-opacity":0.85},"geometry":{"type":"LineString","coordinates":[[9.208888259999995,45.434880719999995],[9.21150024,45.434884319999995]]}},{"type":"Feature","properties":{"flags":16,"flags_hex":"0x10","b_class":5,"s1_flag":1,"city":"Milano","sector":1049347,"stroke":"#FF9800","stroke-width":2,"stroke-opacity":0.85},"geometry":{"type":"LineString","coordinates":[[9.131868059999995,45.52334982],[9.131872379999997,45.523350719999996]]}},{"type":"Feature","properties":{"flags":16,"flags_hex":"0x10","b_class":5,"s1_flag":1,"city":"Milano","sector":1049347,"stroke":"#FF9800","stroke-width":2,"stroke-opacity":0.85},"geometry":{"type":"LineString","coordinates":[[9.223940939999999,45.45248238],[9.220163459999995,45.45257742]]}},{"type":"Feature","properties":{"flags":16,"flags_hex":"0x10","b_class":5,"s1_flag":1,"city":"Milano","sector":1049347,"stroke":"#FF9800","stroke-width":2,"stroke-opacity":0.85},"geometry":{"type":"LineString","coordinates":[[9.114176399999998,45.452576879999995],[9.113920799999995,45.452574899999995]]}},{"type":"Feature","properties":{"flags":16,"flags_hex":"0x10","b_class":5,"s1_flag":1,"city":"Milano","sector":1049347,"stroke":"#FF9800","stroke-width":2,"stroke-opacity":0.85},"geometry":{"type":"LineString","coordinates":[[9.24688518,45.5233527],[9.246886619999998,45.52334999999999]]}},{"type":"Feature","properties":{"flags":16,"flags_hex":"0x10","b_class":5,"s1_flag":1,"city":"Milano","sector":1049347,"stroke":"#FF9800","stroke-width":2,"stroke-opacity":0.85},"geometry":{"type":"LineString","coordinates":[[9.105325799999996,45.470269079999994],[9.10533048,45.470265659999995]]}},{"type":"Feature","properties":{"flags":17,"flags_hex":"0x11","b_class":5,"s1_flag":1,"city":"Milano","sector":1049347,"stroke":"#9C27B0","stroke-width":2,"stroke-opacity":0.85},"geometry":{"type":"LineString","coordinates":[[9.114184139999999,45.502709579999994],[9.111229259999995,45.50575608]]}},{"type":"Feature","properties":{"flags":16,"flags_hex":"0x10","b_class":5,"s1_flag":1,"city":"Milano","sector":1049347,"stroke":"#FF9800","stroke-width":2,"stroke-opacity":0.85},"geometry":{"type":"LineString","coordinates":[[9.202628939999997,45.46579986],[9.202655759999999,45.4599747]]}},{"type":"Feature","properties":{"flags":16,"flags_hex":"0x10","b_class":5,"s1_flag":1,"city":"Milano","sector":1049347,"stroke":"#FF9800","stroke-width":2,"stroke-opacity":0.85},"geometry":{"type":"LineString","coordinates":[[9.249946979999997,45.50565924],[9.255741899999997,45.506422439999994]]}},{"type":"Feature","properties":{"flags":16,"flags_hex":"0x10","b_class":5,"s1_flag":1,"city":"Milano","sector":1049347,"stroke":"#FF9800","stroke-width":2,"stroke-opacity":0.85},"geometry":{"type":"LineString","coordinates":[[9.1849578,45.434880359999994],[9.179581379999995,45.434880719999995]]}},{"type":"Feature","properties":{"flags":16,"flags_hex":"0x10","b_class":5,"s1_flag":1,"city":"Milano","sector":1049347,"stroke":"#FF9800","stroke-width":2,"stroke-opacity":0.85},"geometry":{"type":"LineString","coordinates":[[9.184954379999994,45.456986879999995],[9.185059859999996,45.456998399999996]]}},{"type":"Feature","properties":{"flags":16,"flags_hex":"0x10","b_class":5,"s1_flag":1,"city":"Milano","sector":1049347,"stroke":"#FF9800","stroke-width":2,"stroke-opacity":0.85},"geometry":{"type":"LineString","coordinates":[[9.238045919999998,45.4879611],[9.238038539999998,45.48795282]]}},{"type":"Feature","properties":{"flags":16,"flags_hex":"0x10","b_class":5,"s1_flag":1,"city":"Milano","sector":1049347,"stroke":"#FF9800","stroke-width":2,"stroke-opacity":0.85},"geometry":{"type":"LineString","coordinates":[[9.17610414,45.41716278],[9.17113776,45.41718528]]}},{"type":"Feature","properties":{"flags":16,"flags_hex":"0x10","b_class":5,"s1_flag":1,"city":"Milano","sector":1049347,"stroke":"#FF9800","stroke-width":2,"stroke-opacity":0.85},"geometry":{"type":"LineString","coordinates":[[9.202649999999998,45.47469744],[9.199732559999994,45.46966896]]}},{"type":"Feature","properties":{"flags":16,"flags_hex":"0x10","b_class":5,"s1_flag":1,"city":"Milano","sector":1049347,"stroke":"#FF9800","stroke-width":2,"stroke-opacity":0.85},"geometry":{"type":"LineString","coordinates":[[9.176107019999996,45.399482279999994],[9.176115119999999,45.39949056]]}},{"type":"Feature","properties":{"flags":16,"flags_hex":"0x10","b_class":5,"s1_flag":1,"city":"Milano","sector":1049347,"stroke":"#FF9800","stroke-width":2,"stroke-opacity":0.85},"geometry":{"type":"LineString","coordinates":[[9.073668479999995,45.452569139999994],[9.069945179999998,45.45257453999999]]}},{"type":"Feature","properties":{"flags":16,"flags_hex":"0x10","b_class":5,"s1_flag":1,"city":"Milano","sector":1049347,"stroke":"#FF9800","stroke-width":2,"stroke-opacity":0.85},"geometry":{"type":"LineString","coordinates":[[9.167262179999994,45.505658159999996],[9.167262719999997,45.509621759999995]]}},{"type":"Feature","properties":{"flags":16,"flags_hex":"0x10","b_class":5,"s1_flag":1,"city":"Milano","sector":1049347,"stroke":"#FF9800","stroke-width":2,"stroke-opacity":0.85},"geometry":{"type":"LineString","coordinates":[[9.220347599999997,45.493194239999994],[9.221752499999994,45.48796452]]}},{"type":"Feature","properties":{"flags":16,"flags_hex":"0x10","b_class":5,"s1_flag":0,"city":"Milano","sector":1049347,"stroke":"#FF9800","stroke-width":2,"stroke-opacity":0.85},"geometry":{"type":"LineString","coordinates":[[9.208775039999999,45.41718744],[9.206341619999996,45.4149756]]}},{"type":"Feature","properties":{"flags":16,"flags_hex":"0x10","b_class":5,"s1_flag":1,"city":"Milano","sector":1049347,"stroke":"#FF9800","stroke-width":2,"stroke-opacity":0.85},"geometry":{"type":"LineString","coordinates":[[9.211527599999997,45.43491564],[9.211528139999999,45.434916179999995]]}},{"type":"Feature","properties":{"flags":16,"flags_hex":"0x10","b_class":5,"s1_flag":1,"city":"Milano","sector":1049347,"stroke":"#FF9800","stroke-width":2,"stroke-opacity":0.85},"geometry":{"type":"LineString","coordinates":[[9.149562239999995,45.47303604],[9.146278859999995,45.470263679999995]]}},{"type":"Feature","properties":{"flags":16,"flags_hex":"0x10","b_class":5,"s1_flag":1,"city":"Milano","sector":1049347,"stroke":"#FF9800","stroke-width":2,"stroke-opacity":0.85},"geometry":{"type":"LineString","coordinates":[[9.099471119999997,45.4687947],[9.103856459999996,45.46451052]]}},{"type":"Feature","properties":{"flags":16,"flags_hex":"0x10","b_class":5,"s1_flag":1,"city":"Milano","sector":1049347,"stroke":"#FF9800","stroke-width":2,"stroke-opacity":0.85},"geometry":{"type":"LineString","coordinates":[[9.282468479999999,45.50566248],[9.282273359999998,45.49977216]]}},{"type":"Feature","properties":{"flags":16,"flags_hex":"0x10","b_class":5,"s1_flag":1,"city":"Milano","sector":1049347,"stroke":"#FF9800","stroke-width":2,"stroke-opacity":0.85},"geometry":{"type":"LineString","coordinates":[[9.221219159999997,45.45257544],[9.22034112,45.452576519999994]]}},{"type":"Feature","properties":{"flags":16,"flags_hex":"0x10","b_class":5,"s1_flag":1,"city":"Milano","sector":1049347,"stroke":"#FF9800","stroke-width":2,"stroke-opacity":0.85},"geometry":{"type":"LineString","coordinates":[[9.140715239999999,45.39968388],[9.140720279999996,45.399489839999994]]}},{"type":"Feature","properties":{"flags":16,"flags_hex":"0x10","b_class":5,"s1_flag":1,"city":"Milano","sector":1049347,"stroke":"#FF9800","stroke-width":2,"stroke-opacity":0.85},"geometry":{"type":"LineString","coordinates":[[9.202654679999995,45.50565492],[9.20855022,45.51155694]]}},{"type":"Feature","properties":{"flags":16,"flags_hex":"0x10","b_class":5,"s1_flag":1,"city":"Milano","sector":1049347,"stroke":"#FF9800","stroke-width":2,"stroke-opacity":0.85},"geometry":{"type":"LineString","coordinates":[[9.238035839999995,45.493124939999994],[9.237304139999999,45.485131499999994]]}},{"type":"Feature","properties":{"flags":16,"flags_hex":"0x10","b_class":5,"s1_flag":0,"city":"Milano","sector":1049347,"stroke":"#FF9800","stroke-width":2,"stroke-opacity":0.85},"geometry":{"type":"LineString","coordinates":[[9.167264699999997,45.46584486],[9.16725984,45.466491059999996]]}},{"type":"Feature","properties":{"flags":16,"flags_hex":"0x10","b_class":5,"s1_flag":0,"city":"Milano","sector":1049347,"stroke":"#FF9800","stroke-width":2,"stroke-opacity":0.85},"geometry":{"type":"LineString","coordinates":[[9.238036379999997,45.48318696],[9.23804268,45.48795894]]}},{"type":"Feature","properties":{"flags":16,"flags_hex":"0x10","b_class":5,"s1_flag":1,"city":"Milano","sector":1049347,"stroke":"#FF9800","stroke-width":2,"stroke-opacity":0.85},"geometry":{"type":"LineString","coordinates":[[9.069943379999998,45.49352904],[9.069942479999995,45.4879584]]}},{"type":"Feature","properties":{"flags":16,"flags_hex":"0x10","b_class":5,"s1_flag":1,"city":"Milano","sector":1049347,"stroke":"#FF9800","stroke-width":2,"stroke-opacity":0.85},"geometry":{"type":"LineString","coordinates":[[9.14371602,45.492388559999995],[9.149579879999997,45.49238802]]}},{"type":"Feature","properties":{"flags":16,"flags_hex":"0x10","b_class":5,"s1_flag":1,"city":"Milano","sector":1049347,"stroke":"#FF9800","stroke-width":2,"stroke-opacity":0.85},"geometry":{"type":"LineString","coordinates":[[9.28246704,45.434880719999995],[9.282281999999995,45.43518528]]}},{"type":"Feature","properties":{"flags":16,"flags_hex":"0x10","b_class":5,"s1_flag":1,"city":"Milano","sector":1049347,"stroke":"#FF9800","stroke-width":2,"stroke-opacity":0.85},"geometry":{"type":"LineString","coordinates":[[9.16431342,45.462896459999996],[9.167548739999994,45.46584575999999]]}},{"type":"Feature","properties":{"flags":16,"flags_hex":"0x10","b_class":5,"s1_flag":1,"city":"Milano","sector":1049347,"stroke":"#FF9800","stroke-width":2,"stroke-opacity":0.85},"geometry":{"type":"LineString","coordinates":[[9.15288666,45.523351979999994],[9.149567819999994,45.5233419]]}},{"type":"Feature","properties":{"flags":16,"flags_hex":"0x10","b_class":5,"s1_flag":1,"city":"Milano","sector":1049347,"stroke":"#FF9800","stroke-width":2,"stroke-opacity":0.85},"geometry":{"type":"LineString","coordinates":[[9.226244939999994,45.51155694],[9.220343099999994,45.5056551]]}},{"type":"Feature","properties":{"flags":16,"flags_hex":"0x10","b_class":5,"s1_flag":1,"city":"Milano","sector":1049347,"stroke":"#FF9800","stroke-width":2,"stroke-opacity":0.85},"geometry":{"type":"LineString","coordinates":[[9.11417856,45.50944464],[9.114182159999999,45.505663919999996]]}},{"type":"Feature","properties":{"flags":16,"flags_hex":"0x10","b_class":5,"s1_flag":1,"city":"Milano","sector":1049347,"stroke":"#FF9800","stroke-width":2,"stroke-opacity":0.85},"geometry":{"type":"LineString","coordinates":[[9.196788479999995,45.47469528],[9.202649459999996,45.468796139999995]]}},{"type":"Feature","properties":{"flags":16,"flags_hex":"0x10","b_class":5,"s1_flag":1,"city":"Milano","sector":1049347,"stroke":"#FF9800","stroke-width":2,"stroke-opacity":0.85},"geometry":{"type":"LineString","coordinates":[[9.246887339999994,45.52334999999999],[9.247304039999996,45.523357559999994]]}},{"type":"Feature","properties":{"flags":16,"flags_hex":"0x10","b_class":5,"s1_flag":1,"city":"Milano","sector":1049347,"stroke":"#FF9800","stroke-width":2,"stroke-opacity":0.85},"geometry":{"type":"LineString","coordinates":[[9.246889499999995,45.417188159999995],[9.241086839999994,45.417189779999994]]}},{"type":"Feature","properties":{"flags":16,"flags_hex":"0x10","b_class":5,"s1_flag":1,"city":"Milano","sector":1049347,"stroke":"#FF9800","stroke-width":2,"stroke-opacity":0.85},"geometry":{"type":"LineString","coordinates":[[9.184951679999998,45.44834976],[9.1849596,45.448150319999996]]}},{"type":"Feature","properties":{"flags":16,"flags_hex":"0x10","b_class":5,"s1_flag":1,"city":"Milano","sector":1049347,"stroke":"#FF9800","stroke-width":2,"stroke-opacity":0.85},"geometry":{"type":"LineString","coordinates":[[9.149568359999996,45.470274839999995],[9.149568179999996,45.47027214]]}},{"type":"Feature","properties":{"flags":16,"flags_hex":"0x10","b_class":5,"s1_flag":1,"city":"Milano","sector":1049347,"stroke":"#FF9800","stroke-width":2,"stroke-opacity":0.85},"geometry":{"type":"LineString","coordinates":[[9.202590059999999,45.465844319999995],[9.202652879999995,45.465840359999994]]}},{"type":"Feature","properties":{"flags":16,"flags_hex":"0x10","b_class":5,"s1_flag":1,"city":"Milano","sector":1049347,"stroke":"#FF9800","stroke-width":2,"stroke-opacity":0.85},"geometry":{"type":"LineString","coordinates":[[9.034556459999997,45.45958031999999],[9.035407679999999,45.46142261999999]]}},{"type":"Feature","properties":{"flags":16,"flags_hex":"0x10","b_class":5,"s1_flag":1,"city":"Milano","sector":1049347,"stroke":"#FF9800","stroke-width":2,"stroke-opacity":0.85},"geometry":{"type":"LineString","coordinates":[[9.242231279999999,45.47026476],[9.246891839999996,45.470272679999994]]}},{"type":"Feature","properties":{"flags":16,"flags_hex":"0x10","b_class":5,"s1_flag":1,"city":"Milano","sector":1049347,"stroke":"#FF9800","stroke-width":2,"stroke-opacity":0.85},"geometry":{"type":"LineString","coordinates":[[9.250949939999998,45.5056641],[9.255735779999995,45.50565743999999]]}},{"type":"Feature","properties":{"flags":16,"flags_hex":"0x10","b_class":5,"s1_flag":1,"city":"Milano","sector":1049347,"stroke":"#FF9800","stroke-width":2,"stroke-opacity":0.85},"geometry":{"type":"LineString","coordinates":[[9.202628939999997,45.465760079999995],[9.202647119999995,45.4716288]]}},{"type":"Feature","properties":{"flags":16,"flags_hex":"0x10","b_class":5,"s1_flag":1,"city":"Milano","sector":1049347,"stroke":"#FF9800","stroke-width":2,"stroke-opacity":0.85},"geometry":{"type":"LineString","coordinates":[[9.148101359999998,45.44743175999999],[9.149570519999997,45.45755423999999]]}},{"type":"Feature","properties":{"flags":17,"flags_hex":"0x11","b_class":5,"s1_flag":0,"city":"Milano","sector":1049347,"stroke":"#9C27B0","stroke-width":2,"stroke-opacity":0.85},"geometry":{"type":"LineString","coordinates":[[9.18865194,45.378941399999995],[9.184957619999999,45.3817971]]}},{"type":"Feature","properties":{"flags":16,"flags_hex":"0x10","b_class":5,"s1_flag":1,"city":"Milano","sector":1049347,"stroke":"#FF9800","stroke-width":2,"stroke-opacity":0.85},"geometry":{"type":"LineString","coordinates":[[9.166539299999997,45.46584575999999],[9.167258759999996,45.465840899999996]]}},{"type":"Feature","properties":{"flags":16,"flags_hex":"0x10","b_class":5,"s1_flag":1,"city":"Milano","sector":1049347,"stroke":"#FF9800","stroke-width":2,"stroke-opacity":0.85},"geometry":{"type":"LineString","coordinates":[[9.18505356,45.456999659999994],[9.18495618,45.45699858]]}},{"type":"Feature","properties":{"flags":16,"flags_hex":"0x10","b_class":5,"s1_flag":1,"city":"Milano","sector":1049347,"stroke":"#FF9800","stroke-width":2,"stroke-opacity":0.85},"geometry":{"type":"LineString","coordinates":[[9.184951679999998,45.465850259999996],[9.184953479999997,45.465846479999996]]}},{"type":"Feature","properties":{"flags":16,"flags_hex":"0x10","b_class":5,"s1_flag":1,"city":"Milano","sector":1049347,"stroke":"#FF9800","stroke-width":2,"stroke-opacity":0.85},"geometry":{"type":"LineString","coordinates":[[9.074621039999997,45.47027232],[9.07354626,45.47026872]]}},{"type":"Feature","properties":{"flags":16,"flags_hex":"0x10","b_class":5,"s1_flag":1,"city":"Milano","sector":1049347,"stroke":"#FF9800","stroke-width":2,"stroke-opacity":0.85},"geometry":{"type":"LineString","coordinates":[[9.246887339999994,45.52334928],[9.242055779999994,45.523353779999994]]}},{"type":"Feature","properties":{"flags":16,"flags_hex":"0x10","b_class":5,"s1_flag":1,"city":"Milano","sector":1049347,"stroke":"#FF9800","stroke-width":2,"stroke-opacity":0.85},"geometry":{"type":"LineString","coordinates":[[9.150673919999996,45.52335468],[9.149568359999996,45.523348559999995]]}},{"type":"Feature","properties":{"flags":16,"flags_hex":"0x10","b_class":5,"s1_flag":1,"city":"Milano","sector":1049347,"stroke":"#FF9800","stroke-width":2,"stroke-opacity":0.85},"geometry":{"type":"LineString","coordinates":[[9.034556639999998,45.46142261999999],[9.034547279999998,45.46163232]]}},{"type":"Feature","properties":{"flags":16,"flags_hex":"0x10","b_class":5,"s1_flag":1,"city":"Milano","sector":1049347,"stroke":"#FF9800","stroke-width":2,"stroke-opacity":0.85},"geometry":{"type":"LineString","coordinates":[[9.105325439999994,45.48457764],[9.105332279999999,45.49386222]]}},{"type":"Feature","properties":{"flags":16,"flags_hex":"0x10","b_class":5,"s1_flag":1,"city":"Milano","sector":1049347,"stroke":"#FF9800","stroke-width":2,"stroke-opacity":0.85},"geometry":{"type":"LineString","coordinates":[[9.069942479999995,45.50566068],[9.06994194,45.50565924]]}},{"type":"Feature","properties":{"flags":16,"flags_hex":"0x10","b_class":5,"s1_flag":1,"city":"Milano","sector":1049347,"stroke":"#FF9800","stroke-width":2,"stroke-opacity":0.85},"geometry":{"type":"LineString","coordinates":[[9.220345979999998,45.46584324],[9.220344359999999,45.469622339999994]]}},{"type":"Feature","properties":{"flags":16,"flags_hex":"0x10","b_class":5,"s1_flag":1,"city":"Milano","sector":1049347,"stroke":"#FF9800","stroke-width":2,"stroke-opacity":0.85},"geometry":{"type":"LineString","coordinates":[[9.184952579999994,45.448155899999996],[9.185159399999996,45.451221479999994]]}},{"type":"Feature","properties":{"flags":16,"flags_hex":"0x10","b_class":5,"s1_flag":1,"city":"Milano","sector":1049347,"stroke":"#FF9800","stroke-width":2,"stroke-opacity":0.85},"geometry":{"type":"LineString","coordinates":[[9.109386059999999,45.50529006],[9.112736759999997,45.50602806]]}},{"type":"Feature","properties":{"flags":16,"flags_hex":"0x10","b_class":5,"s1_flag":1,"city":"Milano","sector":1049347,"stroke":"#FF9800","stroke-width":2,"stroke-opacity":0.85},"geometry":{"type":"LineString","coordinates":[[9.06994014,45.4702644],[9.065473259999997,45.47027412]]}},{"type":"Feature","properties":{"flags":16,"flags_hex":"0x10","b_class":5,"s1_flag":0,"city":"Milano","sector":1049347,"stroke":"#FF9800","stroke-width":2,"stroke-opacity":0.85},"geometry":{"type":"LineString","coordinates":[[9.167264699999997,45.46584486],[9.16725984,45.466491059999996]]}},{"type":"Feature","properties":{"flags":16,"flags_hex":"0x10","b_class":5,"s1_flag":0,"city":"Milano","sector":1049347,"stroke":"#FF9800","stroke-width":2,"stroke-opacity":0.85},"geometry":{"type":"LineString","coordinates":[[9.238036379999997,45.48318696],[9.23804268,45.48795894]]}},{"type":"Feature","properties":{"flags":16,"flags_hex":"0x10","b_class":5,"s1_flag":1,"city":"Milano","sector":1049347,"stroke":"#FF9800","stroke-width":2,"stroke-opacity":0.85},"geometry":{"type":"LineString","coordinates":[[9.149568539999997,45.52335342],[9.146618699999998,45.520404299999996]]}},{"type":"Feature","properties":{"flags":16,"flags_hex":"0x10","b_class":5,"s1_flag":1,"city":"Milano","sector":1049347,"stroke":"#FF9800","stroke-width":2,"stroke-opacity":0.85},"geometry":{"type":"LineString","coordinates":[[9.23803728,45.5056623],[9.238041599999995,45.50565348]]}},{"type":"Feature","properties":{"flags":16,"flags_hex":"0x10","b_class":5,"s1_flag":1,"city":"Milano","sector":1049347,"stroke":"#FF9800","stroke-width":2,"stroke-opacity":0.85},"geometry":{"type":"LineString","coordinates":[[9.167258579999995,45.45257724],[9.16725984,45.452576519999994]]}},{"type":"Feature","properties":{"flags":16,"flags_hex":"0x10","b_class":5,"s1_flag":1,"city":"Milano","sector":1049347,"stroke":"#FF9800","stroke-width":2,"stroke-opacity":0.85},"geometry":{"type":"LineString","coordinates":[[9.114181439999996,45.50584644],[9.114178199999998,45.505658159999996]]}},{"type":"Feature","properties":{"flags":16,"flags_hex":"0x10","b_class":5,"s1_flag":1,"city":"Milano","sector":1049347,"stroke":"#FF9800","stroke-width":2,"stroke-opacity":0.85},"geometry":{"type":"LineString","coordinates":[[9.173160779999996,45.47174381999999],[9.167262899999997,45.465846299999995]]}},{"type":"Feature","properties":{"flags":16,"flags_hex":"0x10","b_class":5,"s1_flag":1,"city":"Milano","sector":1049347,"stroke":"#FF9800","stroke-width":2,"stroke-opacity":0.85},"geometry":{"type":"LineString","coordinates":[[9.211527599999997,45.43491564],[9.211528139999999,45.434916179999995]]}},{"type":"Feature","properties":{"flags":16,"flags_hex":"0x10","b_class":5,"s1_flag":1,"city":"Milano","sector":1049347,"stroke":"#FF9800","stroke-width":2,"stroke-opacity":0.85},"geometry":{"type":"LineString","coordinates":[[9.282275159999998,45.43655184],[9.282276239999995,45.4356702]]}},{"type":"Feature","properties":{"flags":16,"flags_hex":"0x10","b_class":5,"s1_flag":1,"city":"Milano","sector":1049347,"stroke":"#FF9800","stroke-width":2,"stroke-opacity":0.85},"geometry":{"type":"LineString","coordinates":[[9.232700639999997,45.48796236],[9.238040519999998,45.48796127999999]]}},{"type":"Feature","properties":{"flags":16,"flags_hex":"0x10","b_class":5,"s1_flag":1,"city":"Milano","sector":1049347,"stroke":"#FF9800","stroke-width":2,"stroke-opacity":0.85},"geometry":{"type":"LineString","coordinates":[[9.238041779999996,45.48796416],[9.238336079999996,45.48796632]]}},{"type":"Feature","properties":{"flags":16,"flags_hex":"0x10","b_class":5,"s1_flag":1,"city":"Milano","sector":1049347,"stroke":"#FF9800","stroke-width":2,"stroke-opacity":0.85},"geometry":{"type":"LineString","coordinates":[[9.167290979999997,45.47469744],[9.168754559999996,45.47346912]]}},{"type":"Feature","properties":{"flags":16,"flags_hex":"0x10","b_class":5,"s1_flag":1,"city":"Milano","sector":1049347,"stroke":"#FF9800","stroke-width":2,"stroke-opacity":0.85},"geometry":{"type":"LineString","coordinates":[[9.1849578,45.434880359999994],[9.179581379999995,45.434880719999995]]}},{"type":"Feature","properties":{"flags":16,"flags_hex":"0x10","b_class":5,"s1_flag":1,"city":"Milano","sector":1049347,"stroke":"#FF9800","stroke-width":2,"stroke-opacity":0.85},"geometry":{"type":"LineString","coordinates":[[9.205613159999999,45.46410624],[9.20265414,45.46118016]]}},{"type":"Feature","properties":{"flags":16,"flags_hex":"0x10","b_class":5,"s1_flag":1,"city":"Milano","sector":1049347,"stroke":"#FF9800","stroke-width":2,"stroke-opacity":0.85},"geometry":{"type":"LineString","coordinates":[[9.246891839999996,45.4702698],[9.250390859999996,45.47008494]]}},{"type":"Feature","properties":{"flags":16,"flags_hex":"0x10","b_class":5,"s1_flag":1,"city":"Milano","sector":1049347,"stroke":"#FF9800","stroke-width":2,"stroke-opacity":0.85},"geometry":{"type":"LineString","coordinates":[[9.233045879999999,45.48796812],[9.243939659999995,45.49386222]]}},{"type":"Feature","properties":{"flags":16,"flags_hex":"0x10","b_class":5,"s1_flag":1,"city":"Milano","sector":1049347,"stroke":"#FF9800","stroke-width":2,"stroke-opacity":0.85},"geometry":{"type":"LineString","coordinates":[[9.198611699999994,45.49238784],[9.202656839999996,45.492384959999995]]}},{"type":"Feature","properties":{"flags":16,"flags_hex":"0x10","b_class":5,"s1_flag":1,"city":"Milano","sector":1049347,"stroke":"#FF9800","stroke-width":2,"stroke-opacity":0.85},"geometry":{"type":"LineString","coordinates":[[9.167358119999996,45.465846479999996],[9.167265779999994,45.46584558]]}},{"type":"Feature","properties":{"flags":16,"flags_hex":"0x10","b_class":5,"s1_flag":1,"city":"Milano","sector":1049347,"stroke":"#FF9800","stroke-width":2,"stroke-opacity":0.85},"geometry":{"type":"LineString","coordinates":[[9.184960679999996,45.44815122],[9.188921039999997,45.449649539999996]]}},{"type":"Feature","properties":{"flags":16,"flags_hex":"0x10","b_class":5,"s1_flag":1,"city":"Milano","sector":1049347,"stroke":"#FF9800","stroke-width":2,"stroke-opacity":0.85},"geometry":{"type":"LineString","coordinates":[[9.184960679999996,45.44815122],[9.188921039999997,45.449649539999996]]}},{"type":"Feature","properties":{"flags":16,"flags_hex":"0x10","b_class":5,"s1_flag":1,"city":"Milano","sector":1049347,"stroke":"#FF9800","stroke-width":2,"stroke-opacity":0.85},"geometry":{"type":"LineString","coordinates":[[9.131871659999995,45.452569319999995],[9.131867879999994,45.4476114]]}},{"type":"Feature","properties":{"flags":16,"flags_hex":"0x10","b_class":5,"s1_flag":1,"city":"Milano","sector":1049347,"stroke":"#FF9800","stroke-width":2,"stroke-opacity":0.85},"geometry":{"type":"LineString","coordinates":[[9.034552499999997,45.46337094],[9.034557359999994,45.461425139999996]]}},{"type":"Feature","properties":{"flags":16,"flags_hex":"0x10","b_class":5,"s1_flag":1,"city":"Milano","sector":1049347,"stroke":"#FF9800","stroke-width":2,"stroke-opacity":0.85},"geometry":{"type":"LineString","coordinates":[[9.149570339999997,45.47027016],[9.151050299999994,45.47399076]]}},{"type":"Feature","properties":{"flags":16,"flags_hex":"0x10","b_class":5,"s1_flag":1,"city":"Milano","sector":1049347,"stroke":"#FF9800","stroke-width":2,"stroke-opacity":0.85},"geometry":{"type":"LineString","coordinates":[[9.238041419999995,45.487952459999995],[9.238015859999997,45.48796812]]}},{"type":"Feature","properties":{"flags":16,"flags_hex":"0x10","b_class":5,"s1_flag":1,"city":"Milano","sector":1049347,"stroke":"#FF9800","stroke-width":2,"stroke-opacity":0.85},"geometry":{"type":"LineString","coordinates":[[9.11417856,45.50594382],[9.117877739999997,45.5032206]]}},{"type":"Feature","properties":{"flags":16,"flags_hex":"0x10","b_class":5,"s1_flag":1,"city":"Milano","sector":1049347,"stroke":"#FF9800","stroke-width":2,"stroke-opacity":0.85},"geometry":{"type":"LineString","coordinates":[[9.167287739999999,45.465849899999995],[9.167256959999996,45.465845939999994]]}},{"type":"Feature","properties":{"flags":16,"flags_hex":"0x10","b_class":5,"s1_flag":1,"city":"Milano","sector":1049347,"stroke":"#FF9800","stroke-width":2,"stroke-opacity":0.85},"geometry":{"type":"LineString","coordinates":[[9.176110079999994,45.40034736],[9.17610432,45.399492179999996]]}},{"type":"Feature","properties":{"flags":16,"flags_hex":"0x10","b_class":5,"s1_flag":1,"city":"Milano","sector":1049347,"stroke":"#FF9800","stroke-width":2,"stroke-opacity":0.85},"geometry":{"type":"LineString","coordinates":[[9.167265059999998,45.46584522],[9.167261279999998,45.46584144]]}},{"type":"Feature","properties":{"flags":16,"flags_hex":"0x10","b_class":5,"s1_flag":1,"city":"Milano","sector":1049347,"stroke":"#FF9800","stroke-width":2,"stroke-opacity":0.85},"geometry":{"type":"LineString","coordinates":[[9.184958699999996,45.44814761999999],[9.18735684,45.444476519999995]]}},{"type":"Feature","properties":{"flags":16,"flags_hex":"0x10","b_class":5,"s1_flag":1,"city":"Milano","sector":1049347,"stroke":"#FF9800","stroke-width":2,"stroke-opacity":0.85},"geometry":{"type":"LineString","coordinates":[[9.17610414,45.41716529999999],[9.1775868,45.417186359999995]]}},{"type":"Feature","properties":{"flags":16,"flags_hex":"0x10","b_class":5,"s1_flag":1,"city":"Milano","sector":1049347,"stroke":"#FF9800","stroke-width":2,"stroke-opacity":0.85},"geometry":{"type":"LineString","coordinates":[[9.10388004,45.48796416],[9.105614519999996,45.48584142]]}},{"type":"Feature","properties":{"flags":16,"flags_hex":"0x10","b_class":5,"s1_flag":1,"city":"Milano","sector":1049347,"stroke":"#FF9800","stroke-width":2,"stroke-opacity":0.85},"geometry":{"type":"LineString","coordinates":[[9.284048339999998,45.505654559999996],[9.282279839999994,45.505661399999994]]}},{"type":"Feature","properties":{"flags":16,"flags_hex":"0x10","b_class":5,"s1_flag":1,"city":"Milano","sector":1049347,"stroke":"#FF9800","stroke-width":2,"stroke-opacity":0.85},"geometry":{"type":"LineString","coordinates":[[9.24688698,45.41718708],[9.24689076,45.41718348]]}},{"type":"Feature","properties":{"flags":16,"flags_hex":"0x10","b_class":5,"s1_flag":1,"city":"Milano","sector":1049347,"stroke":"#FF9800","stroke-width":2,"stroke-opacity":0.85},"geometry":{"type":"LineString","coordinates":[[9.069946079999994,45.473357879999995],[9.071334779999994,45.47026656]]}},{"type":"Feature","properties":{"flags":16,"flags_hex":"0x10","b_class":5,"s1_flag":1,"city":"Milano","sector":1049347,"stroke":"#FF9800","stroke-width":2,"stroke-opacity":0.85},"geometry":{"type":"LineString","coordinates":[[9.202652519999994,45.48856464],[9.20265432,45.48354156]]}},{"type":"Feature","properties":{"flags":16,"flags_hex":"0x10","b_class":5,"s1_flag":1,"city":"Milano","sector":1049347,"stroke":"#FF9800","stroke-width":2,"stroke-opacity":0.85},"geometry":{"type":"LineString","coordinates":[[9.1849542,45.448524],[9.1849596,45.44815464]]}},{"type":"Feature","properties":{"flags":16,"flags_hex":"0x10","b_class":5,"s1_flag":1,"city":"Milano","sector":1049347,"stroke":"#FF9800","stroke-width":2,"stroke-opacity":0.85},"geometry":{"type":"LineString","coordinates":[[9.1849578,45.44815139999999],[9.184957619999999,45.448151579999994]]}},{"type":"Feature","properties":{"flags":16,"flags_hex":"0x10","b_class":5,"s1_flag":1,"city":"Milano","sector":1049347,"stroke":"#FF9800","stroke-width":2,"stroke-opacity":0.85},"geometry":{"type":"LineString","coordinates":[[9.167257679999999,45.523539719999995],[9.167262359999995,45.52335288]]}},{"type":"Feature","properties":{"flags":16,"flags_hex":"0x10","b_class":5,"s1_flag":1,"city":"Milano","sector":1049347,"stroke":"#FF9800","stroke-width":2,"stroke-opacity":0.85},"geometry":{"type":"LineString","coordinates":[[9.220347239999995,45.50565924],[9.220347059999995,45.50565906]]}},{"type":"Feature","properties":{"flags":16,"flags_hex":"0x10","b_class":5,"s1_flag":1,"city":"Milano","sector":1049347,"stroke":"#FF9800","stroke-width":2,"stroke-opacity":0.85},"geometry":{"type":"LineString","coordinates":[[9.211494479999999,45.43488144],[9.211494299999998,45.43487568]]}},{"type":"Feature","properties":{"flags":16,"flags_hex":"0x10","b_class":5,"s1_flag":1,"city":"Milano","sector":1049347,"stroke":"#FF9800","stroke-width":2,"stroke-opacity":0.85},"geometry":{"type":"LineString","coordinates":[[9.146261939999995,45.448888139999994],[9.148830539999999,45.45058409999999]]}},{"type":"Feature","properties":{"flags":16,"flags_hex":"0x10","b_class":5,"s1_flag":1,"city":"Milano","sector":1049347,"stroke":"#FF9800","stroke-width":2,"stroke-opacity":0.85},"geometry":{"type":"LineString","coordinates":[[9.246888779999999,45.470257739999994],[9.246846659999996,45.47026511999999]]}},{"type":"Feature","properties":{"flags":16,"flags_hex":"0x10","b_class":5,"s1_flag":1,"city":"Milano","sector":1049347,"stroke":"#FF9800","stroke-width":2,"stroke-opacity":0.85},"geometry":{"type":"LineString","coordinates":[[9.105328139999997,45.47026638],[9.105321839999995,45.470274839999995]]}},{"type":"Feature","properties":{"flags":16,"flags_hex":"0x10","b_class":5,"s1_flag":1,"city":"Milano","sector":1049347,"stroke":"#FF9800","stroke-width":2,"stroke-opacity":0.85},"geometry":{"type":"LineString","coordinates":[[9.149572319999997,45.45257778],[9.148843139999997,45.4527198]]}},{"type":"Feature","properties":{"flags":16,"flags_hex":"0x10","b_class":5,"s1_flag":1,"city":"Milano","sector":1049347,"stroke":"#FF9800","stroke-width":2,"stroke-opacity":0.85},"geometry":{"type":"LineString","coordinates":[[9.202560719999994,45.465846479999996],[9.202651979999999,45.465840719999996]]}},{"type":"Feature","properties":{"flags":16,"flags_hex":"0x10","b_class":5,"s1_flag":1,"city":"Milano","sector":1049347,"stroke":"#FF9800","stroke-width":2,"stroke-opacity":0.85},"geometry":{"type":"LineString","coordinates":[[9.038704919999994,45.45703889999999],[9.03454944,45.46234422]]}},{"type":"Feature","properties":{"flags":16,"flags_hex":"0x10","b_class":5,"s1_flag":1,"city":"Milano","sector":1049347,"stroke":"#FF9800","stroke-width":2,"stroke-opacity":0.85},"geometry":{"type":"LineString","coordinates":[[9.202651259999996,45.474690419999995],[9.198528179999997,45.474694019999994]]}},{"type":"Feature","properties":{"flags":16,"flags_hex":"0x10","b_class":5,"s1_flag":1,"city":"Milano","sector":1049347,"stroke":"#FF9800","stroke-width":2,"stroke-opacity":0.85},"geometry":{"type":"LineString","coordinates":[[9.24688896,45.45658512],[9.246890399999998,45.4525758]]}},{"type":"Feature","properties":{"flags":16,"flags_hex":"0x10","b_class":5,"s1_flag":1,"city":"Milano","sector":1049347,"stroke":"#FF9800","stroke-width":2,"stroke-opacity":0.85},"geometry":{"type":"LineString","coordinates":[[9.282274619999995,45.502709579999994],[9.279329099999998,45.505751759999995]]}},{"type":"Feature","properties":{"flags":16,"flags_hex":"0x10","b_class":5,"s1_flag":1,"city":"Milano","sector":1049347,"stroke":"#FF9800","stroke-width":2,"stroke-opacity":0.85},"geometry":{"type":"LineString","coordinates":[[9.149568359999996,45.483540839999996],[9.155466059999995,45.489438539999995]]}},{"type":"Feature","properties":{"flags":16,"flags_hex":"0x10","b_class":5,"s1_flag":1,"city":"Milano","sector":1049347,"stroke":"#FF9800","stroke-width":2,"stroke-opacity":0.85},"geometry":{"type":"LineString","coordinates":[[9.185959319999995,45.465846119999995],[9.184963019999998,45.46584684]]}},{"type":"Feature","properties":{"flags":16,"flags_hex":"0x10","b_class":5,"s1_flag":1,"city":"Milano","sector":1049347,"stroke":"#FF9800","stroke-width":2,"stroke-opacity":0.85},"geometry":{"type":"LineString","coordinates":[[9.167260559999995,45.50565888],[9.168931319999999,45.505654199999995]]}},{"type":"Feature","properties":{"flags":16,"flags_hex":"0x10","b_class":5,"s1_flag":1,"city":"Milano","sector":1049347,"stroke":"#FF9800","stroke-width":2,"stroke-opacity":0.85},"geometry":{"type":"LineString","coordinates":[[9.211495919999997,45.390643919999995],[9.211497719999997,45.390643919999995]]}},{"type":"Feature","properties":{"flags":16,"flags_hex":"0x10","b_class":5,"s1_flag":1,"city":"Milano","sector":1049347,"stroke":"#FF9800","stroke-width":2,"stroke-opacity":0.85},"geometry":{"type":"LineString","coordinates":[[9.220347599999997,45.45360864],[9.214457099999997,45.44967887999999]]}},{"type":"Feature","properties":{"flags":16,"flags_hex":"0x10","b_class":5,"s1_flag":0,"city":"Milano","sector":1049347,"stroke":"#FF9800","stroke-width":2,"stroke-opacity":0.85},"geometry":{"type":"LineString","coordinates":[[9.11418054,45.505657979999995],[9.114176219999997,45.50540562]]}},{"type":"Feature","properties":{"flags":16,"flags_hex":"0x10","b_class":5,"s1_flag":1,"city":"Milano","sector":1049347,"stroke":"#FF9800","stroke-width":2,"stroke-opacity":0.85},"geometry":{"type":"LineString","coordinates":[[9.184951679999998,45.448894079999995],[9.184958159999994,45.44815464]]}},{"type":"Feature","properties":{"flags":16,"flags_hex":"0x10","b_class":5,"s1_flag":0,"city":"Milano","sector":1049347,"stroke":"#FF9800","stroke-width":2,"stroke-opacity":0.85},"geometry":{"type":"LineString","coordinates":[[9.131878319999998,45.487969199999995],[9.131873459999994,45.48796685999999]]}},{"type":"Feature","properties":{"flags":16,"flags_hex":"0x10","b_class":5,"s1_flag":1,"city":"Milano","sector":1049347,"stroke":"#FF9800","stroke-width":2,"stroke-opacity":0.85},"geometry":{"type":"LineString","coordinates":[[9.202651619999997,45.492386939999996],[9.202647659999997,45.492390719999996]]}},{"type":"Feature","properties":{"flags":16,"flags_hex":"0x10","b_class":5,"s1_flag":1,"city":"Milano","sector":1049347,"stroke":"#FF9800","stroke-width":2,"stroke-opacity":0.85},"geometry":{"type":"LineString","coordinates":[[9.246886619999998,45.45313956],[9.24688896,45.45257418]]}},{"type":"Feature","properties":{"flags":16,"flags_hex":"0x10","b_class":5,"s1_flag":0,"city":"Milano","sector":1049347,"stroke":"#FF9800","stroke-width":2,"stroke-opacity":0.85},"geometry":{"type":"LineString","coordinates":[[9.184953479999997,45.448341119999995],[9.184958159999994,45.44815482]]}},{"type":"Feature","properties":{"flags":16,"flags_hex":"0x10","b_class":5,"s1_flag":1,"city":"Milano","sector":1049347,"stroke":"#FF9800","stroke-width":2,"stroke-opacity":0.85},"geometry":{"type":"LineString","coordinates":[[9.24688896,45.45658512],[9.246890399999998,45.4525758]]}},{"type":"Feature","properties":{"flags":16,"flags_hex":"0x10","b_class":5,"s1_flag":1,"city":"Milano","sector":1049347,"stroke":"#FF9800","stroke-width":2,"stroke-opacity":0.85},"geometry":{"type":"LineString","coordinates":[[9.282274619999995,45.502709579999994],[9.279329099999998,45.505751759999995]]}},{"type":"Feature","properties":{"flags":16,"flags_hex":"0x10","b_class":5,"s1_flag":1,"city":"Milano","sector":1049347,"stroke":"#FF9800","stroke-width":2,"stroke-opacity":0.85},"geometry":{"type":"LineString","coordinates":[[9.149568359999996,45.483540839999996],[9.155466059999995,45.489438539999995]]}},{"type":"Feature","properties":{"flags":16,"flags_hex":"0x10","b_class":5,"s1_flag":1,"city":"Milano","sector":1049347,"stroke":"#FF9800","stroke-width":2,"stroke-opacity":0.85},"geometry":{"type":"LineString","coordinates":[[9.185959319999995,45.465846119999995],[9.184963019999998,45.46584684]]}},{"type":"Feature","properties":{"flags":16,"flags_hex":"0x10","b_class":5,"s1_flag":1,"city":"Milano","sector":1049347,"stroke":"#FF9800","stroke-width":2,"stroke-opacity":0.85},"geometry":{"type":"LineString","coordinates":[[9.246888419999998,45.47026818],[9.246888419999998,45.470268]]}},{"type":"Feature","properties":{"flags":16,"flags_hex":"0x10","b_class":5,"s1_flag":1,"city":"Milano","sector":1049347,"stroke":"#FF9800","stroke-width":2,"stroke-opacity":0.85},"geometry":{"type":"LineString","coordinates":[[9.282272639999995,45.50565474],[9.28532328,45.50565906]]}},{"type":"Feature","properties":{"flags":17,"flags_hex":"0x11","b_class":5,"s1_flag":1,"city":"Milano","sector":1049347,"stroke":"#9C27B0","stroke-width":2,"stroke-opacity":0.85},"geometry":{"type":"LineString","coordinates":[[9.184958879999996,45.442347299999994],[9.184957259999997,45.44813934]]}},{"type":"Feature","properties":{"flags":16,"flags_hex":"0x10","b_class":5,"s1_flag":1,"city":"Milano","sector":1049347,"stroke":"#FF9800","stroke-width":2,"stroke-opacity":0.85},"geometry":{"type":"LineString","coordinates":[[9.282280379999996,45.46142244],[9.282278759999997,45.461423159999995]]}},{"type":"Feature","properties":{"flags":16,"flags_hex":"0x10","b_class":5,"s1_flag":1,"city":"Milano","sector":1049347,"stroke":"#FF9800","stroke-width":2,"stroke-opacity":0.85},"geometry":{"type":"LineString","coordinates":[[9.180643919999994,45.434880359999994],[9.184963019999998,45.434882159999994]]}},{"type":"Feature","properties":{"flags":16,"flags_hex":"0x10","b_class":5,"s1_flag":1,"city":"Milano","sector":1049347,"stroke":"#FF9800","stroke-width":2,"stroke-opacity":0.85},"geometry":{"type":"LineString","coordinates":[[9.143994659999997,45.452577059999996],[9.149570339999997,45.45700325999999]]}},{"type":"Feature","properties":{"flags":16,"flags_hex":"0x10","b_class":5,"s1_flag":1,"city":"Milano","sector":1049347,"stroke":"#FF9800","stroke-width":2,"stroke-opacity":0.85},"geometry":{"type":"LineString","coordinates":[[9.190855499999998,45.4540491],[9.184958339999994,45.448151939999995]]}},{"type":"Feature","properties":{"flags":16,"flags_hex":"0x10","b_class":5,"s1_flag":1,"city":"Milano","sector":1049347,"stroke":"#FF9800","stroke-width":2,"stroke-opacity":0.85},"geometry":{"type":"LineString","coordinates":[[9.149562419999995,45.5233554],[9.149568719999998,45.52334892]]}},{"type":"Feature","properties":{"flags":16,"flags_hex":"0x10","b_class":5,"s1_flag":1,"city":"Milano","sector":1049347,"stroke":"#FF9800","stroke-width":2,"stroke-opacity":0.85},"geometry":{"type":"LineString","coordinates":[[9.224519279999996,45.45257562],[9.220348859999994,45.45257616]]}},{"type":"Feature","properties":{"flags":16,"flags_hex":"0x10","b_class":5,"s1_flag":1,"city":"Milano","sector":1049347,"stroke":"#FF9800","stroke-width":2,"stroke-opacity":0.85},"geometry":{"type":"LineString","coordinates":[[9.202560719999994,45.465846479999996],[9.202548479999997,45.4658418]]}},{"type":"Feature","properties":{"flags":16,"flags_hex":"0x10","b_class":5,"s1_flag":1,"city":"Milano","sector":1049347,"stroke":"#FF9800","stroke-width":2,"stroke-opacity":0.85},"geometry":{"type":"LineString","coordinates":[[9.242839679999996,45.470263679999995],[9.246891839999996,45.47375568]]}},{"type":"Feature","properties":{"flags":16,"flags_hex":"0x10","b_class":5,"s1_flag":1,"city":"Milano","sector":1049347,"stroke":"#FF9800","stroke-width":2,"stroke-opacity":0.85},"geometry":{"type":"LineString","coordinates":[[9.207127499999999,45.41138064],[9.211499879999998,45.41718564]]}},{"type":"Feature","properties":{"flags":16,"flags_hex":"0x10","b_class":5,"s1_flag":1,"city":"Milano","sector":1049347,"stroke":"#FF9800","stroke-width":2,"stroke-opacity":0.85},"geometry":{"type":"LineString","coordinates":[[9.255731819999994,45.51151247999999],[9.25573146,45.50565924]]}},{"type":"Feature","properties":{"flags":16,"flags_hex":"0x10","b_class":5,"s1_flag":1,"city":"Milano","sector":1049347,"stroke":"#FF9800","stroke-width":2,"stroke-opacity":0.85},"geometry":{"type":"LineString","coordinates":[[9.166802819999994,45.44879598],[9.167170379999995,45.452215259999996]]}},{"type":"Feature","properties":{"flags":16,"flags_hex":"0x10","b_class":5,"s1_flag":1,"city":"Milano","sector":1049347,"stroke":"#FF9800","stroke-width":2,"stroke-opacity":0.85},"geometry":{"type":"LineString","coordinates":[[9.214794239999996,45.43488],[9.211625519999998,45.434903039999995]]}},{"type":"Feature","properties":{"flags":16,"flags_hex":"0x10","b_class":5,"s1_flag":1,"city":"Milano","sector":1049347,"stroke":"#FF9800","stroke-width":2,"stroke-opacity":0.85},"geometry":{"type":"LineString","coordinates":[[9.20265216,45.474696359999996],[9.202655039999996,45.47469383999999]]}},{"type":"Feature","properties":{"flags":17,"flags_hex":"0x11","b_class":5,"s1_flag":1,"city":"Milano","sector":1049347,"stroke":"#9C27B0","stroke-width":2,"stroke-opacity":0.85},"geometry":{"type":"LineString","coordinates":[[9.184957439999998,45.4540491],[9.190855499999998,45.448155539999995]]}},{"type":"Feature","properties":{"flags":16,"flags_hex":"0x10","b_class":5,"s1_flag":1,"city":"Milano","sector":1049347,"stroke":"#FF9800","stroke-width":2,"stroke-opacity":0.85},"geometry":{"type":"LineString","coordinates":[[9.184953479999997,45.43747884],[9.180195359999999,45.43487424]]}},{"type":"Feature","properties":{"flags":16,"flags_hex":"0x10","b_class":5,"s1_flag":1,"city":"Milano","sector":1049347,"stroke":"#FF9800","stroke-width":2,"stroke-opacity":0.85},"geometry":{"type":"LineString","coordinates":[[9.184953839999999,45.46584738],[9.184952759999994,45.46584936]]}},{"type":"Feature","properties":{"flags":16,"flags_hex":"0x10","b_class":5,"s1_flag":1,"city":"Milano","sector":1049347,"stroke":"#FF9800","stroke-width":2,"stroke-opacity":0.85},"geometry":{"type":"LineString","coordinates":[[9.167258939999996,45.46368107999999],[9.171142259999996,45.46584575999999]]}},{"type":"Feature","properties":{"flags":16,"flags_hex":"0x10","b_class":5,"s1_flag":1,"city":"Milano","sector":1049347,"stroke":"#FF9800","stroke-width":2,"stroke-opacity":0.85},"geometry":{"type":"LineString","coordinates":[[9.24689256,45.52335504],[9.246888599999998,45.523354319999996]]}},{"type":"Feature","properties":{"flags":16,"flags_hex":"0x10","b_class":5,"s1_flag":1,"city":"Milano","sector":1049347,"stroke":"#FF9800","stroke-width":2,"stroke-opacity":0.85},"geometry":{"type":"LineString","coordinates":[[9.114371519999999,45.505653839999994],[9.112088399999998,45.50565888]]}},{"type":"Feature","properties":{"flags":16,"flags_hex":"0x10","b_class":5,"s1_flag":0,"city":"Milano","sector":1049347,"stroke":"#FF9800","stroke-width":2,"stroke-opacity":0.85},"geometry":{"type":"LineString","coordinates":[[9.143769479999996,45.411336],[9.140724239999997,45.417185999999994]]}},{"type":"Feature","properties":{"flags":16,"flags_hex":"0x10","b_class":5,"s1_flag":1,"city":"Milano","sector":1049347,"stroke":"#FF9800","stroke-width":2,"stroke-opacity":0.85},"geometry":{"type":"LineString","coordinates":[[9.21004962,45.43488],[9.213448199999995,45.43487784]]}},{"type":"Feature","properties":{"flags":16,"flags_hex":"0x10","b_class":5,"s1_flag":1,"city":"Milano","sector":1049347,"stroke":"#FF9800","stroke-width":2,"stroke-opacity":0.85},"geometry":{"type":"LineString","coordinates":[[9.238041599999995,45.4879584],[9.234617999999998,45.48796452]]}},{"type":"Feature","properties":{"flags":16,"flags_hex":"0x10","b_class":5,"s1_flag":1,"city":"Milano","sector":1049347,"stroke":"#FF9800","stroke-width":2,"stroke-opacity":0.85},"geometry":{"type":"LineString","coordinates":[[9.167262899999997,45.505661939999996],[9.16725786,45.502092]]}},{"type":"Feature","properties":{"flags":17,"flags_hex":"0x11","b_class":5,"s1_flag":1,"city":"Milano","sector":1049347,"stroke":"#9C27B0","stroke-width":2,"stroke-opacity":0.85},"geometry":{"type":"LineString","coordinates":[[9.20721768,45.434880359999994],[9.214912139999996,45.431960939999996]]}},{"type":"Feature","properties":{"flags":16,"flags_hex":"0x10","b_class":5,"s1_flag":1,"city":"Milano","sector":1049347,"stroke":"#FF9800","stroke-width":2,"stroke-opacity":0.85},"geometry":{"type":"LineString","coordinates":[[9.167264339999996,45.52335864],[9.167259299999998,45.523353779999994]]}},{"type":"Feature","properties":{"flags":16,"flags_hex":"0x10","b_class":5,"s1_flag":0,"city":"Milano","sector":1049347,"stroke":"#FF9800","stroke-width":2,"stroke-opacity":0.85},"geometry":{"type":"LineString","coordinates":[[9.246887339999994,45.52334928],[9.25080612,45.52334892]]}},{"type":"Feature","properties":{"flags":16,"flags_hex":"0x10","b_class":5,"s1_flag":1,"city":"Milano","sector":1049347,"stroke":"#FF9800","stroke-width":2,"stroke-opacity":0.85},"geometry":{"type":"LineString","coordinates":[[9.14956908,45.497364839999996],[9.149573399999994,45.49239126]]}},{"type":"Feature","properties":{"flags":16,"flags_hex":"0x10","b_class":5,"s1_flag":1,"city":"Milano","sector":1049347,"stroke":"#FF9800","stroke-width":2,"stroke-opacity":0.85},"geometry":{"type":"LineString","coordinates":[[9.237166799999997,45.487969019999994],[9.238041959999997,45.48796776]]}},{"type":"Feature","properties":{"flags":16,"flags_hex":"0x10","b_class":5,"s1_flag":1,"city":"Milano","sector":1049347,"stroke":"#FF9800","stroke-width":2,"stroke-opacity":0.85},"geometry":{"type":"LineString","coordinates":[[9.167263079999998,45.43487568],[9.16431342,45.431930699999995]]}},{"type":"Feature","properties":{"flags":16,"flags_hex":"0x10","b_class":5,"s1_flag":1,"city":"Milano","sector":1049347,"stroke":"#FF9800","stroke-width":2,"stroke-opacity":0.85},"geometry":{"type":"LineString","coordinates":[[9.073014719999996,45.43508016],[9.069942479999995,45.429749279999996]]}},{"type":"Feature","properties":{"flags":16,"flags_hex":"0x10","b_class":5,"s1_flag":1,"city":"Milano","sector":1049347,"stroke":"#FF9800","stroke-width":2,"stroke-opacity":0.85},"geometry":{"type":"LineString","coordinates":[[9.152530259999999,45.45530136],[9.149570159999996,45.45257436]]}},{"type":"Feature","properties":{"flags":16,"flags_hex":"0x10","b_class":5,"s1_flag":1,"city":"Milano","sector":1049347,"stroke":"#FF9800","stroke-width":2,"stroke-opacity":0.85},"geometry":{"type":"LineString","coordinates":[[9.220349759999998,45.47469348],[9.21850422,45.47697101999999]]}},{"type":"Feature","properties":{"flags":16,"flags_hex":"0x10","b_class":5,"s1_flag":1,"city":"Milano","sector":1049347,"stroke":"#FF9800","stroke-width":2,"stroke-opacity":0.85},"geometry":{"type":"LineString","coordinates":[[9.248738279999998,45.4217823],[9.241089899999999,45.41718564]]}},{"type":"Feature","properties":{"flags":16,"flags_hex":"0x10","b_class":5,"s1_flag":1,"city":"Milano","sector":1049347,"stroke":"#FF9800","stroke-width":2,"stroke-opacity":0.85},"geometry":{"type":"LineString","coordinates":[[9.171135059999997,45.449533259999995],[9.167170379999995,45.45220896]]}},{"type":"Feature","properties":{"flags":16,"flags_hex":"0x10","b_class":5,"s1_flag":1,"city":"Milano","sector":1049347,"stroke":"#FF9800","stroke-width":2,"stroke-opacity":0.85},"geometry":{"type":"LineString","coordinates":[[9.202651439999997,45.474694559999996],[9.202656479999995,45.47469383999999]]}},{"type":"Feature","properties":{"flags":16,"flags_hex":"0x10","b_class":5,"s1_flag":1,"city":"Milano","sector":1049347,"stroke":"#FF9800","stroke-width":2,"stroke-opacity":0.85},"geometry":{"type":"LineString","coordinates":[[9.20256792,45.46584378],[9.202652519999994,45.46954998]]}},{"type":"Feature","properties":{"flags":16,"flags_hex":"0x10","b_class":5,"s1_flag":1,"city":"Milano","sector":1049347,"stroke":"#FF9800","stroke-width":2,"stroke-opacity":0.85},"geometry":{"type":"LineString","coordinates":[[9.17610414,45.417169439999995],[9.176108819999996,45.41718581999999]]}},{"type":"Feature","properties":{"flags":16,"flags_hex":"0x10","b_class":5,"s1_flag":1,"city":"Milano","sector":1049347,"stroke":"#FF9800","stroke-width":2,"stroke-opacity":0.85},"geometry":{"type":"LineString","coordinates":[[9.202628939999997,45.46575575999999],[9.20265432,45.46584486]]}},{"type":"Feature","properties":{"flags":16,"flags_hex":"0x10","b_class":5,"s1_flag":0,"city":"Milano","sector":1049347,"stroke":"#FF9800","stroke-width":2,"stroke-opacity":0.85},"geometry":{"type":"LineString","coordinates":[[9.167264699999997,45.52335504],[9.167278199999998,45.52335846]]}},{"type":"Feature","properties":{"flags":16,"flags_hex":"0x10","b_class":5,"s1_flag":1,"city":"Milano","sector":1049347,"stroke":"#FF9800","stroke-width":2,"stroke-opacity":0.85},"geometry":{"type":"LineString","coordinates":[[9.20256216,45.469690019999994],[9.20265216,45.465840359999994]]}},{"type":"Feature","properties":{"flags":16,"flags_hex":"0x10","b_class":5,"s1_flag":1,"city":"Milano","sector":1049347,"stroke":"#FF9800","stroke-width":2,"stroke-opacity":0.85},"geometry":{"type":"LineString","coordinates":[[9.131877779999996,45.474174899999994],[9.1318785,45.470263679999995]]}},{"type":"Feature","properties":{"flags":16,"flags_hex":"0x10","b_class":5,"s1_flag":1,"city":"Milano","sector":1049347,"stroke":"#FF9800","stroke-width":2,"stroke-opacity":0.85},"geometry":{"type":"LineString","coordinates":[[9.071785319999996,45.452569139999994],[9.073662719999994,45.452574]]}},{"type":"Feature","properties":{"flags":16,"flags_hex":"0x10","b_class":5,"s1_flag":1,"city":"Milano","sector":1049347,"stroke":"#FF9800","stroke-width":2,"stroke-opacity":0.85},"geometry":{"type":"LineString","coordinates":[[9.149570879999999,45.452575079999995],[9.14956908,45.452574719999994]]}},{"type":"Feature","properties":{"flags":16,"flags_hex":"0x10","b_class":5,"s1_flag":1,"city":"Milano","sector":1049347,"stroke":"#FF9800","stroke-width":2,"stroke-opacity":0.85},"geometry":{"type":"LineString","coordinates":[[9.149845019999994,45.5056587],[9.1495563,45.505613159999996]]}},{"type":"Feature","properties":{"flags":16,"flags_hex":"0x10","b_class":5,"s1_flag":1,"city":"Milano","sector":1049347,"stroke":"#FF9800","stroke-width":2,"stroke-opacity":0.85},"geometry":{"type":"LineString","coordinates":[[9.114183239999996,45.506034719999995],[9.11418072,45.508000859999996]]}},{"type":"Feature","properties":{"flags":16,"flags_hex":"0x10","b_class":5,"s1_flag":1,"city":"Milano","sector":1049347,"stroke":"#FF9800","stroke-width":2,"stroke-opacity":0.85},"geometry":{"type":"LineString","coordinates":[[9.21149664,45.390643919999995],[9.21113682,45.3906432]]}},{"type":"Feature","properties":{"flags":16,"flags_hex":"0x10","b_class":5,"s1_flag":1,"city":"Milano","sector":1049347,"stroke":"#FF9800","stroke-width":2,"stroke-opacity":0.85},"geometry":{"type":"LineString","coordinates":[[9.214452419999994,45.437832719999996],[9.20855418,45.434874959999995]]}},{"type":"Feature","properties":{"flags":17,"flags_hex":"0x11","b_class":5,"s1_flag":0,"city":"Milano","sector":1049347,"stroke":"#9C27B0","stroke-width":2,"stroke-opacity":0.85},"geometry":{"type":"LineString","coordinates":[[9.246890399999998,45.470270879999994],[9.25278702,45.476167499999995]]}},{"type":"Feature","properties":{"flags":16,"flags_hex":"0x10","b_class":5,"s1_flag":1,"city":"Milano","sector":1049347,"stroke":"#FF9800","stroke-width":2,"stroke-opacity":0.85},"geometry":{"type":"LineString","coordinates":[[9.115772459999995,45.50565366],[9.114175679999995,45.5057973]]}},{"type":"Feature","properties":{"flags":16,"flags_hex":"0x10","b_class":5,"s1_flag":1,"city":"Milano","sector":1049347,"stroke":"#FF9800","stroke-width":2,"stroke-opacity":0.85},"geometry":{"type":"LineString","coordinates":[[9.202652699999994,45.465849],[9.20283792,45.465846479999996]]}},{"type":"Feature","properties":{"flags":16,"flags_hex":"0x10","b_class":5,"s1_flag":1,"city":"Milano","sector":1049347,"stroke":"#FF9800","stroke-width":2,"stroke-opacity":0.85},"geometry":{"type":"LineString","coordinates":[[9.10801842,45.4643775],[9.102431039999999,45.470269619999996]]}},{"type":"Feature","properties":{"flags":16,"flags_hex":"0x10","b_class":5,"s1_flag":1,"city":"Milano","sector":1049347,"stroke":"#FF9800","stroke-width":2,"stroke-opacity":0.85},"geometry":{"type":"LineString","coordinates":[[9.184957619999999,45.44234802],[9.184957259999997,45.44813934]]}},{"type":"Feature","properties":{"flags":16,"flags_hex":"0x10","b_class":5,"s1_flag":1,"city":"Milano","sector":1049347,"stroke":"#FF9800","stroke-width":2,"stroke-opacity":0.85},"geometry":{"type":"LineString","coordinates":[[9.238042499999999,45.48796416],[9.239443619999996,45.487961999999996]]}},{"type":"Feature","properties":{"flags":16,"flags_hex":"0x10","b_class":5,"s1_flag":1,"city":"Milano","sector":1049347,"stroke":"#FF9800","stroke-width":2,"stroke-opacity":0.85},"geometry":{"type":"LineString","coordinates":[[9.131983439999999,45.50565906],[9.131871479999994,45.50566032]]}},{"type":"Feature","properties":{"flags":16,"flags_hex":"0x10","b_class":5,"s1_flag":1,"city":"Milano","sector":1049347,"stroke":"#FF9800","stroke-width":2,"stroke-opacity":0.85},"geometry":{"type":"LineString","coordinates":[[9.131870399999997,45.523348199999994],[9.131876159999997,45.52335522]]}},{"type":"Feature","properties":{"flags":16,"flags_hex":"0x10","b_class":5,"s1_flag":1,"city":"Milano","sector":1049347,"stroke":"#FF9800","stroke-width":2,"stroke-opacity":0.85},"geometry":{"type":"LineString","coordinates":[[9.1495635,45.45257616],[9.153269159999994,45.45257418]]}},{"type":"Feature","properties":{"flags":16,"flags_hex":"0x10","b_class":5,"s1_flag":0,"city":"Milano","sector":1049347,"stroke":"#FF9800","stroke-width":2,"stroke-opacity":0.85},"geometry":{"type":"LineString","coordinates":[[9.188551859999997,45.45241866],[9.184951679999998,45.44815284]]}},{"type":"Feature","properties":{"flags":16,"flags_hex":"0x10","b_class":5,"s1_flag":1,"city":"Milano","sector":1049347,"stroke":"#FF9800","stroke-width":2,"stroke-opacity":0.85},"geometry":{"type":"LineString","coordinates":[[9.167264879999998,45.46290222],[9.16164492,45.465848279999996]]}},{"type":"Feature","properties":{"flags":16,"flags_hex":"0x10","b_class":5,"s1_flag":1,"city":"Milano","sector":1048878,"stroke":"#FF9800","stroke-width":2,"stroke-opacity":0.85},"geometry":{"type":"LineString","coordinates":[[9.238041959999997,45.50566068],[9.238041779999996,45.505660139999996]]}},{"type":"Feature","properties":{"flags":16,"flags_hex":"0x10","b_class":5,"s1_flag":1,"city":"Milano","sector":1048878,"stroke":"#FF9800","stroke-width":2,"stroke-opacity":0.85},"geometry":{"type":"LineString","coordinates":[[9.220348679999994,45.45257436],[9.220346159999998,45.4529205]]}},{"type":"Feature","properties":{"flags":16,"flags_hex":"0x10","b_class":5,"s1_flag":1,"city":"Milano","sector":1048878,"stroke":"#FF9800","stroke-width":2,"stroke-opacity":0.85},"geometry":{"type":"LineString","coordinates":[[9.241234979999994,45.4822065],[9.238041959999997,45.48796596]]}},{"type":"Feature","properties":{"flags":16,"flags_hex":"0x10","b_class":5,"s1_flag":1,"city":"Milano","sector":1048878,"stroke":"#FF9800","stroke-width":2,"stroke-opacity":0.85},"geometry":{"type":"LineString","coordinates":[[9.282278399999996,45.46386467999999],[9.282279119999998,45.461422799999994]]}},{"type":"Feature","properties":{"flags":16,"flags_hex":"0x10","b_class":5,"s1_flag":1,"city":"Milano","sector":1048878,"stroke":"#FF9800","stroke-width":2,"stroke-opacity":0.85},"geometry":{"type":"LineString","coordinates":[[9.238043219999994,45.506034539999995],[9.238040159999997,45.50565888]]}},{"type":"Feature","properties":{"flags":16,"flags_hex":"0x10","b_class":5,"s1_flag":1,"city":"Milano","sector":1048878,"stroke":"#FF9800","stroke-width":2,"stroke-opacity":0.85},"geometry":{"type":"LineString","coordinates":[[9.220347239999995,45.474690779999996],[9.220347059999995,45.474690599999995]]}},{"type":"Feature","properties":{"flags":16,"flags_hex":"0x10","b_class":5,"s1_flag":0,"city":"Milano","sector":1048878,"stroke":"#FF9800","stroke-width":2,"stroke-opacity":0.85},"geometry":{"type":"LineString","coordinates":[[9.131873459999994,45.473457419999995],[9.131873279999994,45.47027016]]}},{"type":"Feature","properties":{"flags":16,"flags_hex":"0x10","b_class":5,"s1_flag":1,"city":"Milano","sector":1048878,"stroke":"#FF9800","stroke-width":2,"stroke-opacity":0.85},"geometry":{"type":"LineString","coordinates":[[9.18495978,45.43488162],[9.184954559999994,45.434880539999995]]}},{"type":"Feature","properties":{"flags":16,"flags_hex":"0x10","b_class":5,"s1_flag":1,"city":"Milano","sector":1048878,"stroke":"#FF9800","stroke-width":2,"stroke-opacity":0.85},"geometry":{"type":"LineString","coordinates":[[9.2203539,45.45257633999999],[9.219890579999998,45.45515502]]}},{"type":"Feature","properties":{"flags":16,"flags_hex":"0x10","b_class":5,"s1_flag":0,"city":"Milano","sector":1048878,"stroke":"#FF9800","stroke-width":2,"stroke-opacity":0.85},"geometry":{"type":"LineString","coordinates":[[9.16725966,45.45256428],[9.16827954,45.45577836]]}},{"type":"Feature","properties":{"flags":16,"flags_hex":"0x10","b_class":5,"s1_flag":1,"city":"Milano","sector":1048878,"stroke":"#FF9800","stroke-width":2,"stroke-opacity":0.85},"geometry":{"type":"LineString","coordinates":[[9.069941759999999,45.453526919999995],[9.065615279999996,45.4525722]]}},{"type":"Feature","properties":{"flags":16,"flags_hex":"0x10","b_class":5,"s1_flag":1,"city":"Milano","sector":1048878,"stroke":"#FF9800","stroke-width":2,"stroke-opacity":0.85},"geometry":{"type":"LineString","coordinates":[[9.1318731,45.52335468],[9.131873639999995,45.5233509]]}},{"type":"Feature","properties":{"flags":16,"flags_hex":"0x10","b_class":5,"s1_flag":1,"city":"Milano","sector":1048878,"stroke":"#FF9800","stroke-width":2,"stroke-opacity":0.85},"geometry":{"type":"LineString","coordinates":[[9.131523359999996,45.490058639999994],[9.13187292,45.490083659999996]]}},{"type":"Feature","properties":{"flags":0,"flags_hex":"0x00","b_class":5,"s1_flag":0,"city":"Milano","sector":1048878,"stroke":"#2196F3","stroke-width":2,"stroke-opacity":0.85},"geometry":{"type":"LineString","coordinates":[[9.131873459999994,45.52391376],[9.131873279999994,45.523354319999996]]}},{"type":"Feature","properties":{"flags":0,"flags_hex":"0x00","b_class":5,"s1_flag":0,"city":"Milano","sector":1048878,"stroke":"#2196F3","stroke-width":2,"stroke-opacity":0.85},"geometry":{"type":"LineString","coordinates":[[9.096485639999997,45.50565906],[9.095010179999996,45.505657799999994]]}},{"type":"Feature","properties":{"flags":0,"flags_hex":"0x00","b_class":5,"s1_flag":0,"city":"Milano","sector":1048878,"stroke":"#2196F3","stroke-width":2,"stroke-opacity":0.85},"geometry":{"type":"LineString","coordinates":[[9.16726344,45.45257364],[9.167262899999997,45.45257382]]}},{"type":"Feature","properties":{"flags":0,"flags_hex":"0x00","b_class":5,"s1_flag":0,"city":"Milano","sector":1048878,"stroke":"#2196F3","stroke-width":2,"stroke-opacity":0.85},"geometry":{"type":"LineString","coordinates":[[9.167262719999997,45.430802459999995],[9.167264699999997,45.429203519999994]]}},{"type":"Feature","properties":{"flags":0,"flags_hex":"0x00","b_class":5,"s1_flag":0,"city":"Milano","sector":1048878,"stroke":"#2196F3","stroke-width":2,"stroke-opacity":0.85},"geometry":{"type":"LineString","coordinates":[[9.075662519999995,45.446759279999995],[9.06994194,45.45257382]]}},{"type":"Feature","properties":{"flags":1,"flags_hex":"0x01","b_class":5,"s1_flag":0,"city":"Milano","sector":1048878,"stroke":"#F44336","stroke-width":2,"stroke-opacity":0.85},"geometry":{"type":"LineString","coordinates":[[9.224854259999994,45.452574719999994],[9.220345079999994,45.44677943999999]]}},{"type":"Feature","properties":{"flags":16,"flags_hex":"0x10","b_class":5,"s1_flag":0,"city":"Milano","sector":1048878,"stroke":"#FF9800","stroke-width":2,"stroke-opacity":0.85},"geometry":{"type":"LineString","coordinates":[[9.225533039999995,45.466078319999994],[9.220347239999995,45.463642379999996]]}},{"type":"Feature","properties":{"flags":16,"flags_hex":"0x10","b_class":5,"s1_flag":0,"city":"Milano","sector":1048878,"stroke":"#FF9800","stroke-width":2,"stroke-opacity":0.85},"geometry":{"type":"LineString","coordinates":[[9.179133539999995,45.43488],[9.17989026,45.4304772]]}},{"type":"Feature","properties":{"flags":16,"flags_hex":"0x10","b_class":5,"s1_flag":0,"city":"Milano","sector":1048878,"stroke":"#FF9800","stroke-width":2,"stroke-opacity":0.85},"geometry":{"type":"LineString","coordinates":[[9.096482939999994,45.50565888],[9.096485279999996,45.505655999999995]]}},{"type":"Feature","properties":{"flags":16,"flags_hex":"0x10","b_class":5,"s1_flag":0,"city":"Milano","sector":1048878,"stroke":"#FF9800","stroke-width":2,"stroke-opacity":0.85},"geometry":{"type":"LineString","coordinates":[[9.20292576,45.452574899999995],[9.202651979999999,45.452574719999994]]}},{"type":"Feature","properties":{"flags":1,"flags_hex":"0x01","b_class":5,"s1_flag":0,"city":"Milano","sector":1048878,"stroke":"#F44336","stroke-width":2,"stroke-opacity":0.85},"geometry":{"type":"LineString","coordinates":[[9.167639639999997,45.465846119999995],[9.167264519999996,45.465845939999994]]}},{"type":"Feature","properties":{"flags":1,"flags_hex":"0x01","b_class":5,"s1_flag":0,"city":"Milano","sector":1048878,"stroke":"#F44336","stroke-width":2,"stroke-opacity":0.85},"geometry":{"type":"LineString","coordinates":[[9.184958879999996,45.44815248],[9.184955639999998,45.4481523]]}},{"type":"Feature","properties":{"flags":0,"flags_hex":"0x00","b_class":5,"s1_flag":0,"city":"Milano","sector":1048878,"stroke":"#2196F3","stroke-width":2,"stroke-opacity":0.85},"geometry":{"type":"LineString","coordinates":[[9.099526019999999,45.504190619999996],[9.096480959999994,45.508244219999995]]}},{"type":"Feature","properties":{"flags":0,"flags_hex":"0x00","b_class":5,"s1_flag":0,"city":"Milano","sector":1048878,"stroke":"#2196F3","stroke-width":2,"stroke-opacity":0.85},"geometry":{"type":"LineString","coordinates":[[9.246886259999997,45.47026854],[9.246888059999996,45.470268]]}},{"type":"Feature","properties":{"flags":16,"flags_hex":"0x10","b_class":5,"s1_flag":1,"city":"Milano","sector":1048878,"stroke":"#FF9800","stroke-width":2,"stroke-opacity":0.85},"geometry":{"type":"LineString","coordinates":[[9.238043399999995,45.50565708],[9.23803908,45.50585615999999]]}},{"type":"Feature","properties":{"flags":16,"flags_hex":"0x10","b_class":5,"s1_flag":1,"city":"Milano","sector":1048878,"stroke":"#FF9800","stroke-width":2,"stroke-opacity":0.85},"geometry":{"type":"LineString","coordinates":[[9.238043399999995,45.50565708],[9.23803908,45.50585615999999]]}},{"type":"Feature","properties":{"flags":16,"flags_hex":"0x10","b_class":5,"s1_flag":1,"city":"Milano","sector":1048878,"stroke":"#FF9800","stroke-width":2,"stroke-opacity":0.85},"geometry":{"type":"LineString","coordinates":[[9.238044119999998,45.48501666],[9.238043759999996,45.48796596]]}},{"type":"Feature","properties":{"flags":16,"flags_hex":"0x10","b_class":5,"s1_flag":1,"city":"Milano","sector":1048878,"stroke":"#FF9800","stroke-width":2,"stroke-opacity":0.85},"geometry":{"type":"LineString","coordinates":[[9.220346879999994,45.47469383999999],[9.220347959999998,45.47469312]]}},{"type":"Feature","properties":{"flags":16,"flags_hex":"0x10","b_class":5,"s1_flag":1,"city":"Milano","sector":1048878,"stroke":"#FF9800","stroke-width":2,"stroke-opacity":0.85},"geometry":{"type":"LineString","coordinates":[[9.114177659999996,45.50565852],[9.114179099999994,45.505660139999996]]}},{"type":"Feature","properties":{"flags":16,"flags_hex":"0x10","b_class":5,"s1_flag":1,"city":"Milano","sector":1048878,"stroke":"#FF9800","stroke-width":2,"stroke-opacity":0.85},"geometry":{"type":"LineString","coordinates":[[9.246889499999995,45.47026782],[9.246887339999994,45.470263859999996]]}},{"type":"Feature","properties":{"flags":16,"flags_hex":"0x10","b_class":5,"s1_flag":1,"city":"Milano","sector":1048878,"stroke":"#FF9800","stroke-width":2,"stroke-opacity":0.85},"geometry":{"type":"LineString","coordinates":[[9.184956899999996,45.434878559999994],[9.184958879999996,45.4324959]]}},{"type":"Feature","properties":{"flags":16,"flags_hex":"0x10","b_class":5,"s1_flag":1,"city":"Milano","sector":1048878,"stroke":"#FF9800","stroke-width":2,"stroke-opacity":0.85},"geometry":{"type":"LineString","coordinates":[[9.220348859999994,45.4828122],[9.2221044,45.4879647]]}},{"type":"Feature","properties":{"flags":16,"flags_hex":"0x10","b_class":5,"s1_flag":1,"city":"Milano","sector":1048878,"stroke":"#FF9800","stroke-width":2,"stroke-opacity":0.85},"geometry":{"type":"LineString","coordinates":[[9.16726182,45.4348773],[9.1661802,45.440433]]}},{"type":"Feature","properties":{"flags":16,"flags_hex":"0x10","b_class":5,"s1_flag":1,"city":"Napoli","sector":1144221,"stroke":"#FF9800","stroke-width":2,"stroke-opacity":0.85},"geometry":{"type":"LineString","coordinates":[[14.307579239999995,40.8696408],[14.307579779999998,40.869675179999994]]}},{"type":"Feature","properties":{"flags":16,"flags_hex":"0x10","b_class":5,"s1_flag":1,"city":"Napoli","sector":1144221,"stroke":"#FF9800","stroke-width":2,"stroke-opacity":0.85},"geometry":{"type":"LineString","coordinates":[[14.257734719999995,40.856362559999994],[14.258925239999996,40.85636562]]}},{"type":"Feature","properties":{"flags":16,"flags_hex":"0x10","b_class":5,"s1_flag":1,"city":"Napoli","sector":1144221,"stroke":"#FF9800","stroke-width":2,"stroke-opacity":0.85},"geometry":{"type":"LineString","coordinates":[[14.281415519999996,40.8519504],[14.282526299999994,40.85675694]]}},{"type":"Feature","properties":{"flags":16,"flags_hex":"0x10","b_class":5,"s1_flag":1,"city":"Napoli","sector":1144221,"stroke":"#FF9800","stroke-width":2,"stroke-opacity":0.85},"geometry":{"type":"LineString","coordinates":[[14.273781,40.825406879999996],[14.272200239999997,40.825407059999996]]}},{"type":"Feature","properties":{"flags":16,"flags_hex":"0x10","b_class":5,"s1_flag":1,"city":"Napoli","sector":1144221,"stroke":"#FF9800","stroke-width":2,"stroke-opacity":0.85},"geometry":{"type":"LineString","coordinates":[[14.298720179999997,40.83152526],[14.303899859999994,40.83424416]]}},{"type":"Feature","properties":{"flags":16,"flags_hex":"0x10","b_class":5,"s1_flag":1,"city":"Napoli","sector":1144221,"stroke":"#FF9800","stroke-width":2,"stroke-opacity":0.85},"geometry":{"type":"LineString","coordinates":[[14.313859979999997,40.83425352],[14.316423539999995,40.83894162]]}},{"type":"Feature","properties":{"flags":17,"flags_hex":"0x11","b_class":5,"s1_flag":1,"city":"Napoli","sector":1144221,"stroke":"#9C27B0","stroke-width":2,"stroke-opacity":0.85},"geometry":{"type":"LineString","coordinates":[[14.307587519999998,40.86963144],[14.308791359999994,40.869632159999995]]}},{"type":"Feature","properties":{"flags":16,"flags_hex":"0x10","b_class":5,"s1_flag":1,"city":"Napoli","sector":1144221,"stroke":"#FF9800","stroke-width":2,"stroke-opacity":0.85},"geometry":{"type":"LineString","coordinates":[[14.272178279999999,40.825414079999994],[14.272180259999999,40.82245614]]}},{"type":"Feature","properties":{"flags":16,"flags_hex":"0x10","b_class":5,"s1_flag":1,"city":"Napoli","sector":1144221,"stroke":"#FF9800","stroke-width":2,"stroke-opacity":0.85},"geometry":{"type":"LineString","coordinates":[[14.268106499999995,40.85601534],[14.267769359999996,40.856372279999995]]}},{"type":"Feature","properties":{"flags":16,"flags_hex":"0x10","b_class":5,"s1_flag":1,"city":"Napoli","sector":1144221,"stroke":"#FF9800","stroke-width":2,"stroke-opacity":0.85},"geometry":{"type":"LineString","coordinates":[[14.210261339999995,40.834241459999994],[14.2154259,40.83424127999999]]}},{"type":"Feature","properties":{"flags":16,"flags_hex":"0x10","b_class":5,"s1_flag":1,"city":"Napoli","sector":1144221,"stroke":"#FF9800","stroke-width":2,"stroke-opacity":0.85},"geometry":{"type":"LineString","coordinates":[[14.265696479999995,40.86963126],[14.26631424,40.86966546]]}},{"type":"Feature","properties":{"flags":16,"flags_hex":"0x10","b_class":5,"s1_flag":1,"city":"Napoli","sector":1144221,"stroke":"#FF9800","stroke-width":2,"stroke-opacity":0.85},"geometry":{"type":"LineString","coordinates":[[14.3110626,40.851949499999996],[14.307572039999997,40.85193672]]}},{"type":"Feature","properties":{"flags":16,"flags_hex":"0x10","b_class":5,"s1_flag":1,"city":"Napoli","sector":1144221,"stroke":"#FF9800","stroke-width":2,"stroke-opacity":0.85},"geometry":{"type":"LineString","coordinates":[[14.245647719999994,40.8563748],[14.24564754,40.85637498]]}},{"type":"Feature","properties":{"flags":16,"flags_hex":"0x10","b_class":5,"s1_flag":0,"city":"Napoli","sector":1144221,"stroke":"#FF9800","stroke-width":2,"stroke-opacity":0.85},"geometry":{"type":"LineString","coordinates":[[14.227941299999998,40.905032399999996],[14.227952639999998,40.89948354]]}},{"type":"Feature","properties":{"flags":16,"flags_hex":"0x10","b_class":5,"s1_flag":1,"city":"Napoli","sector":1144221,"stroke":"#FF9800","stroke-width":2,"stroke-opacity":0.85},"geometry":{"type":"LineString","coordinates":[[14.258927039999996,40.85637336],[14.25892056,40.851054899999994]]}},{"type":"Feature","properties":{"flags":0,"flags_hex":"0x00","b_class":5,"s1_flag":0,"city":"Napoli","sector":1144221,"stroke":"#2196F3","stroke-width":2,"stroke-opacity":0.85},"geometry":{"type":"LineString","coordinates":[[14.307573479999995,40.85193654],[14.307567539999994,40.849426439999995]]}},{"type":"Feature","properties":{"flags":0,"flags_hex":"0x00","b_class":5,"s1_flag":0,"city":"Napoli","sector":1144221,"stroke":"#2196F3","stroke-width":2,"stroke-opacity":0.85},"geometry":{"type":"LineString","coordinates":[[14.285143499999997,40.887337859999995],[14.28103968,40.89229074]]}},{"type":"Feature","properties":{"flags":0,"flags_hex":"0x00","b_class":5,"s1_flag":0,"city":"Napoli","sector":1144221,"stroke":"#2196F3","stroke-width":2,"stroke-opacity":0.85},"geometry":{"type":"LineString","coordinates":[[14.231141879999996,40.83425352],[14.227961999999998,40.834253159999996]]}},{"type":"Feature","properties":{"flags":0,"flags_hex":"0x00","b_class":5,"s1_flag":0,"city":"Napoli","sector":1144221,"stroke":"#2196F3","stroke-width":2,"stroke-opacity":0.85},"geometry":{"type":"LineString","coordinates":[[14.26783614,40.8597408],[14.267769179999995,40.8515697]]}},{"type":"Feature","properties":{"flags":0,"flags_hex":"0x00","b_class":5,"s1_flag":0,"city":"Napoli","sector":1144221,"stroke":"#2196F3","stroke-width":2,"stroke-opacity":0.85},"geometry":{"type":"LineString","coordinates":[[14.24394384,40.82762322],[14.245641599999999,40.82983218]]}},{"type":"Feature","properties":{"flags":0,"flags_hex":"0x00","b_class":5,"s1_flag":0,"city":"Napoli","sector":1144221,"stroke":"#2196F3","stroke-width":2,"stroke-opacity":0.85},"geometry":{"type":"LineString","coordinates":[[14.307573479999995,40.85193654],[14.307567539999994,40.849426439999995]]}},{"type":"Feature","properties":{"flags":0,"flags_hex":"0x00","b_class":5,"s1_flag":0,"city":"Napoli","sector":1144221,"stroke":"#2196F3","stroke-width":2,"stroke-opacity":0.85},"geometry":{"type":"LineString","coordinates":[[14.285143499999997,40.887337859999995],[14.28103968,40.89229074]]}},{"type":"Feature","properties":{"flags":0,"flags_hex":"0x00","b_class":5,"s1_flag":0,"city":"Napoli","sector":1144221,"stroke":"#2196F3","stroke-width":2,"stroke-opacity":0.85},"geometry":{"type":"LineString","coordinates":[[14.231141879999996,40.83425352],[14.227961999999998,40.834253159999996]]}},{"type":"Feature","properties":{"flags":0,"flags_hex":"0x00","b_class":5,"s1_flag":0,"city":"Napoli","sector":1144221,"stroke":"#2196F3","stroke-width":2,"stroke-opacity":0.85},"geometry":{"type":"LineString","coordinates":[[14.26783614,40.8597408],[14.267769179999995,40.8515697]]}},{"type":"Feature","properties":{"flags":0,"flags_hex":"0x00","b_class":5,"s1_flag":0,"city":"Napoli","sector":1144221,"stroke":"#2196F3","stroke-width":2,"stroke-opacity":0.85},"geometry":{"type":"LineString","coordinates":[[14.24394384,40.82762322],[14.245641599999999,40.82983218]]}},{"type":"Feature","properties":{"flags":0,"flags_hex":"0x00","b_class":5,"s1_flag":1,"city":"Napoli","sector":1144221,"stroke":"#2196F3","stroke-width":2,"stroke-opacity":0.85},"geometry":{"type":"LineString","coordinates":[[14.263346399999996,40.88734038],[14.257561379999999,40.88733858]]}},{"type":"Feature","properties":{"flags":0,"flags_hex":"0x00","b_class":5,"s1_flag":1,"city":"Napoli","sector":1144221,"stroke":"#2196F3","stroke-width":2,"stroke-opacity":0.85},"geometry":{"type":"LineString","coordinates":[[14.245651859999995,40.86964224],[14.2456569,40.86963666]]}},{"type":"Feature","properties":{"flags":0,"flags_hex":"0x00","b_class":5,"s1_flag":1,"city":"Napoli","sector":1144221,"stroke":"#2196F3","stroke-width":2,"stroke-opacity":0.85},"geometry":{"type":"LineString","coordinates":[[14.281037159999997,40.907264039999994],[14.281037699999999,40.907802239999995]]}},{"type":"Feature","properties":{"flags":0,"flags_hex":"0x00","b_class":5,"s1_flag":1,"city":"Napoli","sector":1144221,"stroke":"#2196F3","stroke-width":2,"stroke-opacity":0.85},"geometry":{"type":"LineString","coordinates":[[14.258923079999995,40.8475269],[14.256095639999998,40.84795584]]}},{"type":"Feature","properties":{"flags":0,"flags_hex":"0x00","b_class":5,"s1_flag":1,"city":"Napoli","sector":1144221,"stroke":"#2196F3","stroke-width":2,"stroke-opacity":0.85},"geometry":{"type":"LineString","coordinates":[[14.283962699999996,40.887313739999996],[14.280955799999994,40.88734812]]}},{"type":"Feature","properties":{"flags":0,"flags_hex":"0x00","b_class":5,"s1_flag":1,"city":"Napoli","sector":1144221,"stroke":"#2196F3","stroke-width":2,"stroke-opacity":0.85},"geometry":{"type":"LineString","coordinates":[[14.261462159999994,40.84752726],[14.256154319999993,40.847524379999996]]}},{"type":"Feature","properties":{"flags":0,"flags_hex":"0x00","b_class":5,"s1_flag":1,"city":"Napoli","sector":1144221,"stroke":"#2196F3","stroke-width":2,"stroke-opacity":0.85},"geometry":{"type":"LineString","coordinates":[[14.307568259999996,40.8696345],[14.30758032,40.8652416]]}},{"type":"Feature","properties":{"flags":0,"flags_hex":"0x00","b_class":5,"s1_flag":1,"city":"Napoli","sector":1144221,"stroke":"#2196F3","stroke-width":2,"stroke-opacity":0.85},"geometry":{"type":"LineString","coordinates":[[14.213473259999994,40.78545696],[14.219113019999995,40.790022119999996]]}},{"type":"Feature","properties":{"flags":0,"flags_hex":"0x00","b_class":5,"s1_flag":0,"city":"Napoli","sector":1144221,"stroke":"#2196F3","stroke-width":2,"stroke-opacity":0.85},"geometry":{"type":"LineString","coordinates":[[14.24564916,40.86965214],[14.245648259999996,40.87270925999999]]}},{"type":"Feature","properties":{"flags":0,"flags_hex":"0x00","b_class":5,"s1_flag":0,"city":"Napoli","sector":1144221,"stroke":"#2196F3","stroke-width":2,"stroke-opacity":0.85},"geometry":{"type":"LineString","coordinates":[[14.337100319999998,40.8696534],[14.334128159999999,40.8696462]]}},{"type":"Feature","properties":{"flags":0,"flags_hex":"0x00","b_class":5,"s1_flag":1,"city":"Napoli","sector":1144221,"stroke":"#2196F3","stroke-width":2,"stroke-opacity":0.85},"geometry":{"type":"LineString","coordinates":[[14.20140138,40.851946979999994],[14.201409299999995,40.85578692]]}},{"type":"Feature","properties":{"flags":0,"flags_hex":"0x00","b_class":5,"s1_flag":1,"city":"Napoli","sector":1144221,"stroke":"#2196F3","stroke-width":2,"stroke-opacity":0.85},"geometry":{"type":"LineString","coordinates":[[14.307579239999995,40.85194788],[14.307579059999995,40.8519477]]}},{"type":"Feature","properties":{"flags":0,"flags_hex":"0x00","b_class":5,"s1_flag":1,"city":"Napoli","sector":1144221,"stroke":"#2196F3","stroke-width":2,"stroke-opacity":0.85},"geometry":{"type":"LineString","coordinates":[[14.272192319999995,40.825407059999996],[14.272193759999993,40.82539464]]}},{"type":"Feature","properties":{"flags":0,"flags_hex":"0x00","b_class":5,"s1_flag":1,"city":"Napoli","sector":1144221,"stroke":"#2196F3","stroke-width":2,"stroke-opacity":0.85},"geometry":{"type":"LineString","coordinates":[[14.267774399999993,40.85637894],[14.267766119999997,40.85397828]]}},{"type":"Feature","properties":{"flags":0,"flags_hex":"0x00","b_class":5,"s1_flag":1,"city":"Napoli","sector":1144221,"stroke":"#2196F3","stroke-width":2,"stroke-opacity":0.85},"geometry":{"type":"LineString","coordinates":[[14.227953539999994,40.85637264],[14.227952819999999,40.85268498]]}},{"type":"Feature","properties":{"flags":0,"flags_hex":"0x00","b_class":5,"s1_flag":1,"city":"Napoli","sector":1144221,"stroke":"#2196F3","stroke-width":2,"stroke-opacity":0.85},"geometry":{"type":"LineString","coordinates":[[14.245648259999996,40.84327638],[14.246242799999997,40.85053146]]}},{"type":"Feature","properties":{"flags":0,"flags_hex":"0x00","b_class":5,"s1_flag":1,"city":"Napoli","sector":1144221,"stroke":"#2196F3","stroke-width":2,"stroke-opacity":0.85},"geometry":{"type":"LineString","coordinates":[[14.307579239999995,40.86966546],[14.307589319999998,40.86963108]]}},{"type":"Feature","properties":{"flags":0,"flags_hex":"0x00","b_class":5,"s1_flag":1,"city":"Napoli","sector":1144221,"stroke":"#2196F3","stroke-width":2,"stroke-opacity":0.85},"geometry":{"type":"LineString","coordinates":[[14.23178592,40.85637714],[14.227941479999998,40.852916099999995]]}},{"type":"Feature","properties":{"flags":0,"flags_hex":"0x00","b_class":5,"s1_flag":1,"city":"Napoli","sector":1144221,"stroke":"#2196F3","stroke-width":2,"stroke-opacity":0.85},"geometry":{"type":"LineString","coordinates":[[14.273249999999997,40.84751538],[14.267759999999996,40.85056908]]}},{"type":"Feature","properties":{"flags":0,"flags_hex":"0x00","b_class":5,"s1_flag":0,"city":"Napoli","sector":1144221,"stroke":"#2196F3","stroke-width":2,"stroke-opacity":0.85},"geometry":{"type":"LineString","coordinates":[[14.307609299999996,40.869643679999996],[14.308732319999997,40.86963557999999]]}},{"type":"Feature","properties":{"flags":0,"flags_hex":"0x00","b_class":5,"s1_flag":1,"city":"Napoli","sector":1144221,"stroke":"#2196F3","stroke-width":2,"stroke-opacity":0.85},"geometry":{"type":"LineString","coordinates":[[14.307581399999997,40.86964656],[14.307583199999996,40.86525312]]}},{"type":"Feature","properties":{"flags":0,"flags_hex":"0x00","b_class":5,"s1_flag":1,"city":"Napoli","sector":1144221,"stroke":"#2196F3","stroke-width":2,"stroke-opacity":0.85},"geometry":{"type":"LineString","coordinates":[[14.166026879999997,40.869645119999994],[14.16601824,40.869643679999996]]}},{"type":"Feature","properties":{"flags":0,"flags_hex":"0x00","b_class":5,"s1_flag":1,"city":"Napoli","sector":1144221,"stroke":"#2196F3","stroke-width":2,"stroke-opacity":0.85},"geometry":{"type":"LineString","coordinates":[[14.201411999999998,40.852310579999994],[14.201413619999997,40.85194788]]}},{"type":"Feature","properties":{"flags":0,"flags_hex":"0x00","b_class":5,"s1_flag":1,"city":"Napoli","sector":1144221,"stroke":"#2196F3","stroke-width":2,"stroke-opacity":0.85},"geometry":{"type":"LineString","coordinates":[[14.307581399999997,40.86964656],[14.307583199999996,40.86525312]]}},{"type":"Feature","properties":{"flags":0,"flags_hex":"0x00","b_class":5,"s1_flag":1,"city":"Napoli","sector":1144221,"stroke":"#2196F3","stroke-width":2,"stroke-opacity":0.85},"geometry":{"type":"LineString","coordinates":[[14.166026879999997,40.869645119999994],[14.16601824,40.869643679999996]]}},{"type":"Feature","properties":{"flags":0,"flags_hex":"0x00","b_class":5,"s1_flag":1,"city":"Napoli","sector":1144221,"stroke":"#2196F3","stroke-width":2,"stroke-opacity":0.85},"geometry":{"type":"LineString","coordinates":[[14.201411999999998,40.852310579999994],[14.201413619999997,40.85194788]]}},{"type":"Feature","properties":{"flags":0,"flags_hex":"0x00","b_class":5,"s1_flag":1,"city":"Napoli","sector":1144221,"stroke":"#2196F3","stroke-width":2,"stroke-opacity":0.85},"geometry":{"type":"LineString","coordinates":[[14.245635659999998,40.84748406],[14.245639439999998,40.84753068]]}},{"type":"Feature","properties":{"flags":0,"flags_hex":"0x00","b_class":5,"s1_flag":1,"city":"Napoli","sector":1144221,"stroke":"#2196F3","stroke-width":2,"stroke-opacity":0.85},"geometry":{"type":"LineString","coordinates":[[14.263339019999997,40.90502178],[14.263340099999994,40.9050333]]}},{"type":"Feature","properties":{"flags":0,"flags_hex":"0x00","b_class":5,"s1_flag":1,"city":"Napoli","sector":1144221,"stroke":"#2196F3","stroke-width":2,"stroke-opacity":0.85},"geometry":{"type":"LineString","coordinates":[[14.281029599999997,40.905039779999996],[14.28104544,40.905039959999996]]}},{"type":"Feature","properties":{"flags":0,"flags_hex":"0x00","b_class":5,"s1_flag":0,"city":"Napoli","sector":1144221,"stroke":"#2196F3","stroke-width":2,"stroke-opacity":0.85},"geometry":{"type":"LineString","coordinates":[[14.281035179999996,40.86964062],[14.281031039999995,40.869648]]}},{"type":"Feature","properties":{"flags":0,"flags_hex":"0x00","b_class":5,"s1_flag":1,"city":"Napoli","sector":1144221,"stroke":"#2196F3","stroke-width":2,"stroke-opacity":0.85},"geometry":{"type":"LineString","coordinates":[[14.281033919999999,40.851938159999996],[14.282130839999994,40.851958139999994]]}},{"type":"Feature","properties":{"flags":16,"flags_hex":"0x10","b_class":5,"s1_flag":1,"city":"Napoli","sector":1144221,"stroke":"#FF9800","stroke-width":2,"stroke-opacity":0.85},"geometry":{"type":"LineString","coordinates":[[14.318747519999995,40.834250999999995],[14.311186079999999,40.83425586]]}},{"type":"Feature","properties":{"flags":16,"flags_hex":"0x10","b_class":5,"s1_flag":1,"city":"Napoli","sector":1144221,"stroke":"#FF9800","stroke-width":2,"stroke-opacity":0.85},"geometry":{"type":"LineString","coordinates":[[14.30757672,40.869648],[14.307587519999998,40.86965034]]}},{"type":"Feature","properties":{"flags":16,"flags_hex":"0x10","b_class":5,"s1_flag":1,"city":"Napoli","sector":1144221,"stroke":"#FF9800","stroke-width":2,"stroke-opacity":0.85},"geometry":{"type":"LineString","coordinates":[[14.204965739999999,40.84902396],[14.197224299999995,40.851954]]}},{"type":"Feature","properties":{"flags":0,"flags_hex":"0x00","b_class":5,"s1_flag":1,"city":"Napoli","sector":1144221,"stroke":"#2196F3","stroke-width":2,"stroke-opacity":0.85},"geometry":{"type":"LineString","coordinates":[[14.22795498,40.84978212],[14.2280394,40.8475305]]}},{"type":"Feature","properties":{"flags":17,"flags_hex":"0x11","b_class":5,"s1_flag":1,"city":"Napoli","sector":1144221,"stroke":"#9C27B0","stroke-width":2,"stroke-opacity":0.85},"geometry":{"type":"LineString","coordinates":[[14.166021119999996,40.827663359999995],[14.170487819999998,40.82540544]]}},{"type":"Feature","properties":{"flags":16,"flags_hex":"0x10","b_class":5,"s1_flag":1,"city":"Napoli","sector":1144221,"stroke":"#FF9800","stroke-width":2,"stroke-opacity":0.85},"geometry":{"type":"LineString","coordinates":[[14.242706159999997,40.851111599999996],[14.245650599999998,40.856379839999995]]}},{"type":"Feature","properties":{"flags":16,"flags_hex":"0x10","b_class":5,"s1_flag":1,"city":"Napoli","sector":1144221,"stroke":"#FF9800","stroke-width":2,"stroke-opacity":0.85},"geometry":{"type":"LineString","coordinates":[[14.269058879999996,40.856364],[14.267767919999997,40.856364719999995]]}},{"type":"Feature","properties":{"flags":16,"flags_hex":"0x10","b_class":5,"s1_flag":0,"city":"Napoli","sector":1144221,"stroke":"#FF9800","stroke-width":2,"stroke-opacity":0.85},"geometry":{"type":"LineString","coordinates":[[14.245648079999995,40.85637371999999],[14.245647899999994,40.85637354]]}},{"type":"Feature","properties":{"flags":16,"flags_hex":"0x10","b_class":5,"s1_flag":1,"city":"Napoli","sector":1144221,"stroke":"#FF9800","stroke-width":2,"stroke-opacity":0.85},"geometry":{"type":"LineString","coordinates":[[14.308277099999998,40.867437239999994],[14.307567719999994,40.8696426]]}},{"type":"Feature","properties":{"flags":16,"flags_hex":"0x10","b_class":5,"s1_flag":1,"city":"Napoli","sector":1144221,"stroke":"#FF9800","stroke-width":2,"stroke-opacity":0.85},"geometry":{"type":"LineString","coordinates":[[14.265925979999999,40.86964818],[14.263342259999995,40.86964224]]}},{"type":"Feature","properties":{"flags":0,"flags_hex":"0x00","b_class":5,"s1_flag":1,"city":"Napoli","sector":1144221,"stroke":"#2196F3","stroke-width":2,"stroke-opacity":0.85},"geometry":{"type":"LineString","coordinates":[[14.282470319999995,40.85195382],[14.284009859999998,40.85197254]]}},{"type":"Feature","properties":{"flags":0,"flags_hex":"0x00","b_class":5,"s1_flag":0,"city":"Napoli","sector":1144221,"stroke":"#2196F3","stroke-width":2,"stroke-opacity":0.85},"geometry":{"type":"LineString","coordinates":[[14.239011659999996,40.92198894],[14.2341774,40.922728199999995]]}},{"type":"Feature","properties":{"flags":0,"flags_hex":"0x00","b_class":5,"s1_flag":0,"city":"Napoli","sector":1144221,"stroke":"#2196F3","stroke-width":2,"stroke-opacity":0.85},"geometry":{"type":"LineString","coordinates":[[14.258919479999996,40.84752708],[14.258919659999997,40.847527619999994]]}},{"type":"Feature","properties":{"flags":0,"flags_hex":"0x00","b_class":5,"s1_flag":0,"city":"Napoli","sector":1144221,"stroke":"#2196F3","stroke-width":2,"stroke-opacity":0.85},"geometry":{"type":"LineString","coordinates":[[14.239822919999995,40.86964296],[14.245652399999997,40.8696426]]}},{"type":"Feature","properties":{"flags":0,"flags_hex":"0x00","b_class":5,"s1_flag":0,"city":"Napoli","sector":1144221,"stroke":"#2196F3","stroke-width":2,"stroke-opacity":0.85},"geometry":{"type":"LineString","coordinates":[[14.308925459999998,40.87517868],[14.301727799999995,40.86964224]]}},{"type":"Feature","properties":{"flags":0,"flags_hex":"0x00","b_class":5,"s1_flag":0,"city":"Napoli","sector":1144221,"stroke":"#2196F3","stroke-width":2,"stroke-opacity":0.85},"geometry":{"type":"LineString","coordinates":[[14.25894486,40.849431839999994],[14.258928299999994,40.842287279999994]]}},{"type":"Feature","properties":{"flags":0,"flags_hex":"0x00","b_class":5,"s1_flag":0,"city":"Napoli","sector":1144221,"stroke":"#2196F3","stroke-width":2,"stroke-opacity":0.85},"geometry":{"type":"LineString","coordinates":[[14.281036799999995,40.887340019999996],[14.281040219999994,40.88733264]]}},{"type":"Feature","properties":{"flags":0,"flags_hex":"0x00","b_class":5,"s1_flag":0,"city":"Napoli","sector":1144221,"stroke":"#2196F3","stroke-width":2,"stroke-opacity":0.85},"geometry":{"type":"LineString","coordinates":[[14.28131346,40.907303459999994],[14.279951579999995,40.899319379999994]]}},{"type":"Feature","properties":{"flags":0,"flags_hex":"0x00","b_class":5,"s1_flag":0,"city":"Napoli","sector":1144221,"stroke":"#2196F3","stroke-width":2,"stroke-opacity":0.85},"geometry":{"type":"LineString","coordinates":[[14.201411279999995,40.88734668],[14.201411099999994,40.88733156]]}},{"type":"Feature","properties":{"flags":16,"flags_hex":"0x10","b_class":5,"s1_flag":0,"city":"Torino","sector":1031326,"stroke":"#FF9800","stroke-width":2,"stroke-opacity":0.85},"geometry":{"type":"LineString","coordinates":[[7.6456125599999964,45.09868176],[7.640357639999998,45.09868788]]}},{"type":"Feature","properties":{"flags":16,"flags_hex":"0x10","b_class":5,"s1_flag":1,"city":"Torino","sector":1031326,"stroke":"#FF9800","stroke-width":2,"stroke-opacity":0.85},"geometry":{"type":"LineString","coordinates":[[7.667647079999995,45.07655886],[7.66320846,45.076550579999996]]}},{"type":"Feature","properties":{"flags":16,"flags_hex":"0x10","b_class":5,"s1_flag":1,"city":"Torino","sector":1031326,"stroke":"#FF9800","stroke-width":2,"stroke-opacity":0.85},"geometry":{"type":"LineString","coordinates":[[7.681073819999995,45.09963],[7.680916319999994,45.104209739999995]]}},{"type":"Feature","properties":{"flags":16,"flags_hex":"0x10","b_class":5,"s1_flag":1,"city":"Torino","sector":1031326,"stroke":"#FF9800","stroke-width":2,"stroke-opacity":0.85},"geometry":{"type":"LineString","coordinates":[[7.680894719999998,45.05887439999999],[7.680901559999995,45.0588699]]}},{"type":"Feature","properties":{"flags":16,"flags_hex":"0x10","b_class":5,"s1_flag":1,"city":"Torino","sector":1031326,"stroke":"#FF9800","stroke-width":2,"stroke-opacity":0.85},"geometry":{"type":"LineString","coordinates":[[7.618973459999999,45.027901619999994],[7.618980839999999,45.02790216]]}},{"type":"Feature","properties":{"flags":16,"flags_hex":"0x10","b_class":5,"s1_flag":1,"city":"Torino","sector":1031326,"stroke":"#FF9800","stroke-width":2,"stroke-opacity":0.85},"geometry":{"type":"LineString","coordinates":[[7.645525979999995,45.058880519999995],[7.642567499999998,45.06034158]]}},{"type":"Feature","properties":{"flags":16,"flags_hex":"0x10","b_class":5,"s1_flag":0,"city":"Torino","sector":1031326,"stroke":"#FF9800","stroke-width":2,"stroke-opacity":0.85},"geometry":{"type":"LineString","coordinates":[[7.680897599999994,45.0677178],[7.678004459999997,45.06774066]]}},{"type":"Feature","properties":{"flags":1,"flags_hex":"0x01","b_class":5,"s1_flag":0,"city":"Torino","sector":1031326,"stroke":"#F44336","stroke-width":2,"stroke-opacity":0.85},"geometry":{"type":"LineString","coordinates":[[7.663209899999998,45.05886396],[7.663220519999996,45.05897736]]}},{"type":"Feature","properties":{"flags":1,"flags_hex":"0x01","b_class":5,"s1_flag":0,"city":"Torino","sector":1031326,"stroke":"#F44336","stroke-width":2,"stroke-opacity":0.85},"geometry":{"type":"LineString","coordinates":[[7.663213319999997,45.05886288],[7.667312639999999,45.058856039999995]]}},{"type":"Feature","properties":{"flags":16,"flags_hex":"0x10","b_class":5,"s1_flag":1,"city":"Torino","sector":1031326,"stroke":"#FF9800","stroke-width":2,"stroke-opacity":0.85},"geometry":{"type":"LineString","coordinates":[[7.6838575199999966,45.0588717],[7.680915599999999,45.058855859999994]]}},{"type":"Feature","properties":{"flags":16,"flags_hex":"0x10","b_class":5,"s1_flag":1,"city":"Torino","sector":1031326,"stroke":"#FF9800","stroke-width":2,"stroke-opacity":0.85},"geometry":{"type":"LineString","coordinates":[[7.663212059999999,45.01021788],[7.663213139999996,45.01021248]]}},{"type":"Feature","properties":{"flags":16,"flags_hex":"0x10","b_class":5,"s1_flag":1,"city":"Torino","sector":1031326,"stroke":"#FF9800","stroke-width":2,"stroke-opacity":0.85},"geometry":{"type":"LineString","coordinates":[[7.725994799999995,45.08098596],[7.721898359999997,45.08447202]]}},{"type":"Feature","properties":{"flags":16,"flags_hex":"0x10","b_class":5,"s1_flag":1,"city":"Torino","sector":1031326,"stroke":"#FF9800","stroke-width":2,"stroke-opacity":0.85},"geometry":{"type":"LineString","coordinates":[[7.725143939999995,45.063302039999996],[7.726621019999996,45.063285119999996]]}},{"type":"Feature","properties":{"flags":16,"flags_hex":"0x10","b_class":5,"s1_flag":1,"city":"Torino","sector":1031326,"stroke":"#FF9800","stroke-width":2,"stroke-opacity":0.85},"geometry":{"type":"LineString","coordinates":[[7.701573839999995,45.0810099],[7.700868239999998,45.080990279999995]]}},{"type":"Feature","properties":{"flags":16,"flags_hex":"0x10","b_class":5,"s1_flag":1,"city":"Torino","sector":1031326,"stroke":"#FF9800","stroke-width":2,"stroke-opacity":0.85},"geometry":{"type":"LineString","coordinates":[[7.618963199999996,45.1163781],[7.61897184,45.11965932]]}},{"type":"Feature","properties":{"flags":16,"flags_hex":"0x10","b_class":5,"s1_flag":1,"city":"Torino","sector":1031326,"stroke":"#FF9800","stroke-width":2,"stroke-opacity":0.85},"geometry":{"type":"LineString","coordinates":[[7.725138539999996,45.063290699999996],[7.725119819999996,45.06322716]]}},{"type":"Feature","properties":{"flags":16,"flags_hex":"0x10","b_class":5,"s1_flag":1,"city":"Torino","sector":1031326,"stroke":"#FF9800","stroke-width":2,"stroke-opacity":0.85},"geometry":{"type":"LineString","coordinates":[[7.680906239999999,45.10067058],[7.680904079999998,45.09867654]]}},{"type":"Feature","properties":{"flags":16,"flags_hex":"0x10","b_class":5,"s1_flag":1,"city":"Torino","sector":1031326,"stroke":"#FF9800","stroke-width":2,"stroke-opacity":0.85},"geometry":{"type":"LineString","coordinates":[[7.622590559999999,45.01020996],[7.622233079999994,45.0102069]]}},{"type":"Feature","properties":{"flags":16,"flags_hex":"0x10","b_class":5,"s1_flag":1,"city":"Torino","sector":1031326,"stroke":"#FF9800","stroke-width":2,"stroke-opacity":0.85},"geometry":{"type":"LineString","coordinates":[[7.725135479999999,45.0836226],[7.72514322,45.0853173]]}},{"type":"Feature","properties":{"flags":16,"flags_hex":"0x10","b_class":5,"s1_flag":1,"city":"Torino","sector":1031326,"stroke":"#FF9800","stroke-width":2,"stroke-opacity":0.85},"geometry":{"type":"LineString","coordinates":[[7.778227199999996,45.06875496],[7.781234999999995,45.0691983]]}},{"type":"Feature","properties":{"flags":16,"flags_hex":"0x10","b_class":5,"s1_flag":1,"city":"Torino","sector":1031326,"stroke":"#FF9800","stroke-width":2,"stroke-opacity":0.85},"geometry":{"type":"LineString","coordinates":[[7.681406639999999,45.09868212],[7.6809064199999995,45.0986724]]}},{"type":"Feature","properties":{"flags":16,"flags_hex":"0x10","b_class":5,"s1_flag":1,"city":"Torino","sector":1031326,"stroke":"#FF9800","stroke-width":2,"stroke-opacity":0.85},"geometry":{"type":"LineString","coordinates":[[7.695651659999996,45.122273099999994],[7.689757379999996,45.116378819999994]]}},{"type":"Feature","properties":{"flags":16,"flags_hex":"0x10","b_class":5,"s1_flag":1,"city":"Torino","sector":1031326,"stroke":"#FF9800","stroke-width":2,"stroke-opacity":0.85},"geometry":{"type":"LineString","coordinates":[[7.613215439999998,45.01020672],[7.61995572,45.01206774]]}},{"type":"Feature","properties":{"flags":16,"flags_hex":"0x10","b_class":5,"s1_flag":1,"city":"Torino","sector":1031326,"stroke":"#FF9800","stroke-width":2,"stroke-opacity":0.85},"geometry":{"type":"LineString","coordinates":[[7.703774159999995,45.057439259999995],[7.69860096,45.063531]]}},{"type":"Feature","properties":{"flags":16,"flags_hex":"0x10","b_class":5,"s1_flag":1,"city":"Torino","sector":1031326,"stroke":"#FF9800","stroke-width":2,"stroke-opacity":0.85},"geometry":{"type":"LineString","coordinates":[[7.725132419999994,45.107525519999996],[7.725146459999998,45.10751921999999]]}},{"type":"Feature","properties":{"flags":16,"flags_hex":"0x10","b_class":5,"s1_flag":1,"city":"Torino","sector":1031326,"stroke":"#FF9800","stroke-width":2,"stroke-opacity":0.85},"geometry":{"type":"LineString","coordinates":[[7.67611788,45.05886792],[7.676298060000001,45.0586827]]}},{"type":"Feature","properties":{"flags":16,"flags_hex":"0x10","b_class":5,"s1_flag":1,"city":"Torino","sector":1031326,"stroke":"#FF9800","stroke-width":2,"stroke-opacity":0.85},"geometry":{"type":"LineString","coordinates":[[7.689748559999998,45.02788992],[7.68974712,45.027993959999996]]}},{"type":"Feature","properties":{"flags":16,"flags_hex":"0x10","b_class":5,"s1_flag":1,"city":"Torino","sector":1031326,"stroke":"#FF9800","stroke-width":2,"stroke-opacity":0.85},"geometry":{"type":"LineString","coordinates":[[7.62193662,45.11647008],[7.618974899999998,45.11637665999999]]}},{"type":"Feature","properties":{"flags":16,"flags_hex":"0x10","b_class":5,"s1_flag":1,"city":"Torino","sector":1031326,"stroke":"#FF9800","stroke-width":2,"stroke-opacity":0.85},"geometry":{"type":"LineString","coordinates":[[7.618973819999994,45.04559328],[7.618977599999994,45.045599579999994]]}},{"type":"Feature","properties":{"flags":16,"flags_hex":"0x10","b_class":5,"s1_flag":1,"city":"Torino","sector":1031326,"stroke":"#FF9800","stroke-width":2,"stroke-opacity":0.85},"geometry":{"type":"LineString","coordinates":[[7.645505279999995,45.08623944],[7.645526159999996,45.08098596]]}},{"type":"Feature","properties":{"flags":16,"flags_hex":"0x10","b_class":5,"s1_flag":1,"city":"Torino","sector":1031326,"stroke":"#FF9800","stroke-width":2,"stroke-opacity":0.85},"geometry":{"type":"LineString","coordinates":[[7.684320479999997,45.02790648],[7.689755219999995,45.0278928]]}},{"type":"Feature","properties":{"flags":16,"flags_hex":"0x10","b_class":5,"s1_flag":1,"city":"Torino","sector":1031326,"stroke":"#FF9800","stroke-width":2,"stroke-opacity":0.85},"geometry":{"type":"LineString","coordinates":[[7.698592499999997,45.09866898],[7.692824039999998,45.096889319999995]]}},{"type":"Feature","properties":{"flags":16,"flags_hex":"0x10","b_class":5,"s1_flag":1,"city":"Torino","sector":1031326,"stroke":"#FF9800","stroke-width":2,"stroke-opacity":0.85},"geometry":{"type":"LineString","coordinates":[[7.778227379999997,45.07214148],[7.780147079999999,45.072642959999996]]}},{"type":"Feature","properties":{"flags":16,"flags_hex":"0x10","b_class":5,"s1_flag":1,"city":"Torino","sector":1031326,"stroke":"#FF9800","stroke-width":2,"stroke-opacity":0.85},"geometry":{"type":"LineString","coordinates":[[7.663534799999994,45.08108369999999],[7.6632190799999975,45.07656624]]}},{"type":"Feature","properties":{"flags":16,"flags_hex":"0x10","b_class":5,"s1_flag":1,"city":"Torino","sector":1031326,"stroke":"#FF9800","stroke-width":2,"stroke-opacity":0.85},"geometry":{"type":"LineString","coordinates":[[7.619355059999997,45.04558734],[7.61897184,45.045601919999996]]}},{"type":"Feature","properties":{"flags":16,"flags_hex":"0x10","b_class":5,"s1_flag":1,"city":"Torino","sector":1031326,"stroke":"#FF9800","stroke-width":2,"stroke-opacity":0.85},"geometry":{"type":"LineString","coordinates":[[7.725143039999999,45.03673728],[7.725132959999996,45.037304279999994]]}},{"type":"Feature","properties":{"flags":16,"flags_hex":"0x10","b_class":5,"s1_flag":1,"city":"Torino","sector":1031326,"stroke":"#FF9800","stroke-width":2,"stroke-opacity":0.85},"geometry":{"type":"LineString","coordinates":[[7.7251487999999995,45.14292054],[7.725151859999997,45.14563602]]}},{"type":"Feature","properties":{"flags":16,"flags_hex":"0x10","b_class":5,"s1_flag":1,"city":"Torino","sector":1031326,"stroke":"#FF9800","stroke-width":2,"stroke-opacity":0.85},"geometry":{"type":"LineString","coordinates":[[7.72514322,45.03714246],[7.725137279999998,45.036757439999995]]}},{"type":"Feature","properties":{"flags":16,"flags_hex":"0x10","b_class":5,"s1_flag":1,"city":"Torino","sector":1031326,"stroke":"#FF9800","stroke-width":2,"stroke-opacity":0.85},"geometry":{"type":"LineString","coordinates":[[7.7251514999999955,45.06329736],[7.725147359999994,45.06329304]]}},{"type":"Feature","properties":{"flags":16,"flags_hex":"0x10","b_class":5,"s1_flag":1,"city":"Torino","sector":1031326,"stroke":"#FF9800","stroke-width":2,"stroke-opacity":0.85},"geometry":{"type":"LineString","coordinates":[[7.610124299999995,45.06328008],[7.6101198,45.06329124]]}},{"type":"Feature","properties":{"flags":16,"flags_hex":"0x10","b_class":5,"s1_flag":1,"city":"Torino","sector":1031326,"stroke":"#FF9800","stroke-width":2,"stroke-opacity":0.85},"geometry":{"type":"LineString","coordinates":[[7.645517339999998,45.0809892],[7.645518239999994,45.08099136]]}},{"type":"Feature","properties":{"flags":16,"flags_hex":"0x10","b_class":5,"s1_flag":1,"city":"Torino","sector":1031326,"stroke":"#FF9800","stroke-width":2,"stroke-opacity":0.85},"geometry":{"type":"LineString","coordinates":[[7.725143039999999,45.081267839999995],[7.7251487999999995,45.080990279999995]]}},{"type":"Feature","properties":{"flags":16,"flags_hex":"0x10","b_class":5,"s1_flag":1,"city":"Torino","sector":1031326,"stroke":"#FF9800","stroke-width":2,"stroke-opacity":0.85},"geometry":{"type":"LineString","coordinates":[[7.69860078,45.04557294],[7.69853904,45.04928922]]}},{"type":"Feature","properties":{"flags":16,"flags_hex":"0x10","b_class":5,"s1_flag":1,"city":"Torino","sector":1031326,"stroke":"#FF9800","stroke-width":2,"stroke-opacity":0.85},"geometry":{"type":"LineString","coordinates":[[7.725144299999997,45.063302039999996],[7.724040179999996,45.060365159999996]]}},{"type":"Feature","properties":{"flags":16,"flags_hex":"0x10","b_class":5,"s1_flag":1,"city":"Torino","sector":1031326,"stroke":"#FF9800","stroke-width":2,"stroke-opacity":0.85},"geometry":{"type":"LineString","coordinates":[[7.725142319999996,45.0809892],[7.725133139999997,45.08097426]]}},{"type":"Feature","properties":{"flags":16,"flags_hex":"0x10","b_class":5,"s1_flag":1,"city":"Torino","sector":1031326,"stroke":"#FF9800","stroke-width":2,"stroke-opacity":0.85},"geometry":{"type":"LineString","coordinates":[[7.698597539999994,45.04559561999999],[7.6985996999999955,45.04558914]]}},{"type":"Feature","properties":{"flags":16,"flags_hex":"0x10","b_class":5,"s1_flag":1,"city":"Torino","sector":1031326,"stroke":"#FF9800","stroke-width":2,"stroke-opacity":0.85},"geometry":{"type":"LineString","coordinates":[[7.725146459999998,45.08098542],[7.725119819999996,45.080915399999995]]}},{"type":"Feature","properties":{"flags":16,"flags_hex":"0x10","b_class":5,"s1_flag":1,"city":"Torino","sector":1031326,"stroke":"#FF9800","stroke-width":2,"stroke-opacity":0.85},"geometry":{"type":"LineString","coordinates":[[7.660363019999998,45.098680679999994],[7.663219439999999,45.09868049999999]]}},{"type":"Feature","properties":{"flags":16,"flags_hex":"0x10","b_class":5,"s1_flag":1,"city":"Torino","sector":1031326,"stroke":"#FF9800","stroke-width":2,"stroke-opacity":0.85},"geometry":{"type":"LineString","coordinates":[[7.654368659999996,45.11637216],[7.654353179999994,45.11636352]]}},{"type":"Feature","properties":{"flags":16,"flags_hex":"0x10","b_class":5,"s1_flag":1,"city":"Torino","sector":1031326,"stroke":"#FF9800","stroke-width":2,"stroke-opacity":0.85},"geometry":{"type":"LineString","coordinates":[[7.69860654,45.0422829],[7.6985952,45.045584819999995]]}},{"type":"Feature","properties":{"flags":16,"flags_hex":"0x10","b_class":5,"s1_flag":1,"city":"Torino","sector":1031326,"stroke":"#FF9800","stroke-width":2,"stroke-opacity":0.85},"geometry":{"type":"LineString","coordinates":[[7.618792019999994,45.04559904],[7.618980659999998,45.03970422]]}},{"type":"Feature","properties":{"flags":16,"flags_hex":"0x10","b_class":5,"s1_flag":1,"city":"Torino","sector":1031326,"stroke":"#FF9800","stroke-width":2,"stroke-opacity":0.85},"geometry":{"type":"LineString","coordinates":[[7.698590879999998,45.04559904],[7.692705779999997,45.045599939999995]]}},{"type":"Feature","properties":{"flags":16,"flags_hex":"0x10","b_class":5,"s1_flag":1,"city":"Torino","sector":1031326,"stroke":"#FF9800","stroke-width":2,"stroke-opacity":0.85},"geometry":{"type":"LineString","coordinates":[[7.680915419999998,45.09868518],[7.6809064199999995,45.10172231999999]]}},{"type":"Feature","properties":{"flags":16,"flags_hex":"0x10","b_class":5,"s1_flag":1,"city":"Torino","sector":1031326,"stroke":"#FF9800","stroke-width":2,"stroke-opacity":0.85},"geometry":{"type":"LineString","coordinates":[[7.618966979999996,45.09867474],[7.620496439999997,45.098682479999994]]}},{"type":"Feature","properties":{"flags":16,"flags_hex":"0x10","b_class":5,"s1_flag":1,"city":"Torino","sector":1031326,"stroke":"#FF9800","stroke-width":2,"stroke-opacity":0.85},"geometry":{"type":"LineString","coordinates":[[7.763079839999996,45.098686799999996],[7.756120319999994,45.092793779999994]]}},{"type":"Feature","properties":{"flags":16,"flags_hex":"0x10","b_class":5,"s1_flag":1,"city":"Torino","sector":1031326,"stroke":"#FF9800","stroke-width":2,"stroke-opacity":0.85},"geometry":{"type":"LineString","coordinates":[[7.760532479999995,45.09331632],[7.764036359999999,45.098671679999995]]}},{"type":"Feature","properties":{"flags":16,"flags_hex":"0x10","b_class":5,"s1_flag":1,"city":"Torino","sector":1031326,"stroke":"#FF9800","stroke-width":2,"stroke-opacity":0.85},"geometry":{"type":"LineString","coordinates":[[7.725143579999994,45.07552656],[7.723490460000001,45.07657416]]}},{"type":"Feature","properties":{"flags":16,"flags_hex":"0x10","b_class":5,"s1_flag":1,"city":"Torino","sector":1031326,"stroke":"#FF9800","stroke-width":2,"stroke-opacity":0.85},"geometry":{"type":"LineString","coordinates":[[7.698596099999996,45.0455967],[7.7007665399999965,45.0455499]]}},{"type":"Feature","properties":{"flags":16,"flags_hex":"0x10","b_class":5,"s1_flag":1,"city":"Torino","sector":1031326,"stroke":"#FF9800","stroke-width":2,"stroke-opacity":0.85},"geometry":{"type":"LineString","coordinates":[[7.698606359999999,45.08099136],[7.697396939999997,45.08097966]]}},{"type":"Feature","properties":{"flags":16,"flags_hex":"0x10","b_class":5,"s1_flag":1,"city":"Torino","sector":1031326,"stroke":"#FF9800","stroke-width":2,"stroke-opacity":0.85},"geometry":{"type":"LineString","coordinates":[[7.698593939999995,45.045584639999994],[7.701321479999997,45.045607319999995]]}},{"type":"Feature","properties":{"flags":16,"flags_hex":"0x10","b_class":5,"s1_flag":0,"city":"Torino","sector":1031326,"stroke":"#FF9800","stroke-width":2,"stroke-opacity":0.85},"geometry":{"type":"LineString","coordinates":[[7.622664359999995,45.024976439999996],[7.619414819999996,45.03124584]]}},{"type":"Feature","properties":{"flags":16,"flags_hex":"0x10","b_class":5,"s1_flag":0,"city":"Torino","sector":1031326,"stroke":"#FF9800","stroke-width":2,"stroke-opacity":0.85},"geometry":{"type":"LineString","coordinates":[[7.641013379999997,45.045603359999994],[7.645511039999995,45.044124659999994]]}},{"type":"Feature","properties":{"flags":16,"flags_hex":"0x10","b_class":5,"s1_flag":0,"city":"Torino","sector":1031326,"stroke":"#FF9800","stroke-width":2,"stroke-opacity":0.85},"geometry":{"type":"LineString","coordinates":[[7.722292379999999,45.06328764],[7.721180699999998,45.0632988]]}},{"type":"Feature","properties":{"flags":16,"flags_hex":"0x10","b_class":5,"s1_flag":0,"city":"Torino","sector":1031326,"stroke":"#FF9800","stroke-width":2,"stroke-opacity":0.85},"geometry":{"type":"LineString","coordinates":[[7.725152399999999,45.08098722],[7.725147359999994,45.080986499999995]]}},{"type":"Feature","properties":{"flags":16,"flags_hex":"0x10","b_class":5,"s1_flag":0,"city":"Torino","sector":1031326,"stroke":"#FF9800","stroke-width":2,"stroke-opacity":0.85},"geometry":{"type":"LineString","coordinates":[[7.680910019999999,45.05887188],[7.680912719999995,45.064765259999994]]}},{"type":"Feature","properties":{"flags":16,"flags_hex":"0x10","b_class":5,"s1_flag":0,"city":"Torino","sector":1031326,"stroke":"#FF9800","stroke-width":2,"stroke-opacity":0.85},"geometry":{"type":"LineString","coordinates":[[7.725134399999995,45.03675456],[7.725131519999998,45.036611279999995]]}},{"type":"Feature","properties":{"flags":16,"flags_hex":"0x10","b_class":5,"s1_flag":1,"city":"Torino","sector":1031326,"stroke":"#FF9800","stroke-width":2,"stroke-opacity":0.85},"geometry":{"type":"LineString","coordinates":[[7.6927505999999966,45.06329088],[7.69975926,45.06737201999999]]}},{"type":"Feature","properties":{"flags":16,"flags_hex":"0x10","b_class":5,"s1_flag":0,"city":"Torino","sector":1031326,"stroke":"#FF9800","stroke-width":2,"stroke-opacity":0.85},"geometry":{"type":"LineString","coordinates":[[7.703402099999998,45.080988479999995],[7.70181522,45.080992439999996]]}},{"type":"Feature","properties":{"flags":16,"flags_hex":"0x10","b_class":5,"s1_flag":1,"city":"Torino","sector":1031326,"stroke":"#FF9800","stroke-width":2,"stroke-opacity":0.85},"geometry":{"type":"LineString","coordinates":[[7.701573839999995,45.0810099],[7.700868239999998,45.080990279999995]]}},{"type":"Feature","properties":{"flags":16,"flags_hex":"0x10","b_class":5,"s1_flag":1,"city":"Torino","sector":1031326,"stroke":"#FF9800","stroke-width":2,"stroke-opacity":0.85},"geometry":{"type":"LineString","coordinates":[[7.680175079999998,45.0986688],[7.680909479999997,45.09868932]]}},{"type":"Feature","properties":{"flags":16,"flags_hex":"0x10","b_class":5,"s1_flag":1,"city":"Torino","sector":1031326,"stroke":"#FF9800","stroke-width":2,"stroke-opacity":0.85},"geometry":{"type":"LineString","coordinates":[[7.689756839999994,45.02791062],[7.689756839999994,45.022065479999995]]}},{"type":"Feature","properties":{"flags":16,"flags_hex":"0x10","b_class":5,"s1_flag":1,"city":"Torino","sector":1031326,"stroke":"#FF9800","stroke-width":2,"stroke-opacity":0.85},"geometry":{"type":"LineString","coordinates":[[7.725141959999995,45.0632916],[7.725150239999998,45.06329124]]}},{"type":"Feature","properties":{"flags":16,"flags_hex":"0x10","b_class":5,"s1_flag":1,"city":"Torino","sector":1031326,"stroke":"#FF9800","stroke-width":2,"stroke-opacity":0.85},"geometry":{"type":"LineString","coordinates":[[7.616056019999995,45.098684639999995],[7.618979039999999,45.0986841]]}},{"type":"Feature","properties":{"flags":16,"flags_hex":"0x10","b_class":5,"s1_flag":1,"city":"Torino","sector":1031326,"stroke":"#FF9800","stroke-width":2,"stroke-opacity":0.85},"geometry":{"type":"LineString","coordinates":[[7.663216739999996,45.045599939999995],[7.663218719999996,45.04560102]]}},{"type":"Feature","properties":{"flags":16,"flags_hex":"0x10","b_class":5,"s1_flag":1,"city":"Torino","sector":1031326,"stroke":"#FF9800","stroke-width":2,"stroke-opacity":0.85},"geometry":{"type":"LineString","coordinates":[[7.654354079999997,45.13406472],[7.654365779999999,45.13555656]]}},{"type":"Feature","properties":{"flags":16,"flags_hex":"0x10","b_class":5,"s1_flag":1,"city":"Torino","sector":1031326,"stroke":"#FF9800","stroke-width":2,"stroke-opacity":0.85},"geometry":{"type":"LineString","coordinates":[[7.665255599999995,45.045597959999995],[7.6587997199999975,45.03971069999999]]}},{"type":"Feature","properties":{"flags":16,"flags_hex":"0x10","b_class":5,"s1_flag":1,"city":"Torino","sector":1031326,"stroke":"#FF9800","stroke-width":2,"stroke-opacity":0.85},"geometry":{"type":"LineString","coordinates":[[7.7605436399999945,45.098681219999996],[7.760520959999994,45.0986913]]}},{"type":"Feature","properties":{"flags":16,"flags_hex":"0x10","b_class":5,"s1_flag":1,"city":"Torino","sector":1031326,"stroke":"#FF9800","stroke-width":2,"stroke-opacity":0.85},"geometry":{"type":"LineString","coordinates":[[7.663211519999997,45.02790432],[7.657359359999994,45.027901799999995]]}},{"type":"Feature","properties":{"flags":16,"flags_hex":"0x10","b_class":5,"s1_flag":1,"city":"Torino","sector":1031326,"stroke":"#FF9800","stroke-width":2,"stroke-opacity":0.85},"geometry":{"type":"LineString","coordinates":[[7.728836279999996,45.06329088],[7.725145919999996,45.05744016]]}},{"type":"Feature","properties":{"flags":16,"flags_hex":"0x10","b_class":5,"s1_flag":1,"city":"Torino","sector":1031326,"stroke":"#FF9800","stroke-width":2,"stroke-opacity":0.85},"geometry":{"type":"LineString","coordinates":[[7.668758579999995,45.00560484],[7.663211879999999,45.013903739999996]]}},{"type":"Feature","properties":{"flags":16,"flags_hex":"0x10","b_class":5,"s1_flag":1,"city":"Torino","sector":1031326,"stroke":"#FF9800","stroke-width":2,"stroke-opacity":0.85},"geometry":{"type":"LineString","coordinates":[[7.698599519999995,45.08099316],[7.698743159999999,45.080986319999994]]}},{"type":"Feature","properties":{"flags":16,"flags_hex":"0x10","b_class":5,"s1_flag":1,"city":"Torino","sector":1031326,"stroke":"#FF9800","stroke-width":2,"stroke-opacity":0.85},"geometry":{"type":"LineString","coordinates":[[7.689742799999998,45.11638206],[7.68975648,45.116382599999994]]}},{"type":"Feature","properties":{"flags":16,"flags_hex":"0x10","b_class":5,"s1_flag":1,"city":"Torino","sector":1031326,"stroke":"#FF9800","stroke-width":2,"stroke-opacity":0.85},"geometry":{"type":"LineString","coordinates":[[7.610124299999995,45.06328332],[7.6105977,45.06277968]]}},{"type":"Feature","properties":{"flags":16,"flags_hex":"0x10","b_class":5,"s1_flag":0,"city":"Torino","sector":1031326,"stroke":"#FF9800","stroke-width":2,"stroke-opacity":0.85},"geometry":{"type":"LineString","coordinates":[[7.618980299999997,45.004322159999994],[7.618963199999996,45.010216799999995]]}},{"type":"Feature","properties":{"flags":16,"flags_hex":"0x10","b_class":5,"s1_flag":1,"city":"Torino","sector":1031326,"stroke":"#FF9800","stroke-width":2,"stroke-opacity":0.85},"geometry":{"type":"LineString","coordinates":[[7.65435282,45.134071199999994],[7.65436794,45.13406706]]}},{"type":"Feature","properties":{"flags":16,"flags_hex":"0x10","b_class":5,"s1_flag":1,"city":"Torino","sector":1031326,"stroke":"#FF9800","stroke-width":2,"stroke-opacity":0.85},"geometry":{"type":"LineString","coordinates":[[7.663202339999998,45.06477065999999],[7.663205759999997,45.067709879999995]]}},{"type":"Feature","properties":{"flags":16,"flags_hex":"0x10","b_class":5,"s1_flag":1,"city":"Torino","sector":1031326,"stroke":"#FF9800","stroke-width":2,"stroke-opacity":0.85},"geometry":{"type":"LineString","coordinates":[[7.6846127999999965,45.045596339999996],[7.680900659999999,45.04559652]]}},{"type":"Feature","properties":{"flags":16,"flags_hex":"0x10","b_class":5,"s1_flag":0,"city":"Torino","sector":1031326,"stroke":"#FF9800","stroke-width":2,"stroke-opacity":0.85},"geometry":{"type":"LineString","coordinates":[[7.703402099999998,45.080988479999995],[7.70181522,45.080992439999996]]}},{"type":"Feature","properties":{"flags":16,"flags_hex":"0x10","b_class":5,"s1_flag":1,"city":"Torino","sector":1031326,"stroke":"#FF9800","stroke-width":2,"stroke-opacity":0.85},"geometry":{"type":"LineString","coordinates":[[7.62806526,45.06328206],[7.625341139999996,45.060630659999994]]}},{"type":"Feature","properties":{"flags":16,"flags_hex":"0x10","b_class":5,"s1_flag":1,"city":"Torino","sector":1031326,"stroke":"#FF9800","stroke-width":2,"stroke-opacity":0.85},"geometry":{"type":"LineString","coordinates":[[7.665072899999998,45.085415039999994],[7.663200359999998,45.08539776]]}},{"type":"Feature","properties":{"flags":16,"flags_hex":"0x10","b_class":5,"s1_flag":1,"city":"Torino","sector":1031326,"stroke":"#FF9800","stroke-width":2,"stroke-opacity":0.85},"geometry":{"type":"LineString","coordinates":[[7.663211699999998,45.08540927999999],[7.663201439999995,45.085400639999996]]}},{"type":"Feature","properties":{"flags":16,"flags_hex":"0x10","b_class":5,"s1_flag":1,"city":"Torino","sector":1031326,"stroke":"#FF9800","stroke-width":2,"stroke-opacity":0.85},"geometry":{"type":"LineString","coordinates":[[7.72956654,45.06181614],[7.720975679999995,45.0632916]]}},{"type":"Feature","properties":{"flags":16,"flags_hex":"0x10","b_class":5,"s1_flag":1,"city":"Torino","sector":1031326,"stroke":"#FF9800","stroke-width":2,"stroke-opacity":0.85},"geometry":{"type":"LineString","coordinates":[[7.728266759999997,45.064216079999994],[7.725147359999994,45.06329375999999]]}},{"type":"Feature","properties":{"flags":16,"flags_hex":"0x10","b_class":5,"s1_flag":1,"city":"Torino","sector":1031326,"stroke":"#FF9800","stroke-width":2,"stroke-opacity":0.85},"geometry":{"type":"LineString","coordinates":[[7.69858962,45.098680859999995],[7.6986013199999945,45.09870804]]}},{"type":"Feature","properties":{"flags":16,"flags_hex":"0x10","b_class":5,"s1_flag":1,"city":"Torino","sector":1031326,"stroke":"#FF9800","stroke-width":2,"stroke-opacity":0.85},"geometry":{"type":"LineString","coordinates":[[7.692817919999996,45.142910279999995],[7.689759719999998,45.13703526]]}},{"type":"Feature","properties":{"flags":16,"flags_hex":"0x10","b_class":5,"s1_flag":1,"city":"Torino","sector":1031326,"stroke":"#FF9800","stroke-width":2,"stroke-opacity":0.85},"geometry":{"type":"LineString","coordinates":[[7.725151319999995,45.076565339999995],[7.726427519999994,45.080988839999996]]}},{"type":"Feature","properties":{"flags":16,"flags_hex":"0x10","b_class":5,"s1_flag":1,"city":"Torino","sector":1031326,"stroke":"#FF9800","stroke-width":2,"stroke-opacity":0.85},"geometry":{"type":"LineString","coordinates":[[7.698611039999996,45.04559706],[7.699363979999994,45.039891239999996]]}},{"type":"Feature","properties":{"flags":16,"flags_hex":"0x10","b_class":5,"s1_flag":0,"city":"Torino","sector":1031326,"stroke":"#FF9800","stroke-width":2,"stroke-opacity":0.85},"geometry":{"type":"LineString","coordinates":[[7.778219819999997,45.07214868],[7.7745591599999955,45.07213247999999]]}},{"type":"Feature","properties":{"flags":16,"flags_hex":"0x10","b_class":5,"s1_flag":0,"city":"Torino","sector":1031326,"stroke":"#FF9800","stroke-width":2,"stroke-opacity":0.85},"geometry":{"type":"LineString","coordinates":[[7.699971839999996,45.0456012],[7.69274772,45.045928079999996]]}},{"type":"Feature","properties":{"flags":16,"flags_hex":"0x10","b_class":5,"s1_flag":1,"city":"Torino","sector":1031326,"stroke":"#FF9800","stroke-width":2,"stroke-opacity":0.85},"geometry":{"type":"LineString","coordinates":[[7.663221059999998,45.07656642],[7.663216199999994,45.076561559999995]]}},{"type":"Feature","properties":{"flags":16,"flags_hex":"0x10","b_class":5,"s1_flag":1,"city":"Torino","sector":1031326,"stroke":"#FF9800","stroke-width":2,"stroke-opacity":0.85},"geometry":{"type":"LineString","coordinates":[[7.725146459999998,45.06329088],[7.726205399999998,45.060362999999995]]}},{"type":"Feature","properties":{"flags":16,"flags_hex":"0x10","b_class":5,"s1_flag":1,"city":"Torino","sector":1031326,"stroke":"#FF9800","stroke-width":2,"stroke-opacity":0.85},"geometry":{"type":"LineString","coordinates":[[7.7257474799999954,45.08098578],[7.725144659999998,45.0809856]]}},{"type":"Feature","properties":{"flags":16,"flags_hex":"0x10","b_class":5,"s1_flag":1,"city":"Torino","sector":1031326,"stroke":"#FF9800","stroke-width":2,"stroke-opacity":0.85},"geometry":{"type":"LineString","coordinates":[[7.725143039999999,45.105418619999995],[7.730382299999995,45.10752804]]}},{"type":"Feature","properties":{"flags":16,"flags_hex":"0x10","b_class":5,"s1_flag":1,"city":"Torino","sector":1031326,"stroke":"#FF9800","stroke-width":2,"stroke-opacity":0.85},"geometry":{"type":"LineString","coordinates":[[7.5835751999999985,45.02790216],[7.583582759999999,45.030482819999996]]}},{"type":"Feature","properties":{"flags":17,"flags_hex":"0x11","b_class":5,"s1_flag":0,"city":"Torino","sector":1031326,"stroke":"#9C27B0","stroke-width":2,"stroke-opacity":0.85},"geometry":{"type":"LineString","coordinates":[[7.645482779999995,45.10052784],[7.645511039999995,45.09866898]]}},{"type":"Feature","properties":{"flags":16,"flags_hex":"0x10","b_class":5,"s1_flag":1,"city":"Torino","sector":1031326,"stroke":"#FF9800","stroke-width":2,"stroke-opacity":0.85},"geometry":{"type":"LineString","coordinates":[[7.68554322,45.09883584],[7.68090282,45.09867456]]}},{"type":"Feature","properties":{"flags":16,"flags_hex":"0x10","b_class":5,"s1_flag":1,"city":"Torino","sector":1031326,"stroke":"#FF9800","stroke-width":2,"stroke-opacity":0.85},"geometry":{"type":"LineString","coordinates":[[7.6632180000000005,45.01020887999999],[7.663208819999994,45.010212839999994]]}},{"type":"Feature","properties":{"flags":16,"flags_hex":"0x10","b_class":5,"s1_flag":1,"city":"Torino","sector":1031326,"stroke":"#FF9800","stroke-width":2,"stroke-opacity":0.85},"geometry":{"type":"LineString","coordinates":[[7.72513386,45.143256599999994],[7.725142679999998,45.1429164]]}},{"type":"Feature","properties":{"flags":16,"flags_hex":"0x10","b_class":5,"s1_flag":0,"city":"Torino","sector":1031326,"stroke":"#FF9800","stroke-width":2,"stroke-opacity":0.85},"geometry":{"type":"LineString","coordinates":[[7.663214579999995,45.07655544],[7.663212959999996,45.07657055999999]]}},{"type":"Feature","properties":{"flags":16,"flags_hex":"0x10","b_class":5,"s1_flag":1,"city":"Torino","sector":1031326,"stroke":"#FF9800","stroke-width":2,"stroke-opacity":0.85},"geometry":{"type":"LineString","coordinates":[[7.725143039999999,45.0809748],[7.725134759999996,45.0809874]]}},{"type":"Feature","properties":{"flags":16,"flags_hex":"0x10","b_class":5,"s1_flag":1,"city":"Torino","sector":1031326,"stroke":"#FF9800","stroke-width":2,"stroke-opacity":0.85},"geometry":{"type":"LineString","coordinates":[[7.778337719999996,45.072138419999995],[7.779794099999997,45.07665426]]}},{"type":"Feature","properties":{"flags":16,"flags_hex":"0x10","b_class":5,"s1_flag":1,"city":"Torino","sector":1031326,"stroke":"#FF9800","stroke-width":2,"stroke-opacity":0.85},"geometry":{"type":"LineString","coordinates":[[7.698589979999994,45.095317019999996],[7.698608159999999,45.102176639999996]]}},{"type":"Feature","properties":{"flags":16,"flags_hex":"0x10","b_class":5,"s1_flag":1,"city":"Torino","sector":1031326,"stroke":"#FF9800","stroke-width":2,"stroke-opacity":0.85},"geometry":{"type":"LineString","coordinates":[[7.65436416,45.116368019999996],[7.65445776,45.116375219999995]]}},{"type":"Feature","properties":{"flags":16,"flags_hex":"0x10","b_class":5,"s1_flag":1,"city":"Torino","sector":1031326,"stroke":"#FF9800","stroke-width":2,"stroke-opacity":0.85},"geometry":{"type":"LineString","coordinates":[[7.663222859999998,45.024961499999996],[7.66321962,45.027892439999995]]}},{"type":"Feature","properties":{"flags":16,"flags_hex":"0x10","b_class":5,"s1_flag":1,"city":"Torino","sector":1031326,"stroke":"#FF9800","stroke-width":2,"stroke-opacity":0.85},"geometry":{"type":"LineString","coordinates":[[7.700746559999999,45.045597599999994],[7.693441439999994,45.045588959999996]]}},{"type":"Feature","properties":{"flags":16,"flags_hex":"0x10","b_class":5,"s1_flag":1,"city":"Torino","sector":1031326,"stroke":"#FF9800","stroke-width":2,"stroke-opacity":0.85},"geometry":{"type":"LineString","coordinates":[[7.778227379999997,45.07214292],[7.773517139999996,45.07564068]]}},{"type":"Feature","properties":{"flags":16,"flags_hex":"0x10","b_class":5,"s1_flag":1,"city":"Torino","sector":1031326,"stroke":"#FF9800","stroke-width":2,"stroke-opacity":0.85},"geometry":{"type":"LineString","coordinates":[[7.689756299999999,45.027901799999995],[7.689749279999994,45.027901619999994]]}},{"type":"Feature","properties":{"flags":16,"flags_hex":"0x10","b_class":5,"s1_flag":1,"city":"Torino","sector":1031326,"stroke":"#FF9800","stroke-width":2,"stroke-opacity":0.85},"geometry":{"type":"LineString","coordinates":[[7.6767989999999955,45.098681039999995],[7.680904439999999,45.09868392]]}},{"type":"Feature","properties":{"flags":16,"flags_hex":"0x10","b_class":5,"s1_flag":1,"city":"Torino","sector":1031326,"stroke":"#FF9800","stroke-width":2,"stroke-opacity":0.85},"geometry":{"type":"LineString","coordinates":[[7.725132779999996,45.063290699999996],[7.725119819999996,45.063207]]}},{"type":"Feature","properties":{"flags":16,"flags_hex":"0x10","b_class":5,"s1_flag":1,"city":"Torino","sector":1031326,"stroke":"#FF9800","stroke-width":2,"stroke-opacity":0.85},"geometry":{"type":"LineString","coordinates":[[7.6897566600000005,45.024952139999996],[7.686804299999999,45.02859642]]}},{"type":"Feature","properties":{"flags":16,"flags_hex":"0x10","b_class":5,"s1_flag":1,"city":"Torino","sector":1031326,"stroke":"#FF9800","stroke-width":2,"stroke-opacity":0.85},"geometry":{"type":"LineString","coordinates":[[7.645505099999994,45.098641439999994],[7.649615759999996,45.098686259999994]]}},{"type":"Feature","properties":{"flags":16,"flags_hex":"0x10","b_class":5,"s1_flag":1,"city":"Torino","sector":1031326,"stroke":"#FF9800","stroke-width":2,"stroke-opacity":0.85},"geometry":{"type":"LineString","coordinates":[[7.725138359999995,45.14290578],[7.725148079999997,45.142906319999994]]}},{"type":"Feature","properties":{"flags":16,"flags_hex":"0x10","b_class":5,"s1_flag":1,"city":"Torino","sector":1031326,"stroke":"#FF9800","stroke-width":2,"stroke-opacity":0.85},"geometry":{"type":"LineString","coordinates":[[7.778325119999998,45.072138419999995],[7.778229179999997,45.07214346]]}},{"type":"Feature","properties":{"flags":16,"flags_hex":"0x10","b_class":5,"s1_flag":1,"city":"Torino","sector":1031326,"stroke":"#FF9800","stroke-width":2,"stroke-opacity":0.85},"geometry":{"type":"LineString","coordinates":[[7.725150239999998,45.0809928],[7.725146099999996,45.08406144]]}},{"type":"Feature","properties":{"flags":17,"flags_hex":"0x11","b_class":5,"s1_flag":1,"city":"Torino","sector":1031326,"stroke":"#9C27B0","stroke-width":2,"stroke-opacity":0.85},"geometry":{"type":"LineString","coordinates":[[7.694239919999994,45.0455877],[7.69859538,45.039831119999995]]}},{"type":"Feature","properties":{"flags":17,"flags_hex":"0x11","b_class":5,"s1_flag":1,"city":"Torino","sector":1031326,"stroke":"#9C27B0","stroke-width":2,"stroke-opacity":0.85},"geometry":{"type":"LineString","coordinates":[[7.69348626,45.09867474],[7.698592499999997,45.1005057]]}},{"type":"Feature","properties":{"flags":16,"flags_hex":"0x10","b_class":5,"s1_flag":1,"city":"Torino","sector":1031326,"stroke":"#FF9800","stroke-width":2,"stroke-opacity":0.85},"geometry":{"type":"LineString","coordinates":[[7.627815779999999,45.063412559999996],[7.62782352,45.063279359999996]]}},{"type":"Feature","properties":{"flags":16,"flags_hex":"0x10","b_class":5,"s1_flag":1,"city":"Torino","sector":1031326,"stroke":"#FF9800","stroke-width":2,"stroke-opacity":0.85},"geometry":{"type":"LineString","coordinates":[[7.725146639999998,45.036753479999994],[7.7193106799999995,45.03687264]]}},{"type":"Feature","properties":{"flags":16,"flags_hex":"0x10","b_class":5,"s1_flag":1,"city":"Torino","sector":1031326,"stroke":"#FF9800","stroke-width":2,"stroke-opacity":0.85},"geometry":{"type":"LineString","coordinates":[[7.663206119999998,45.045590759999996],[7.669109579999997,45.051494219999995]]}},{"type":"Feature","properties":{"flags":16,"flags_hex":"0x10","b_class":5,"s1_flag":1,"city":"Torino","sector":1031326,"stroke":"#FF9800","stroke-width":2,"stroke-opacity":0.85},"geometry":{"type":"LineString","coordinates":[[7.726373519999996,45.142919279999994],[7.7251421399999955,45.1429263]]}},{"type":"Feature","properties":{"flags":16,"flags_hex":"0x10","b_class":5,"s1_flag":1,"city":"Torino","sector":1031326,"stroke":"#FF9800","stroke-width":2,"stroke-opacity":0.85},"geometry":{"type":"LineString","coordinates":[[7.681036919999997,45.0677142],[7.680905519999996,45.067715279999994]]}},{"type":"Feature","properties":{"flags":16,"flags_hex":"0x10","b_class":5,"s1_flag":1,"city":"Torino","sector":1031326,"stroke":"#FF9800","stroke-width":2,"stroke-opacity":0.85},"geometry":{"type":"LineString","coordinates":[[7.7251452,45.06329088],[7.726674299999999,45.06328584]]}},{"type":"Feature","properties":{"flags":16,"flags_hex":"0x10","b_class":5,"s1_flag":1,"city":"Torino","sector":1031326,"stroke":"#FF9800","stroke-width":2,"stroke-opacity":0.85},"geometry":{"type":"LineString","coordinates":[[7.698606359999999,45.08099136],[7.697396939999997,45.08097966]]}},{"type":"Feature","properties":{"flags":16,"flags_hex":"0x10","b_class":5,"s1_flag":1,"city":"Torino","sector":1031326,"stroke":"#FF9800","stroke-width":2,"stroke-opacity":0.85},"geometry":{"type":"LineString","coordinates":[[7.696832999999998,45.0489204],[7.69859538,45.045599759999995]]}},{"type":"Feature","properties":{"flags":16,"flags_hex":"0x10","b_class":5,"s1_flag":1,"city":"Torino","sector":1031326,"stroke":"#FF9800","stroke-width":2,"stroke-opacity":0.85},"geometry":{"type":"LineString","coordinates":[[7.610124299999995,45.06327972],[7.6101198,45.0632952]]}},{"type":"Feature","properties":{"flags":16,"flags_hex":"0x10","b_class":5,"s1_flag":1,"city":"Torino","sector":1031326,"stroke":"#FF9800","stroke-width":2,"stroke-opacity":0.85},"geometry":{"type":"LineString","coordinates":[[7.687174199999994,45.11748222],[7.6846770599999985,45.117001259999995]]}},{"type":"Feature","properties":{"flags":16,"flags_hex":"0x10","b_class":5,"s1_flag":1,"city":"Torino","sector":1031326,"stroke":"#FF9800","stroke-width":2,"stroke-opacity":0.85},"geometry":{"type":"LineString","coordinates":[[7.722700619999998,45.06324462],[7.724963580000001,45.06188057999999]]}},{"type":"Feature","properties":{"flags":16,"flags_hex":"0x10","b_class":5,"s1_flag":1,"city":"Torino","sector":1031326,"stroke":"#FF9800","stroke-width":2,"stroke-opacity":0.85},"geometry":{"type":"LineString","coordinates":[[7.725182099999998,45.142921619999996],[7.724786099999996,45.14217966]]}},{"type":"Feature","properties":{"flags":16,"flags_hex":"0x10","b_class":5,"s1_flag":1,"city":"Torino","sector":1031326,"stroke":"#FF9800","stroke-width":2,"stroke-opacity":0.85},"geometry":{"type":"LineString","coordinates":[[7.725149519999995,45.06329538],[7.727021519999994,45.066337919999995]]}},{"type":"Feature","properties":{"flags":16,"flags_hex":"0x10","b_class":5,"s1_flag":1,"city":"Torino","sector":1031326,"stroke":"#FF9800","stroke-width":2,"stroke-opacity":0.85},"geometry":{"type":"LineString","coordinates":[[7.68976404,45.11637576],[7.689761699999998,45.11637485999999]]}},{"type":"Feature","properties":{"flags":16,"flags_hex":"0x10","b_class":5,"s1_flag":1,"city":"Torino","sector":1031326,"stroke":"#FF9800","stroke-width":2,"stroke-opacity":0.85},"geometry":{"type":"LineString","coordinates":[[7.7251520399999976,45.063284939999996],[7.725137099999998,45.06327648]]}},{"type":"Feature","properties":{"flags":16,"flags_hex":"0x10","b_class":5,"s1_flag":1,"city":"Torino","sector":1031326,"stroke":"#FF9800","stroke-width":2,"stroke-opacity":0.85},"geometry":{"type":"LineString","coordinates":[[7.659524939999997,45.08467182],[7.66042728,45.08541432]]}},{"type":"Feature","properties":{"flags":16,"flags_hex":"0x10","b_class":5,"s1_flag":1,"city":"Torino","sector":1031326,"stroke":"#FF9800","stroke-width":2,"stroke-opacity":0.85},"geometry":{"type":"LineString","coordinates":[[7.689751080000001,45.11637468],[7.689753059999994,45.11638026]]}},{"type":"Feature","properties":{"flags":16,"flags_hex":"0x10","b_class":5,"s1_flag":1,"city":"Torino","sector":1031326,"stroke":"#FF9800","stroke-width":2,"stroke-opacity":0.85},"geometry":{"type":"LineString","coordinates":[[7.645505099999994,45.09865728],[7.645516259999994,45.09280854]]}},{"type":"Feature","properties":{"flags":16,"flags_hex":"0x10","b_class":5,"s1_flag":1,"city":"Torino","sector":1031326,"stroke":"#FF9800","stroke-width":2,"stroke-opacity":0.85},"geometry":{"type":"LineString","coordinates":[[7.778235840000001,45.07214166],[7.7789680799999985,45.07212816]]}},{"type":"Feature","properties":{"flags":16,"flags_hex":"0x10","b_class":5,"s1_flag":1,"city":"Torino","sector":1031326,"stroke":"#FF9800","stroke-width":2,"stroke-opacity":0.85},"geometry":{"type":"LineString","coordinates":[[7.69861212,45.04559724],[7.698592319999996,45.04217472]]}},{"type":"Feature","properties":{"flags":16,"flags_hex":"0x10","b_class":5,"s1_flag":1,"city":"Torino","sector":1031326,"stroke":"#FF9800","stroke-width":2,"stroke-opacity":0.85},"geometry":{"type":"LineString","coordinates":[[7.619205119999997,45.045599939999995],[7.618969319999998,45.0456048]]}},{"type":"Feature","properties":{"flags":16,"flags_hex":"0x10","b_class":5,"s1_flag":1,"city":"Torino","sector":1031326,"stroke":"#FF9800","stroke-width":2,"stroke-opacity":0.85},"geometry":{"type":"LineString","coordinates":[[7.645505099999994,45.098639459999994],[7.644799859999999,45.098739179999995]]}},{"type":"Feature","properties":{"flags":16,"flags_hex":"0x10","b_class":5,"s1_flag":1,"city":"Torino","sector":1031326,"stroke":"#FF9800","stroke-width":2,"stroke-opacity":0.85},"geometry":{"type":"LineString","coordinates":[[7.585107000000001,44.99841006],[7.580635979999997,45.00714186]]}},{"type":"Feature","properties":{"flags":16,"flags_hex":"0x10","b_class":5,"s1_flag":1,"city":"Torino","sector":1031326,"stroke":"#FF9800","stroke-width":2,"stroke-opacity":0.85},"geometry":{"type":"LineString","coordinates":[[7.645505099999994,45.09864414],[7.642940639999999,45.098680859999995]]}},{"type":"Feature","properties":{"flags":16,"flags_hex":"0x10","b_class":5,"s1_flag":1,"city":"Torino","sector":1031326,"stroke":"#FF9800","stroke-width":2,"stroke-opacity":0.85},"geometry":{"type":"LineString","coordinates":[[7.7251378200000005,45.14292287999999],[7.725143939999995,45.146072159999996]]}},{"type":"Feature","properties":{"flags":16,"flags_hex":"0x10","b_class":5,"s1_flag":1,"city":"Torino","sector":1031326,"stroke":"#FF9800","stroke-width":2,"stroke-opacity":0.85},"geometry":{"type":"LineString","coordinates":[[7.663219439999999,45.07655328],[7.663202339999998,45.0765621]]}},{"type":"Feature","properties":{"flags":16,"flags_hex":"0x10","b_class":5,"s1_flag":1,"city":"Torino","sector":1031326,"stroke":"#FF9800","stroke-width":2,"stroke-opacity":0.85},"geometry":{"type":"LineString","coordinates":[[7.698595559999994,45.0986814],[7.698608159999999,45.09868607999999]]}},{"type":"Feature","properties":{"flags":16,"flags_hex":"0x10","b_class":5,"s1_flag":1,"city":"Torino","sector":1031326,"stroke":"#FF9800","stroke-width":2,"stroke-opacity":0.85},"geometry":{"type":"LineString","coordinates":[[7.755377279999998,45.09868607999999],[7.760535359999999,45.0986841]]}},{"type":"Feature","properties":{"flags":16,"flags_hex":"0x10","b_class":5,"s1_flag":1,"city":"Torino","sector":1031326,"stroke":"#FF9800","stroke-width":2,"stroke-opacity":0.85},"geometry":{"type":"LineString","coordinates":[[7.613287799999995,45.098681039999995],[7.621924739999997,45.098669519999994]]}},{"type":"Feature","properties":{"flags":16,"flags_hex":"0x10","b_class":5,"s1_flag":1,"city":"Torino","sector":1031326,"stroke":"#FF9800","stroke-width":2,"stroke-opacity":0.85},"geometry":{"type":"LineString","coordinates":[[7.663211879999999,45.07656264],[7.663211699999998,45.07656246]]}},{"type":"Feature","properties":{"flags":16,"flags_hex":"0x10","b_class":5,"s1_flag":1,"city":"Torino","sector":1031326,"stroke":"#FF9800","stroke-width":2,"stroke-opacity":0.85},"geometry":{"type":"LineString","coordinates":[[7.7605377,45.09866898],[7.75944492,45.101861459999995]]}},{"type":"Feature","properties":{"flags":16,"flags_hex":"0x10","b_class":5,"s1_flag":1,"city":"Torino","sector":1031326,"stroke":"#FF9800","stroke-width":2,"stroke-opacity":0.85},"geometry":{"type":"LineString","coordinates":[[7.6967645999999945,45.06656382],[7.703024459999995,45.06181614]]}},{"type":"Feature","properties":{"flags":16,"flags_hex":"0x10","b_class":5,"s1_flag":1,"city":"Torino","sector":1031326,"stroke":"#FF9800","stroke-width":2,"stroke-opacity":0.85},"geometry":{"type":"LineString","coordinates":[[7.725131519999998,45.142919279999994],[7.720742399999999,45.1429749]]}},{"type":"Feature","properties":{"flags":16,"flags_hex":"0x10","b_class":5,"s1_flag":1,"city":"Torino","sector":1031326,"stroke":"#FF9800","stroke-width":2,"stroke-opacity":0.85},"geometry":{"type":"LineString","coordinates":[[7.663214399999994,45.027907199999994],[7.663199999999996,45.02790432]]}},{"type":"Feature","properties":{"flags":16,"flags_hex":"0x10","b_class":5,"s1_flag":1,"city":"Torino","sector":1031326,"stroke":"#FF9800","stroke-width":2,"stroke-opacity":0.85},"geometry":{"type":"LineString","coordinates":[[7.760541839999995,45.098684639999995],[7.7605425599999975,45.09511506]]}},{"type":"Feature","properties":{"flags":16,"flags_hex":"0x10","b_class":5,"s1_flag":1,"city":"Torino","sector":1031326,"stroke":"#FF9800","stroke-width":2,"stroke-opacity":0.85},"geometry":{"type":"LineString","coordinates":[[7.69033194,45.11902032],[7.689755579999996,45.11802312]]}},{"type":"Feature","properties":{"flags":16,"flags_hex":"0x10","b_class":5,"s1_flag":1,"city":"Torino","sector":1031326,"stroke":"#FF9800","stroke-width":2,"stroke-opacity":0.85},"geometry":{"type":"LineString","coordinates":[[7.654370639999996,45.11637594],[7.655107379999997,45.11636352]]}},{"type":"Feature","properties":{"flags":16,"flags_hex":"0x10","b_class":5,"s1_flag":1,"city":"Torino","sector":1031326,"stroke":"#FF9800","stroke-width":2,"stroke-opacity":0.85},"geometry":{"type":"LineString","coordinates":[[7.663215659999999,45.067708079999996],[7.6632158399999994,45.06919937999999]]}},{"type":"Feature","properties":{"flags":16,"flags_hex":"0x10","b_class":5,"s1_flag":1,"city":"Torino","sector":1031326,"stroke":"#FF9800","stroke-width":2,"stroke-opacity":0.85},"geometry":{"type":"LineString","coordinates":[[7.6906766399999995,45.116380799999995],[7.689754319999999,45.11638152]]}},{"type":"Feature","properties":{"flags":16,"flags_hex":"0x10","b_class":5,"s1_flag":1,"city":"Torino","sector":1031326,"stroke":"#FF9800","stroke-width":2,"stroke-opacity":0.85},"geometry":{"type":"LineString","coordinates":[[7.663217639999999,45.05887439999999],[7.6632174599999985,45.05887422]]}},{"type":"Feature","properties":{"flags":16,"flags_hex":"0x10","b_class":5,"s1_flag":1,"city":"Torino","sector":1031326,"stroke":"#FF9800","stroke-width":2,"stroke-opacity":0.85},"geometry":{"type":"LineString","coordinates":[[7.6582851000000005,45.08541288],[7.665297179999996,45.079515539999996]]}},{"type":"Feature","properties":{"flags":16,"flags_hex":"0x10","b_class":5,"s1_flag":1,"city":"Torino","sector":1031326,"stroke":"#FF9800","stroke-width":2,"stroke-opacity":0.85},"geometry":{"type":"LineString","coordinates":[[7.763850959999999,45.093888899999996],[7.764337679999997,45.09888444]]}},{"type":"Feature","properties":{"flags":16,"flags_hex":"0x10","b_class":5,"s1_flag":1,"city":"Torino","sector":1031326,"stroke":"#FF9800","stroke-width":2,"stroke-opacity":0.85},"geometry":{"type":"LineString","coordinates":[[7.7289666,45.0314694],[7.720074419999996,45.03675816]]}},{"type":"Feature","properties":{"flags":16,"flags_hex":"0x10","b_class":5,"s1_flag":1,"city":"Torino","sector":1031326,"stroke":"#FF9800","stroke-width":2,"stroke-opacity":0.85},"geometry":{"type":"LineString","coordinates":[[7.654370099999994,45.11638008],[7.654368479999995,45.1121832]]}},{"type":"Feature","properties":{"flags":16,"flags_hex":"0x10","b_class":5,"s1_flag":1,"city":"Torino","sector":1031326,"stroke":"#FF9800","stroke-width":2,"stroke-opacity":0.85},"geometry":{"type":"LineString","coordinates":[[7.7220140999999956,45.10751904],[7.7251487999999995,45.107516159999996]]}},{"type":"Feature","properties":{"flags":16,"flags_hex":"0x10","b_class":5,"s1_flag":1,"city":"Torino","sector":1031326,"stroke":"#FF9800","stroke-width":2,"stroke-opacity":0.85},"geometry":{"type":"LineString","coordinates":[[7.663211879999999,45.06771672],[7.663211699999998,45.06771582]]}},{"type":"Feature","properties":{"flags":16,"flags_hex":"0x10","b_class":5,"s1_flag":1,"city":"Torino","sector":1031326,"stroke":"#FF9800","stroke-width":2,"stroke-opacity":0.85},"geometry":{"type":"LineString","coordinates":[[7.725145739999995,45.08098938],[7.725890039999996,45.07547526]]}},{"type":"Feature","properties":{"flags":16,"flags_hex":"0x10","b_class":5,"s1_flag":1,"city":"Torino","sector":1031326,"stroke":"#FF9800","stroke-width":2,"stroke-opacity":0.85},"geometry":{"type":"LineString","coordinates":[[7.645648559999998,45.02790323999999],[7.6455169799999965,45.027905759999996]]}},{"type":"Feature","properties":{"flags":16,"flags_hex":"0x10","b_class":5,"s1_flag":1,"city":"Torino","sector":1031326,"stroke":"#FF9800","stroke-width":2,"stroke-opacity":0.85},"geometry":{"type":"LineString","coordinates":[[7.663214759999995,45.08541828],[7.66321962,45.07983522]]}},{"type":"Feature","properties":{"flags":16,"flags_hex":"0x10","b_class":5,"s1_flag":1,"city":"Torino","sector":1031326,"stroke":"#FF9800","stroke-width":2,"stroke-opacity":0.85},"geometry":{"type":"LineString","coordinates":[[7.663204319999998,45.02790792],[7.666208519999998,45.02797416]]}},{"type":"Feature","properties":{"flags":16,"flags_hex":"0x10","b_class":5,"s1_flag":1,"city":"Torino","sector":1031326,"stroke":"#FF9800","stroke-width":2,"stroke-opacity":0.85},"geometry":{"type":"LineString","coordinates":[[7.725137099999998,45.03674286],[7.725125759999997,45.036755279999994]]}},{"type":"Feature","properties":{"flags":16,"flags_hex":"0x10","b_class":5,"s1_flag":1,"city":"Torino","sector":1031326,"stroke":"#FF9800","stroke-width":2,"stroke-opacity":0.85},"geometry":{"type":"LineString","coordinates":[[7.618985879999997,45.010207799999996],[7.614074039999998,45.010201859999995]]}},{"type":"Feature","properties":{"flags":16,"flags_hex":"0x10","b_class":5,"s1_flag":1,"city":"Torino","sector":1031326,"stroke":"#FF9800","stroke-width":2,"stroke-opacity":0.85},"geometry":{"type":"LineString","coordinates":[[7.7011812599999985,45.08061678],[7.697867099999996,45.0809784]]}},{"type":"Feature","properties":{"flags":16,"flags_hex":"0x10","b_class":5,"s1_flag":1,"city":"Torino","sector":1031326,"stroke":"#FF9800","stroke-width":2,"stroke-opacity":0.85},"geometry":{"type":"LineString","coordinates":[[7.725143759999995,45.0861003],[7.725096779999994,45.0808938]]}},{"type":"Feature","properties":{"flags":16,"flags_hex":"0x10","b_class":5,"s1_flag":1,"city":"Torino","sector":1031326,"stroke":"#FF9800","stroke-width":2,"stroke-opacity":0.85},"geometry":{"type":"LineString","coordinates":[[7.624872779999997,45.122273099999994],[7.619030339999995,45.11643066]]}},{"type":"Feature","properties":{"flags":16,"flags_hex":"0x10","b_class":5,"s1_flag":1,"city":"Torino","sector":1031326,"stroke":"#FF9800","stroke-width":2,"stroke-opacity":0.85},"geometry":{"type":"LineString","coordinates":[[7.694920679999996,45.045584639999994],[7.698604199999998,45.04558788]]}},{"type":"Feature","properties":{"flags":16,"flags_hex":"0x10","b_class":5,"s1_flag":1,"city":"Torino","sector":1031326,"stroke":"#FF9800","stroke-width":2,"stroke-opacity":0.85},"geometry":{"type":"LineString","coordinates":[[7.682243099999994,45.098686439999994],[7.680906959999994,45.101261699999995]]}},{"type":"Feature","properties":{"flags":16,"flags_hex":"0x10","b_class":5,"s1_flag":1,"city":"Torino","sector":1031326,"stroke":"#FF9800","stroke-width":2,"stroke-opacity":0.85},"geometry":{"type":"LineString","coordinates":[[7.779821999999996,45.07485678],[7.778180939999999,45.072014759999995]]}},{"type":"Feature","properties":{"flags":16,"flags_hex":"0x10","b_class":5,"s1_flag":1,"city":"Torino","sector":1031326,"stroke":"#FF9800","stroke-width":2,"stroke-opacity":0.85},"geometry":{"type":"LineString","coordinates":[[7.618985519999995,45.010201499999994],[7.619809199999999,45.010209419999995]]}},{"type":"Feature","properties":{"flags":16,"flags_hex":"0x10","b_class":5,"s1_flag":1,"city":"Torino","sector":1031326,"stroke":"#FF9800","stroke-width":2,"stroke-opacity":0.85},"geometry":{"type":"LineString","coordinates":[[7.645505279999995,45.09868805999999],[7.645505279999995,45.09969408]]}},{"type":"Feature","properties":{"flags":16,"flags_hex":"0x10","b_class":5,"s1_flag":1,"city":"Torino","sector":1031326,"stroke":"#FF9800","stroke-width":2,"stroke-opacity":0.85},"geometry":{"type":"LineString","coordinates":[[7.725140159999995,45.142921439999995],[7.722218759999997,45.14291712]]}},{"type":"Feature","properties":{"flags":16,"flags_hex":"0x10","b_class":5,"s1_flag":1,"city":"Torino","sector":1031326,"stroke":"#FF9800","stroke-width":2,"stroke-opacity":0.85},"geometry":{"type":"LineString","coordinates":[[7.665430019999995,45.08467182],[7.662474059999994,45.08344511999999]]}},{"type":"Feature","properties":{"flags":16,"flags_hex":"0x10","b_class":5,"s1_flag":1,"city":"Torino","sector":1031326,"stroke":"#FF9800","stroke-width":2,"stroke-opacity":0.85},"geometry":{"type":"LineString","coordinates":[[7.6809064199999995,45.098686439999994],[7.680906959999994,45.09869112]]}},{"type":"Feature","properties":{"flags":16,"flags_hex":"0x10","b_class":5,"s1_flag":1,"city":"Torino","sector":1031326,"stroke":"#FF9800","stroke-width":2,"stroke-opacity":0.85},"geometry":{"type":"LineString","coordinates":[[7.680906239999999,45.08539974],[7.680894719999998,45.08563968]]}},{"type":"Feature","properties":{"flags":16,"flags_hex":"0x10","b_class":5,"s1_flag":1,"city":"Torino","sector":1031326,"stroke":"#FF9800","stroke-width":2,"stroke-opacity":0.85},"geometry":{"type":"LineString","coordinates":[[7.725145019999999,45.06329466],[7.72588914,45.06626376]]}},{"type":"Feature","properties":{"flags":16,"flags_hex":"0x10","b_class":5,"s1_flag":1,"city":"Torino","sector":1031326,"stroke":"#FF9800","stroke-width":2,"stroke-opacity":0.85},"geometry":{"type":"LineString","coordinates":[[7.583593739999998,45.00136079999999],[7.583595359999997,45.001369079999996]]}},{"type":"Feature","properties":{"flags":16,"flags_hex":"0x10","b_class":5,"s1_flag":1,"city":"Torino","sector":1031326,"stroke":"#FF9800","stroke-width":2,"stroke-opacity":0.85},"geometry":{"type":"LineString","coordinates":[[7.680906779999994,45.07656264],[7.680895619999994,45.076557599999994]]}},{"type":"Feature","properties":{"flags":16,"flags_hex":"0x10","b_class":5,"s1_flag":1,"city":"Torino","sector":1031326,"stroke":"#FF9800","stroke-width":2,"stroke-opacity":0.85},"geometry":{"type":"LineString","coordinates":[[7.69860096,45.04657176],[7.696399019999994,45.0455859]]}},{"type":"Feature","properties":{"flags":16,"flags_hex":"0x10","b_class":5,"s1_flag":1,"city":"Torino","sector":1031326,"stroke":"#FF9800","stroke-width":2,"stroke-opacity":0.85},"geometry":{"type":"LineString","coordinates":[[7.687297319999999,45.142917839999996],[7.689745139999999,45.14716799999999]]}},{"type":"Feature","properties":{"flags":16,"flags_hex":"0x10","b_class":5,"s1_flag":1,"city":"Torino","sector":1031326,"stroke":"#FF9800","stroke-width":2,"stroke-opacity":0.85},"geometry":{"type":"LineString","coordinates":[[7.654363979999999,45.11635182],[7.654281359999999,45.11490876]]}},{"type":"Feature","properties":{"flags":16,"flags_hex":"0x10","b_class":5,"s1_flag":1,"city":"Torino","sector":1031326,"stroke":"#FF9800","stroke-width":2,"stroke-opacity":0.85},"geometry":{"type":"LineString","coordinates":[[7.645505099999994,45.098645039999994],[7.64550672,45.098682479999994]]}},{"type":"Feature","properties":{"flags":0,"flags_hex":"0x00","b_class":5,"s1_flag":1,"city":"Torino","sector":1031326,"stroke":"#2196F3","stroke-width":2,"stroke-opacity":0.85},"geometry":{"type":"LineString","coordinates":[[7.627831799999996,45.06329088],[7.627829999999996,45.063288]]}},{"type":"Feature","properties":{"flags":0,"flags_hex":"0x00","b_class":5,"s1_flag":1,"city":"Torino","sector":1031326,"stroke":"#2196F3","stroke-width":2,"stroke-opacity":0.85},"geometry":{"type":"LineString","coordinates":[[7.7605216799999965,45.09868176],[7.7546358600000005,45.09955205999999]]}},{"type":"Feature","properties":{"flags":0,"flags_hex":"0x00","b_class":5,"s1_flag":1,"city":"Torino","sector":1031326,"stroke":"#2196F3","stroke-width":2,"stroke-opacity":0.85},"geometry":{"type":"LineString","coordinates":[[7.64445714,45.08098236],[7.6455175199999985,45.08099136]]}},{"type":"Feature","properties":{"flags":0,"flags_hex":"0x00","b_class":5,"s1_flag":0,"city":"Torino","sector":1031326,"stroke":"#2196F3","stroke-width":2,"stroke-opacity":0.85},"geometry":{"type":"LineString","coordinates":[[7.645511759999998,45.025101899999996],[7.645522199999995,45.02789567999999]]}},{"type":"Feature","properties":{"flags":0,"flags_hex":"0x00","b_class":5,"s1_flag":1,"city":"Torino","sector":1031326,"stroke":"#2196F3","stroke-width":2,"stroke-opacity":0.85},"geometry":{"type":"LineString","coordinates":[[7.660347179999995,45.02788992],[7.668836159999998,45.027911519999996]]}},{"type":"Feature","properties":{"flags":0,"flags_hex":"0x00","b_class":5,"s1_flag":1,"city":"Torino","sector":1031326,"stroke":"#2196F3","stroke-width":2,"stroke-opacity":0.85},"geometry":{"type":"LineString","coordinates":[[7.680915779999999,45.06770933999999],[7.680908759999994,45.07049016]]}},{"type":"Feature","properties":{"flags":0,"flags_hex":"0x00","b_class":5,"s1_flag":1,"city":"Torino","sector":1031326,"stroke":"#2196F3","stroke-width":2,"stroke-opacity":0.85},"geometry":{"type":"LineString","coordinates":[[7.761547319999998,45.098676],[7.760535359999999,45.100157939999995]]}},{"type":"Feature","properties":{"flags":0,"flags_hex":"0x00","b_class":5,"s1_flag":1,"city":"Torino","sector":1031326,"stroke":"#2196F3","stroke-width":2,"stroke-opacity":0.85},"geometry":{"type":"LineString","coordinates":[[7.725152399999999,45.080976959999994],[7.725140159999995,45.080979119999995]]}},{"type":"Feature","properties":{"flags":0,"flags_hex":"0x00","b_class":5,"s1_flag":1,"city":"Torino","sector":1031326,"stroke":"#2196F3","stroke-width":2,"stroke-opacity":0.85},"geometry":{"type":"LineString","coordinates":[[7.691861579999994,45.14290542],[7.6897077,45.142917659999995]]}},{"type":"Feature","properties":{"flags":0,"flags_hex":"0x00","b_class":5,"s1_flag":1,"city":"Torino","sector":1031326,"stroke":"#2196F3","stroke-width":2,"stroke-opacity":0.85},"geometry":{"type":"LineString","coordinates":[[7.689755759999997,45.1163646],[7.689753239999995,45.11637432]]}},{"type":"Feature","properties":{"flags":0,"flags_hex":"0x00","b_class":5,"s1_flag":1,"city":"Torino","sector":1031326,"stroke":"#2196F3","stroke-width":2,"stroke-opacity":0.85},"geometry":{"type":"LineString","coordinates":[[7.639762559999994,45.06757344],[7.645508339999999,45.06329142]]}},{"type":"Feature","properties":{"flags":0,"flags_hex":"0x00","b_class":5,"s1_flag":1,"city":"Torino","sector":1031326,"stroke":"#2196F3","stroke-width":2,"stroke-opacity":0.85},"geometry":{"type":"LineString","coordinates":[[7.64043144,45.01021554],[7.640563919999998,45.01353185999999]]}},{"type":"Feature","properties":{"flags":0,"flags_hex":"0x00","b_class":5,"s1_flag":1,"city":"Torino","sector":1031326,"stroke":"#2196F3","stroke-width":2,"stroke-opacity":0.85},"geometry":{"type":"LineString","coordinates":[[7.6936365599999945,45.04559112],[7.69861032,45.04745826]]}},{"type":"Feature","properties":{"flags":0,"flags_hex":"0x00","b_class":5,"s1_flag":1,"city":"Torino","sector":1031326,"stroke":"#2196F3","stroke-width":2,"stroke-opacity":0.85},"geometry":{"type":"LineString","coordinates":[[7.646001179999999,45.09868014],[7.64549358,45.098634239999996]]}},{"type":"Feature","properties":{"flags":0,"flags_hex":"0x00","b_class":5,"s1_flag":1,"city":"Torino","sector":1031326,"stroke":"#2196F3","stroke-width":2,"stroke-opacity":0.85},"geometry":{"type":"LineString","coordinates":[[7.680913079999996,45.084673439999996],[7.6766463599999994,45.085409819999995]]}},{"type":"Feature","properties":{"flags":0,"flags_hex":"0x00","b_class":5,"s1_flag":1,"city":"Torino","sector":1031326,"stroke":"#2196F3","stroke-width":2,"stroke-opacity":0.85},"geometry":{"type":"LineString","coordinates":[[7.726439759999998,45.036751679999995],[7.725149159999994,45.03675456]]}},{"type":"Feature","properties":{"flags":0,"flags_hex":"0x00","b_class":5,"s1_flag":1,"city":"Torino","sector":1031326,"stroke":"#2196F3","stroke-width":2,"stroke-opacity":0.85},"geometry":{"type":"LineString","coordinates":[[7.72514142,45.10752246],[7.726525979999998,45.10751868]]}},{"type":"Feature","properties":{"flags":0,"flags_hex":"0x00","b_class":5,"s1_flag":1,"city":"Torino","sector":1031326,"stroke":"#2196F3","stroke-width":2,"stroke-opacity":0.85},"geometry":{"type":"LineString","coordinates":[[7.7268939,45.080893259999996],[7.724815979999995,45.08099136]]}},{"type":"Feature","properties":{"flags":0,"flags_hex":"0x00","b_class":5,"s1_flag":1,"city":"Torino","sector":1031326,"stroke":"#2196F3","stroke-width":2,"stroke-opacity":0.85},"geometry":{"type":"LineString","coordinates":[[7.663203779999996,45.07656119999999],[7.663519319999999,45.07656264]]}},{"type":"Feature","properties":{"flags":0,"flags_hex":"0x00","b_class":5,"s1_flag":1,"city":"Torino","sector":1031326,"stroke":"#2196F3","stroke-width":2,"stroke-opacity":0.85},"geometry":{"type":"LineString","coordinates":[[7.6946388,45.0455967],[7.6986013199999945,45.04559904]]}},{"type":"Feature","properties":{"flags":0,"flags_hex":"0x00","b_class":5,"s1_flag":1,"city":"Torino","sector":1031326,"stroke":"#2196F3","stroke-width":2,"stroke-opacity":0.85},"geometry":{"type":"LineString","coordinates":[[7.658822579999999,45.06772194],[7.662660899999999,45.07029486]]}},{"type":"Feature","properties":{"flags":0,"flags_hex":"0x00","b_class":5,"s1_flag":1,"city":"Torino","sector":1031326,"stroke":"#2196F3","stroke-width":2,"stroke-opacity":0.85},"geometry":{"type":"LineString","coordinates":[[7.618976879999998,45.098682479999994],[7.61897742,45.098683019999996]]}},{"type":"Feature","properties":{"flags":0,"flags_hex":"0x00","b_class":5,"s1_flag":1,"city":"Torino","sector":1031326,"stroke":"#2196F3","stroke-width":2,"stroke-opacity":0.85},"geometry":{"type":"LineString","coordinates":[[7.69861212,45.04559724],[7.698592319999996,45.04217472]]}},{"type":"Feature","properties":{"flags":0,"flags_hex":"0x00","b_class":5,"s1_flag":1,"city":"Torino","sector":1031326,"stroke":"#2196F3","stroke-width":2,"stroke-opacity":0.85},"geometry":{"type":"LineString","coordinates":[[7.725144299999997,45.063299699999995],[7.725135119999997,45.06330096]]}},{"type":"Feature","properties":{"flags":0,"flags_hex":"0x00","b_class":5,"s1_flag":1,"city":"Torino","sector":1031326,"stroke":"#2196F3","stroke-width":2,"stroke-opacity":0.85},"geometry":{"type":"LineString","coordinates":[[7.68974712,45.02790306],[7.68496614,45.030875759999994]]}},{"type":"Feature","properties":{"flags":0,"flags_hex":"0x00","b_class":5,"s1_flag":1,"city":"Torino","sector":1031326,"stroke":"#2196F3","stroke-width":2,"stroke-opacity":0.85},"geometry":{"type":"LineString","coordinates":[[7.657683179999999,45.013905179999995],[7.666438559999996,45.0111177]]}},{"type":"Feature","properties":{"flags":0,"flags_hex":"0x00","b_class":5,"s1_flag":1,"city":"Torino","sector":1031326,"stroke":"#2196F3","stroke-width":2,"stroke-opacity":0.85},"geometry":{"type":"LineString","coordinates":[[7.678607459999995,45.058857839999995],[7.680906779999994,45.05887764]]}},{"type":"Feature","properties":{"flags":0,"flags_hex":"0x00","b_class":5,"s1_flag":1,"city":"Torino","sector":1031326,"stroke":"#2196F3","stroke-width":2,"stroke-opacity":0.85},"geometry":{"type":"LineString","coordinates":[[7.726433999999998,45.0809892],[7.725132599999995,45.081115919999995]]}},{"type":"Feature","properties":{"flags":0,"flags_hex":"0x00","b_class":5,"s1_flag":1,"city":"Torino","sector":1031326,"stroke":"#2196F3","stroke-width":2,"stroke-opacity":0.85},"geometry":{"type":"LineString","coordinates":[[7.68828912,45.02791224],[7.689754319999999,45.02789172]]}},{"type":"Feature","properties":{"flags":0,"flags_hex":"0x00","b_class":5,"s1_flag":1,"city":"Torino","sector":1031326,"stroke":"#2196F3","stroke-width":2,"stroke-opacity":0.85},"geometry":{"type":"LineString","coordinates":[[7.720262699999999,45.063279539999996],[7.725145919999996,45.06255341999999]]}},{"type":"Feature","properties":{"flags":0,"flags_hex":"0x00","b_class":5,"s1_flag":1,"city":"Torino","sector":1031326,"stroke":"#2196F3","stroke-width":2,"stroke-opacity":0.85},"geometry":{"type":"LineString","coordinates":[[7.681023419999995,45.07657038],[7.6809064199999995,45.08176914]]}},{"type":"Feature","properties":{"flags":0,"flags_hex":"0x00","b_class":5,"s1_flag":1,"city":"Torino","sector":1031326,"stroke":"#2196F3","stroke-width":2,"stroke-opacity":0.85},"geometry":{"type":"LineString","coordinates":[[7.627822259999995,45.06138522],[7.625662979999994,45.0656082]]}},{"type":"Feature","properties":{"flags":0,"flags_hex":"0x00","b_class":5,"s1_flag":1,"city":"Torino","sector":1031326,"stroke":"#2196F3","stroke-width":2,"stroke-opacity":0.85},"geometry":{"type":"LineString","coordinates":[[7.680906779999994,45.07656264],[7.680895619999994,45.076557599999994]]}},{"type":"Feature","properties":{"flags":0,"flags_hex":"0x00","b_class":5,"s1_flag":1,"city":"Torino","sector":1031326,"stroke":"#2196F3","stroke-width":2,"stroke-opacity":0.85},"geometry":{"type":"LineString","coordinates":[[7.69860096,45.04657176],[7.696399019999994,45.0455859]]}},{"type":"Feature","properties":{"flags":0,"flags_hex":"0x00","b_class":5,"s1_flag":1,"city":"Torino","sector":1031326,"stroke":"#2196F3","stroke-width":2,"stroke-opacity":0.85},"geometry":{"type":"LineString","coordinates":[[7.725146279999997,45.0632916],[7.725132959999996,45.06329124]]}},{"type":"Feature","properties":{"flags":0,"flags_hex":"0x00","b_class":5,"s1_flag":1,"city":"Torino","sector":1031326,"stroke":"#2196F3","stroke-width":2,"stroke-opacity":0.85},"geometry":{"type":"LineString","coordinates":[[7.689746399999997,45.02799468],[7.689753779999997,45.02790234]]}},{"type":"Feature","properties":{"flags":0,"flags_hex":"0x00","b_class":5,"s1_flag":1,"city":"Torino","sector":1031326,"stroke":"#2196F3","stroke-width":2,"stroke-opacity":0.85},"geometry":{"type":"LineString","coordinates":[[7.698603299999995,45.04560497999999],[7.696030199999996,45.045601919999996]]}},{"type":"Feature","properties":{"flags":0,"flags_hex":"0x00","b_class":5,"s1_flag":1,"city":"Torino","sector":1031326,"stroke":"#2196F3","stroke-width":2,"stroke-opacity":0.85},"geometry":{"type":"LineString","coordinates":[[7.762892639999997,45.09759258],[7.7636898599999995,45.09884502]]}},{"type":"Feature","properties":{"flags":0,"flags_hex":"0x00","b_class":5,"s1_flag":1,"city":"Torino","sector":1031326,"stroke":"#2196F3","stroke-width":2,"stroke-opacity":0.85},"geometry":{"type":"LineString","coordinates":[[7.684132919999996,45.058868999999994],[7.6808965199999975,45.05886036]]}},{"type":"Feature","properties":{"flags":0,"flags_hex":"0x00","b_class":5,"s1_flag":1,"city":"Torino","sector":1031326,"stroke":"#2196F3","stroke-width":2,"stroke-opacity":0.85},"geometry":{"type":"LineString","coordinates":[[7.778711219999998,45.07212852],[7.7782281,45.072138239999994]]}},{"type":"Feature","properties":{"flags":0,"flags_hex":"0x00","b_class":5,"s1_flag":1,"city":"Torino","sector":1031326,"stroke":"#2196F3","stroke-width":2,"stroke-opacity":0.85},"geometry":{"type":"LineString","coordinates":[[7.680906239999999,45.05887386],[7.680912899999996,45.05885694]]}},{"type":"Feature","properties":{"flags":0,"flags_hex":"0x00","b_class":5,"s1_flag":1,"city":"Torino","sector":1031326,"stroke":"#2196F3","stroke-width":2,"stroke-opacity":0.85},"geometry":{"type":"LineString","coordinates":[[7.760540039999995,45.098684459999994],[7.764045539999998,45.09868788]]}},{"type":"Feature","properties":{"flags":0,"flags_hex":"0x00","b_class":5,"s1_flag":1,"city":"Torino","sector":1031326,"stroke":"#2196F3","stroke-width":2,"stroke-opacity":0.85},"geometry":{"type":"LineString","coordinates":[[7.725137099999998,45.08097966],[7.725123599999996,45.07988706]]}},{"type":"Feature","properties":{"flags":0,"flags_hex":"0x00","b_class":5,"s1_flag":1,"city":"Torino","sector":1031326,"stroke":"#2196F3","stroke-width":2,"stroke-opacity":0.85},"geometry":{"type":"LineString","coordinates":[[7.725132599999995,45.06328404],[7.730491919999999,45.06707556]]}},{"type":"Feature","properties":{"flags":0,"flags_hex":"0x00","b_class":5,"s1_flag":1,"city":"Torino","sector":1031326,"stroke":"#2196F3","stroke-width":2,"stroke-opacity":0.85},"geometry":{"type":"LineString","coordinates":[[7.72513404,45.108091259999995],[7.72514322,45.10751724]]}},{"type":"Feature","properties":{"flags":0,"flags_hex":"0x00","b_class":5,"s1_flag":1,"city":"Torino","sector":1031326,"stroke":"#2196F3","stroke-width":2,"stroke-opacity":0.85},"geometry":{"type":"LineString","coordinates":[[7.725148619999999,45.063342539999994],[7.725147539999995,45.064420379999994]]}},{"type":"Feature","properties":{"flags":0,"flags_hex":"0x00","b_class":5,"s1_flag":1,"city":"Torino","sector":1031326,"stroke":"#2196F3","stroke-width":2,"stroke-opacity":0.85},"geometry":{"type":"LineString","coordinates":[[7.698596279999997,45.08099352],[7.699662239999995,45.080986319999994]]}},{"type":"Feature","properties":{"flags":0,"flags_hex":"0x00","b_class":5,"s1_flag":1,"city":"Torino","sector":1031326,"stroke":"#2196F3","stroke-width":2,"stroke-opacity":0.85},"geometry":{"type":"LineString","coordinates":[[7.698592859999998,45.0455949],[7.693031579999996,45.045595979999995]]}},{"type":"Feature","properties":{"flags":0,"flags_hex":"0x00","b_class":5,"s1_flag":1,"city":"Torino","sector":1031326,"stroke":"#2196F3","stroke-width":2,"stroke-opacity":0.85},"geometry":{"type":"LineString","coordinates":[[7.698589439999999,45.06329375999999],[7.697129279999999,45.058872779999994]]}},{"type":"Feature","properties":{"flags":0,"flags_hex":"0x00","b_class":5,"s1_flag":1,"city":"Torino","sector":1031326,"stroke":"#2196F3","stroke-width":2,"stroke-opacity":0.85},"geometry":{"type":"LineString","coordinates":[[7.680905879999997,45.06771474],[7.680909839999998,45.0678096]]}},{"type":"Feature","properties":{"flags":0,"flags_hex":"0x00","b_class":5,"s1_flag":1,"city":"Torino","sector":1031326,"stroke":"#2196F3","stroke-width":2,"stroke-opacity":0.85},"geometry":{"type":"LineString","coordinates":[[7.645507439999996,45.02789567999999],[7.645525979999995,45.02790234]]}},{"type":"Feature","properties":{"flags":0,"flags_hex":"0x00","b_class":5,"s1_flag":1,"city":"Torino","sector":1031326,"stroke":"#2196F3","stroke-width":2,"stroke-opacity":0.85},"geometry":{"type":"LineString","coordinates":[[7.760541839999995,45.09868176],[7.7546358600000005,45.09955314]]}},{"type":"Feature","properties":{"flags":0,"flags_hex":"0x00","b_class":5,"s1_flag":1,"city":"Torino","sector":1031326,"stroke":"#2196F3","stroke-width":2,"stroke-opacity":0.85},"geometry":{"type":"LineString","coordinates":[[7.610124299999995,45.06328782],[7.6101162,45.05774742]]}},{"type":"Feature","properties":{"flags":0,"flags_hex":"0x00","b_class":5,"s1_flag":1,"city":"Torino","sector":1031326,"stroke":"#2196F3","stroke-width":2,"stroke-opacity":0.85},"geometry":{"type":"LineString","coordinates":[[7.7605216799999965,45.098680679999994],[7.760530679999995,45.09868049999999]]}},{"type":"Feature","properties":{"flags":0,"flags_hex":"0x00","b_class":5,"s1_flag":1,"city":"Torino","sector":1031326,"stroke":"#2196F3","stroke-width":2,"stroke-opacity":0.85},"geometry":{"type":"LineString","coordinates":[[7.663211879999999,45.04559724],[7.663211699999998,45.04559742]]}},{"type":"Feature","properties":{"flags":0,"flags_hex":"0x00","b_class":5,"s1_flag":1,"city":"Torino","sector":1031326,"stroke":"#2196F3","stroke-width":2,"stroke-opacity":0.85},"geometry":{"type":"LineString","coordinates":[[7.645505279999995,45.04570542],[7.645510859999995,45.045579239999995]]}},{"type":"Feature","properties":{"flags":0,"flags_hex":"0x00","b_class":5,"s1_flag":1,"city":"Torino","sector":1031326,"stroke":"#2196F3","stroke-width":2,"stroke-opacity":0.85},"geometry":{"type":"LineString","coordinates":[[7.6207992,45.045598319999996],[7.623479579999994,45.039871979999994]]}},{"type":"Feature","properties":{"flags":0,"flags_hex":"0x00","b_class":5,"s1_flag":1,"city":"Torino","sector":1031326,"stroke":"#2196F3","stroke-width":2,"stroke-opacity":0.85},"geometry":{"type":"LineString","coordinates":[[7.725166799999997,45.0830412],[7.725144659999998,45.080976959999994]]}},{"type":"Feature","properties":{"flags":0,"flags_hex":"0x00","b_class":5,"s1_flag":1,"city":"Torino","sector":1031326,"stroke":"#2196F3","stroke-width":2,"stroke-opacity":0.85},"geometry":{"type":"LineString","coordinates":[[7.778219819999997,45.07214724],[7.778227559999998,45.07213176]]}},{"type":"Feature","properties":{"flags":0,"flags_hex":"0x00","b_class":5,"s1_flag":1,"city":"Torino","sector":1031326,"stroke":"#2196F3","stroke-width":2,"stroke-opacity":0.85},"geometry":{"type":"LineString","coordinates":[[7.68284268,45.098902079999995],[7.675163519999998,45.0986706]]}},{"type":"Feature","properties":{"flags":0,"flags_hex":"0x00","b_class":5,"s1_flag":1,"city":"Torino","sector":1031326,"stroke":"#2196F3","stroke-width":2,"stroke-opacity":0.85},"geometry":{"type":"LineString","coordinates":[[7.618963199999996,45.1180107],[7.618951499999994,45.116287559999996]]}},{"type":"Feature","properties":{"flags":0,"flags_hex":"0x00","b_class":5,"s1_flag":1,"city":"Torino","sector":1031326,"stroke":"#2196F3","stroke-width":2,"stroke-opacity":0.85},"geometry":{"type":"LineString","coordinates":[[7.618966619999995,45.01021572],[7.615683239999996,45.01021392]]}},{"type":"Feature","properties":{"flags":0,"flags_hex":"0x00","b_class":5,"s1_flag":1,"city":"Torino","sector":1031326,"stroke":"#2196F3","stroke-width":2,"stroke-opacity":0.85},"geometry":{"type":"LineString","coordinates":[[7.778325119999998,45.072138419999995],[7.778229179999997,45.07214346]]}},{"type":"Feature","properties":{"flags":0,"flags_hex":"0x00","b_class":5,"s1_flag":1,"city":"Torino","sector":1031326,"stroke":"#2196F3","stroke-width":2,"stroke-opacity":0.85},"geometry":{"type":"LineString","coordinates":[[7.725150239999998,45.0809928],[7.725146099999996,45.08406144]]}},{"type":"Feature","properties":{"flags":0,"flags_hex":"0x00","b_class":5,"s1_flag":1,"city":"Torino","sector":1031326,"stroke":"#2196F3","stroke-width":2,"stroke-opacity":0.85},"geometry":{"type":"LineString","coordinates":[[7.675136699999996,45.058857659999994],[7.6809080399999985,45.058868999999994]]}},{"type":"Feature","properties":{"flags":0,"flags_hex":"0x00","b_class":5,"s1_flag":1,"city":"Torino","sector":1031326,"stroke":"#2196F3","stroke-width":2,"stroke-opacity":0.85},"geometry":{"type":"LineString","coordinates":[[7.698605279999995,45.098683199999996],[7.6941891600000005,45.09868032]]}},{"type":"Feature","properties":{"flags":0,"flags_hex":"0x00","b_class":5,"s1_flag":1,"city":"Torino","sector":1031326,"stroke":"#2196F3","stroke-width":2,"stroke-opacity":0.85},"geometry":{"type":"LineString","coordinates":[[7.683867419999999,45.022751639999996],[7.689755219999995,45.02864448]]}},{"type":"Feature","properties":{"flags":0,"flags_hex":"0x00","b_class":5,"s1_flag":1,"city":"Torino","sector":1031326,"stroke":"#2196F3","stroke-width":2,"stroke-opacity":0.85},"geometry":{"type":"LineString","coordinates":[[7.642661459999999,45.04558608],[7.647112319999998,45.04559939999999]]}},{"type":"Feature","properties":{"flags":0,"flags_hex":"0x00","b_class":5,"s1_flag":1,"city":"Torino","sector":1031326,"stroke":"#2196F3","stroke-width":2,"stroke-opacity":0.85},"geometry":{"type":"LineString","coordinates":[[7.645517159999997,45.010207439999995],[7.64552544,45.010198079999995]]}},{"type":"Feature","properties":{"flags":0,"flags_hex":"0x00","b_class":5,"s1_flag":1,"city":"Torino","sector":1031326,"stroke":"#2196F3","stroke-width":2,"stroke-opacity":0.85},"geometry":{"type":"LineString","coordinates":[[7.6586497799999975,45.076561919999996],[7.66418496,45.0765684]]}},{"type":"Feature","properties":{"flags":0,"flags_hex":"0x00","b_class":5,"s1_flag":1,"city":"Torino","sector":1031326,"stroke":"#2196F3","stroke-width":2,"stroke-opacity":0.85},"geometry":{"type":"LineString","coordinates":[[7.725146819999999,45.06330096],[7.725135119999997,45.063293939999994]]}},{"type":"Feature","properties":{"flags":0,"flags_hex":"0x00","b_class":5,"s1_flag":1,"city":"Torino","sector":1031326,"stroke":"#2196F3","stroke-width":2,"stroke-opacity":0.85},"geometry":{"type":"LineString","coordinates":[[7.645523999999995,45.08099316],[7.6470032399999965,45.08097408]]}},{"type":"Feature","properties":{"flags":0,"flags_hex":"0x00","b_class":5,"s1_flag":1,"city":"Torino","sector":1031326,"stroke":"#2196F3","stroke-width":2,"stroke-opacity":0.85},"geometry":{"type":"LineString","coordinates":[[7.618972919999997,45.01020834],[7.618964639999994,45.010209599999996]]}},{"type":"Feature","properties":{"flags":0,"flags_hex":"0x00","b_class":5,"s1_flag":1,"city":"Torino","sector":1031326,"stroke":"#2196F3","stroke-width":2,"stroke-opacity":0.85},"geometry":{"type":"LineString","coordinates":[[7.645516259999994,45.06328944],[7.645518239999994,45.06329555999999]]}},{"type":"Feature","properties":{"flags":0,"flags_hex":"0x00","b_class":5,"s1_flag":1,"city":"Torino","sector":1031326,"stroke":"#2196F3","stroke-width":2,"stroke-opacity":0.85},"geometry":{"type":"LineString","coordinates":[[7.725145739999995,45.08098938],[7.725890039999996,45.07547526]]}},{"type":"Feature","properties":{"flags":0,"flags_hex":"0x00","b_class":5,"s1_flag":1,"city":"Torino","sector":1031326,"stroke":"#2196F3","stroke-width":2,"stroke-opacity":0.85},"geometry":{"type":"LineString","coordinates":[[7.6809066,45.07656228],[7.6809064199999995,45.076563179999994]]}},{"type":"Feature","properties":{"flags":0,"flags_hex":"0x00","b_class":5,"s1_flag":1,"city":"Torino","sector":1031326,"stroke":"#2196F3","stroke-width":2,"stroke-opacity":0.85},"geometry":{"type":"LineString","coordinates":[[7.698589439999999,45.06361344],[7.699299179999997,45.0632988]]}},{"type":"Feature","properties":{"flags":0,"flags_hex":"0x00","b_class":5,"s1_flag":1,"city":"Torino","sector":1031326,"stroke":"#2196F3","stroke-width":2,"stroke-opacity":0.85},"geometry":{"type":"LineString","coordinates":[[7.615014179999996,45.09650358],[7.618974719999997,45.0986778]]}},{"type":"Feature","properties":{"flags":0,"flags_hex":"0x00","b_class":5,"s1_flag":1,"city":"Torino","sector":1031326,"stroke":"#2196F3","stroke-width":2,"stroke-opacity":0.85},"geometry":{"type":"LineString","coordinates":[[7.663211879999999,45.02789928],[7.65812562,45.028786139999994]]}},{"type":"Feature","properties":{"flags":0,"flags_hex":"0x00","b_class":5,"s1_flag":1,"city":"Torino","sector":1031326,"stroke":"#2196F3","stroke-width":2,"stroke-opacity":0.85},"geometry":{"type":"LineString","coordinates":[[7.662182819999998,45.010207259999994],[7.663203239999994,45.010207439999995]]}},{"type":"Feature","properties":{"flags":0,"flags_hex":"0x00","b_class":5,"s1_flag":1,"city":"Torino","sector":1031326,"stroke":"#2196F3","stroke-width":2,"stroke-opacity":0.85},"geometry":{"type":"LineString","coordinates":[[7.645509419999996,45.027901619999994],[7.645512480000001,45.027995399999995]]}},{"type":"Feature","properties":{"flags":0,"flags_hex":"0x00","b_class":5,"s1_flag":1,"city":"Torino","sector":1031326,"stroke":"#2196F3","stroke-width":2,"stroke-opacity":0.85},"geometry":{"type":"LineString","coordinates":[[7.760532479999995,45.09919368],[7.755378899999997,45.09867456]]}},{"type":"Feature","properties":{"flags":0,"flags_hex":"0x00","b_class":5,"s1_flag":1,"city":"Torino","sector":1031326,"stroke":"#2196F3","stroke-width":2,"stroke-opacity":0.85},"geometry":{"type":"LineString","coordinates":[[7.700322479999997,45.045599579999994],[7.6941896999999955,45.045596339999996]]}},{"type":"Feature","properties":{"flags":0,"flags_hex":"0x00","b_class":5,"s1_flag":1,"city":"Torino","sector":1031326,"stroke":"#2196F3","stroke-width":2,"stroke-opacity":0.85},"geometry":{"type":"LineString","coordinates":[[7.623960179999997,45.014642099999996],[7.613088359999999,45.0101988]]}},{"type":"Feature","properties":{"flags":0,"flags_hex":"0x00","b_class":5,"s1_flag":1,"city":"Torino","sector":1031326,"stroke":"#2196F3","stroke-width":2,"stroke-opacity":0.85},"geometry":{"type":"LineString","coordinates":[[7.684738439999997,45.02790288],[7.689752519999999,45.02789892]]}},{"type":"Feature","properties":{"flags":0,"flags_hex":"0x00","b_class":5,"s1_flag":1,"city":"Torino","sector":1031326,"stroke":"#2196F3","stroke-width":2,"stroke-opacity":0.85},"geometry":{"type":"LineString","coordinates":[[7.696001759999994,45.098684999999996],[7.698611939999999,45.10107162]]}},{"type":"Feature","properties":{"flags":0,"flags_hex":"0x00","b_class":5,"s1_flag":1,"city":"Torino","sector":1031326,"stroke":"#2196F3","stroke-width":2,"stroke-opacity":0.85},"geometry":{"type":"LineString","coordinates":[[7.680898499999998,45.06771456],[7.681044839999998,45.067715279999994]]}},{"type":"Feature","properties":{"flags":0,"flags_hex":"0x00","b_class":5,"s1_flag":1,"city":"Torino","sector":1031326,"stroke":"#2196F3","stroke-width":2,"stroke-opacity":0.85},"geometry":{"type":"LineString","coordinates":[[7.720732859999998,45.08107956],[7.72514322,45.08098722]]}},{"type":"Feature","properties":{"flags":0,"flags_hex":"0x00","b_class":5,"s1_flag":1,"city":"Torino","sector":1031326,"stroke":"#2196F3","stroke-width":2,"stroke-opacity":0.85},"geometry":{"type":"LineString","coordinates":[[7.610115839999999,45.0637056],[7.61129322,45.063294479999996]]}},{"type":"Feature","properties":{"flags":0,"flags_hex":"0x00","b_class":5,"s1_flag":1,"city":"Torino","sector":1031326,"stroke":"#2196F3","stroke-width":2,"stroke-opacity":0.85},"geometry":{"type":"LineString","coordinates":[[7.760532479999995,45.098669519999994],[7.7554283999999996,45.09868176]]}},{"type":"Feature","properties":{"flags":0,"flags_hex":"0x00","b_class":5,"s1_flag":1,"city":"Torino","sector":1031326,"stroke":"#2196F3","stroke-width":2,"stroke-opacity":0.85},"geometry":{"type":"LineString","coordinates":[[7.680909299999996,45.09918774],[7.680909479999997,45.098681039999995]]}},{"type":"Feature","properties":{"flags":0,"flags_hex":"0x00","b_class":5,"s1_flag":1,"city":"Torino","sector":1031326,"stroke":"#2196F3","stroke-width":2,"stroke-opacity":0.85},"geometry":{"type":"LineString","coordinates":[[7.725138359999995,45.0632916],[7.7251487999999995,45.063291959999994]]}},{"type":"Feature","properties":{"flags":0,"flags_hex":"0x00","b_class":5,"s1_flag":1,"city":"Torino","sector":1031326,"stroke":"#2196F3","stroke-width":2,"stroke-opacity":0.85},"geometry":{"type":"LineString","coordinates":[[7.618985699999996,45.04560228],[7.6219470599999966,45.045596159999995]]}},{"type":"Feature","properties":{"flags":0,"flags_hex":"0x00","b_class":5,"s1_flag":1,"city":"Torino","sector":1031326,"stroke":"#2196F3","stroke-width":2,"stroke-opacity":0.85},"geometry":{"type":"LineString","coordinates":[[7.663216739999996,45.02754306],[7.666276199999999,45.032324939999995]]}},{"type":"Feature","properties":{"flags":0,"flags_hex":"0x00","b_class":5,"s1_flag":1,"city":"Torino","sector":1031326,"stroke":"#2196F3","stroke-width":2,"stroke-opacity":0.85},"geometry":{"type":"LineString","coordinates":[[7.698605639999997,45.04559724],[7.699344179999997,45.048551399999994]]}},{"type":"Feature","properties":{"flags":0,"flags_hex":"0x00","b_class":5,"s1_flag":1,"city":"Torino","sector":1031326,"stroke":"#2196F3","stroke-width":2,"stroke-opacity":0.85},"geometry":{"type":"LineString","coordinates":[[7.6846676999999985,45.14010138],[7.689748559999998,45.138955319999994]]}},{"type":"Feature","properties":{"flags":0,"flags_hex":"0x00","b_class":5,"s1_flag":1,"city":"Torino","sector":1031326,"stroke":"#2196F3","stroke-width":2,"stroke-opacity":0.85},"geometry":{"type":"LineString","coordinates":[[7.695494699999998,45.027899999999995],[7.689757019999995,45.02789567999999]]}},{"type":"Feature","properties":{"flags":0,"flags_hex":"0x00","b_class":5,"s1_flag":1,"city":"Torino","sector":1031326,"stroke":"#2196F3","stroke-width":2,"stroke-opacity":0.85},"geometry":{"type":"LineString","coordinates":[[7.645480259999999,45.097577279999996],[7.645511219999996,45.098669699999995]]}},{"type":"Feature","properties":{"flags":0,"flags_hex":"0x00","b_class":5,"s1_flag":1,"city":"Torino","sector":1031326,"stroke":"#2196F3","stroke-width":2,"stroke-opacity":0.85},"geometry":{"type":"LineString","coordinates":[[7.6455059999999975,45.068270039999994],[7.64550672,45.06329375999999]]}},{"type":"Feature","properties":{"flags":0,"flags_hex":"0x00","b_class":5,"s1_flag":1,"city":"Torino","sector":1031326,"stroke":"#2196F3","stroke-width":2,"stroke-opacity":0.85},"geometry":{"type":"LineString","coordinates":[[7.685613239999995,45.142921079999994],[7.6902586799999995,45.14291676]]}},{"type":"Feature","properties":{"flags":0,"flags_hex":"0x00","b_class":5,"s1_flag":1,"city":"Torino","sector":1031326,"stroke":"#2196F3","stroke-width":2,"stroke-opacity":0.85},"geometry":{"type":"LineString","coordinates":[[7.663222499999996,45.02789352],[7.663214939999996,45.0278928]]}},{"type":"Feature","properties":{"flags":0,"flags_hex":"0x00","b_class":5,"s1_flag":1,"city":"Torino","sector":1031326,"stroke":"#2196F3","stroke-width":2,"stroke-opacity":0.85},"geometry":{"type":"LineString","coordinates":[[7.669109579999997,45.09130734],[7.663211699999998,45.085409819999995]]}},{"type":"Feature","properties":{"flags":0,"flags_hex":"0x00","b_class":5,"s1_flag":1,"city":"Torino","sector":1031326,"stroke":"#2196F3","stroke-width":2,"stroke-opacity":0.85},"geometry":{"type":"LineString","coordinates":[[7.725148619999999,45.0633006],[7.719991979999996,45.06330078]]}},{"type":"Feature","properties":{"flags":0,"flags_hex":"0x00","b_class":5,"s1_flag":1,"city":"Torino","sector":1031326,"stroke":"#2196F3","stroke-width":2,"stroke-opacity":0.85},"geometry":{"type":"LineString","coordinates":[[7.725138359999995,45.14290578],[7.725148079999997,45.142906319999994]]}},{"type":"Feature","properties":{"flags":0,"flags_hex":"0x00","b_class":5,"s1_flag":1,"city":"Torino","sector":1031326,"stroke":"#2196F3","stroke-width":2,"stroke-opacity":0.85},"geometry":{"type":"LineString","coordinates":[[7.645507439999996,45.04559688],[7.642939200000001,45.04559904]]}},{"type":"Feature","properties":{"flags":0,"flags_hex":"0x00","b_class":5,"s1_flag":1,"city":"Torino","sector":1031326,"stroke":"#2196F3","stroke-width":2,"stroke-opacity":0.85},"geometry":{"type":"LineString","coordinates":[[7.689753779999997,45.02790684],[7.693149299999995,45.02789514]]}},{"type":"Feature","properties":{"flags":0,"flags_hex":"0x00","b_class":5,"s1_flag":1,"city":"Torino","sector":1031326,"stroke":"#2196F3","stroke-width":2,"stroke-opacity":0.85},"geometry":{"type":"LineString","coordinates":[[7.72137816,45.06736986],[7.725140879999998,45.06439716]]}},{"type":"Feature","properties":{"flags":0,"flags_hex":"0x00","b_class":5,"s1_flag":1,"city":"Torino","sector":1031326,"stroke":"#2196F3","stroke-width":2,"stroke-opacity":0.85},"geometry":{"type":"LineString","coordinates":[[7.60996626,45.08099369999999],[7.610128439999997,45.080986679999995]]}},{"type":"Feature","properties":{"flags":0,"flags_hex":"0x00","b_class":5,"s1_flag":1,"city":"Torino","sector":1031326,"stroke":"#2196F3","stroke-width":2,"stroke-opacity":0.85},"geometry":{"type":"LineString","coordinates":[[7.725134399999995,45.14292414],[7.725131519999998,45.143423999999996]]}},{"type":"Feature","properties":{"flags":0,"flags_hex":"0x00","b_class":5,"s1_flag":1,"city":"Torino","sector":1031326,"stroke":"#2196F3","stroke-width":2,"stroke-opacity":0.85},"geometry":{"type":"LineString","coordinates":[[7.72514322,45.063284939999996],[7.725137099999998,45.06327396]]}},{"type":"Feature","properties":{"flags":0,"flags_hex":"0x00","b_class":5,"s1_flag":1,"city":"Torino","sector":1031326,"stroke":"#2196F3","stroke-width":2,"stroke-opacity":0.85},"geometry":{"type":"LineString","coordinates":[[7.627820459999995,45.08097984],[7.627827839999995,45.07824168]]}},{"type":"Feature","properties":{"flags":0,"flags_hex":"0x00","b_class":5,"s1_flag":1,"city":"Torino","sector":1031326,"stroke":"#2196F3","stroke-width":2,"stroke-opacity":0.85},"geometry":{"type":"LineString","coordinates":[[7.698595919999995,45.045597599999994],[7.698877259999996,45.04550381999999]]}},{"type":"Feature","properties":{"flags":0,"flags_hex":"0x00","b_class":5,"s1_flag":1,"city":"Torino","sector":1031326,"stroke":"#2196F3","stroke-width":2,"stroke-opacity":0.85},"geometry":{"type":"LineString","coordinates":[[7.721617739999999,45.080962379999995],[7.725051239999999,45.0809874]]}},{"type":"Feature","properties":{"flags":0,"flags_hex":"0x00","b_class":5,"s1_flag":1,"city":"Torino","sector":1031326,"stroke":"#2196F3","stroke-width":2,"stroke-opacity":0.85},"geometry":{"type":"LineString","coordinates":[[7.645471979999996,45.0986823],[7.645506179999998,45.09500094]]}},{"type":"Feature","properties":{"flags":0,"flags_hex":"0x00","b_class":5,"s1_flag":1,"city":"Torino","sector":1031326,"stroke":"#2196F3","stroke-width":2,"stroke-opacity":0.85},"geometry":{"type":"LineString","coordinates":[[7.645953839999997,45.0503856],[7.6455185999999955,45.04043754]]}},{"type":"Feature","properties":{"flags":0,"flags_hex":"0x00","b_class":5,"s1_flag":1,"city":"Torino","sector":1031326,"stroke":"#2196F3","stroke-width":2,"stroke-opacity":0.85},"geometry":{"type":"LineString","coordinates":[[7.7605431,45.09868032],[7.764633779999997,45.09868212]]}},{"type":"Feature","properties":{"flags":0,"flags_hex":"0x00","b_class":5,"s1_flag":1,"city":"Torino","sector":1031326,"stroke":"#2196F3","stroke-width":2,"stroke-opacity":0.85},"geometry":{"type":"LineString","coordinates":[[7.725145739999995,45.06329555999999],[7.726281179999994,45.066499199999996]]}},{"type":"Feature","properties":{"flags":0,"flags_hex":"0x00","b_class":5,"s1_flag":1,"city":"Torino","sector":1031326,"stroke":"#2196F3","stroke-width":2,"stroke-opacity":0.85},"geometry":{"type":"LineString","coordinates":[[7.645511039999995,45.08099136],[7.64552346,45.08628948]]}},{"type":"Feature","properties":{"flags":0,"flags_hex":"0x00","b_class":5,"s1_flag":1,"city":"Torino","sector":1031326,"stroke":"#2196F3","stroke-width":2,"stroke-opacity":0.85},"geometry":{"type":"LineString","coordinates":[[7.689745139999999,45.027901799999995],[7.689755039999994,45.027901619999994]]}},{"type":"Feature","properties":{"flags":0,"flags_hex":"0x00","b_class":5,"s1_flag":1,"city":"Torino","sector":1031326,"stroke":"#2196F3","stroke-width":2,"stroke-opacity":0.85},"geometry":{"type":"LineString","coordinates":[[7.644042059999997,45.00873197999999],[7.6425790199999994,45.007268939999996]]}},{"type":"Feature","properties":{"flags":0,"flags_hex":"0x00","b_class":5,"s1_flag":1,"city":"Torino","sector":1031326,"stroke":"#2196F3","stroke-width":2,"stroke-opacity":0.85},"geometry":{"type":"LineString","coordinates":[[7.72073142,45.030862979999995],[7.725134219999994,45.03674538]]}},{"type":"Feature","properties":{"flags":0,"flags_hex":"0x00","b_class":5,"s1_flag":1,"city":"Torino","sector":1031326,"stroke":"#2196F3","stroke-width":2,"stroke-opacity":0.85},"geometry":{"type":"LineString","coordinates":[[7.698628139999997,45.04868928],[7.698607259999996,45.0456048]]}},{"type":"Feature","properties":{"flags":0,"flags_hex":"0x00","b_class":5,"s1_flag":1,"city":"Torino","sector":1031326,"stroke":"#2196F3","stroke-width":2,"stroke-opacity":0.85},"geometry":{"type":"LineString","coordinates":[[7.68089904,45.061817219999995],[7.684627379999995,45.05885567999999]]}},{"type":"Feature","properties":{"flags":0,"flags_hex":"0x00","b_class":5,"s1_flag":1,"city":"Torino","sector":1031326,"stroke":"#2196F3","stroke-width":2,"stroke-opacity":0.85},"geometry":{"type":"LineString","coordinates":[[7.760533559999999,45.09610272],[7.760535359999999,45.09868176]]}},{"type":"Feature","properties":{"flags":0,"flags_hex":"0x00","b_class":5,"s1_flag":1,"city":"Torino","sector":1031326,"stroke":"#2196F3","stroke-width":2,"stroke-opacity":0.85},"geometry":{"type":"LineString","coordinates":[[7.725133319999998,45.0632916],[7.725146819999999,45.063290699999996]]}},{"type":"Feature","properties":{"flags":0,"flags_hex":"0x00","b_class":5,"s1_flag":1,"city":"Torino","sector":1031326,"stroke":"#2196F3","stroke-width":2,"stroke-opacity":0.85},"geometry":{"type":"LineString","coordinates":[[7.627918559999998,45.06329106],[7.627826579999997,45.063284759999995]]}},{"type":"Feature","properties":{"flags":0,"flags_hex":"0x00","b_class":5,"s1_flag":1,"city":"Torino","sector":1031326,"stroke":"#2196F3","stroke-width":2,"stroke-opacity":0.85},"geometry":{"type":"LineString","coordinates":[[7.684749239999995,45.02790216],[7.690497179999994,45.030857759999996]]}},{"type":"Feature","properties":{"flags":0,"flags_hex":"0x00","b_class":5,"s1_flag":1,"city":"Torino","sector":1031326,"stroke":"#2196F3","stroke-width":2,"stroke-opacity":0.85},"geometry":{"type":"LineString","coordinates":[[7.725143039999999,45.03673728],[7.725132959999996,45.037304279999994]]}},{"type":"Feature","properties":{"flags":0,"flags_hex":"0x00","b_class":5,"s1_flag":1,"city":"Torino","sector":1031326,"stroke":"#2196F3","stroke-width":2,"stroke-opacity":0.85},"geometry":{"type":"LineString","coordinates":[[7.6551152999999985,45.11637216],[7.654369920000001,45.116380979999995]]}},{"type":"Feature","properties":{"flags":0,"flags_hex":"0x00","b_class":5,"s1_flag":1,"city":"Torino","sector":1031326,"stroke":"#2196F3","stroke-width":2,"stroke-opacity":0.85},"geometry":{"type":"LineString","coordinates":[[7.698601499999995,45.04931766],[7.6985986199999985,45.0455985]]}},{"type":"Feature","properties":{"flags":0,"flags_hex":"0x00","b_class":5,"s1_flag":1,"city":"Torino","sector":1031326,"stroke":"#2196F3","stroke-width":2,"stroke-opacity":0.85},"geometry":{"type":"LineString","coordinates":[[7.726207559999999,45.039707459999995],[7.7251487999999995,45.036738359999994]]}},{"type":"Feature","properties":{"flags":0,"flags_hex":"0x00","b_class":5,"s1_flag":1,"city":"Torino","sector":1031326,"stroke":"#2196F3","stroke-width":2,"stroke-opacity":0.85},"geometry":{"type":"LineString","coordinates":[[7.618977599999994,45.02790432],[7.6189848,45.027907199999994]]}},{"type":"Feature","properties":{"flags":0,"flags_hex":"0x00","b_class":5,"s1_flag":1,"city":"Torino","sector":1031326,"stroke":"#2196F3","stroke-width":2,"stroke-opacity":0.85},"geometry":{"type":"LineString","coordinates":[[7.680902279999998,45.06770304],[7.68089904,45.067808879999994]]}},{"type":"Feature","properties":{"flags":0,"flags_hex":"0x00","b_class":5,"s1_flag":1,"city":"Torino","sector":1031326,"stroke":"#2196F3","stroke-width":2,"stroke-opacity":0.85},"geometry":{"type":"LineString","coordinates":[[7.6647251399999945,45.08550648],[7.663211699999998,45.085413419999995]]}},{"type":"Feature","properties":{"flags":0,"flags_hex":"0x00","b_class":5,"s1_flag":1,"city":"Torino","sector":1031326,"stroke":"#2196F3","stroke-width":2,"stroke-opacity":0.85},"geometry":{"type":"LineString","coordinates":[[7.645505279999995,45.0459648],[7.6462238399999976,45.045593999999994]]}},{"type":"Feature","properties":{"flags":0,"flags_hex":"0x00","b_class":5,"s1_flag":1,"city":"Torino","sector":1031326,"stroke":"#2196F3","stroke-width":2,"stroke-opacity":0.85},"geometry":{"type":"LineString","coordinates":[[7.627825679999994,45.08098991999999],[7.626359399999998,45.0809856]]}},{"type":"Feature","properties":{"flags":0,"flags_hex":"0x00","b_class":5,"s1_flag":1,"city":"Torino","sector":1031326,"stroke":"#2196F3","stroke-width":2,"stroke-opacity":0.85},"geometry":{"type":"LineString","coordinates":[[7.680914879999996,45.09868194],[7.675751219999995,45.09868032]]}},{"type":"Feature","properties":{"flags":0,"flags_hex":"0x00","b_class":5,"s1_flag":1,"city":"Torino","sector":1031326,"stroke":"#2196F3","stroke-width":2,"stroke-opacity":0.85},"geometry":{"type":"LineString","coordinates":[[7.6808970599999995,45.05886864],[7.678351859999999,45.05892228]]}},{"type":"Feature","properties":{"flags":0,"flags_hex":"0x00","b_class":5,"s1_flag":1,"city":"Torino","sector":1031326,"stroke":"#2196F3","stroke-width":2,"stroke-opacity":0.85},"geometry":{"type":"LineString","coordinates":[[7.698603119999994,45.04301856],[7.698589439999999,45.045597599999994]]}},{"type":"Feature","properties":{"flags":0,"flags_hex":"0x00","b_class":5,"s1_flag":1,"city":"Torino","sector":1031326,"stroke":"#2196F3","stroke-width":2,"stroke-opacity":0.85},"geometry":{"type":"LineString","coordinates":[[7.760532839999996,45.09868572],[7.760533199999998,45.098683199999996]]}},{"type":"Feature","properties":{"flags":0,"flags_hex":"0x00","b_class":5,"s1_flag":1,"city":"Torino","sector":1031326,"stroke":"#2196F3","stroke-width":2,"stroke-opacity":0.85},"geometry":{"type":"LineString","coordinates":[[7.698589439999999,45.09867384],[7.698693839999997,45.09868049999999]]}},{"type":"Feature","properties":{"flags":0,"flags_hex":"0x00","b_class":5,"s1_flag":1,"city":"Torino","sector":1031326,"stroke":"#2196F3","stroke-width":2,"stroke-opacity":0.85},"geometry":{"type":"LineString","coordinates":[[7.663222679999997,45.045584999999996],[7.663200179999997,45.04558625999999]]}},{"type":"Feature","properties":{"flags":0,"flags_hex":"0x00","b_class":5,"s1_flag":1,"city":"Torino","sector":1031326,"stroke":"#2196F3","stroke-width":2,"stroke-opacity":0.85},"geometry":{"type":"LineString","coordinates":[[7.760522399999999,45.098683199999996],[7.760529599999998,45.09868176]]}},{"type":"Feature","properties":{"flags":0,"flags_hex":"0x00","b_class":5,"s1_flag":1,"city":"Torino","sector":1031326,"stroke":"#2196F3","stroke-width":2,"stroke-opacity":0.85},"geometry":{"type":"LineString","coordinates":[[7.72513764,45.0632916],[7.725145919999996,45.06329124]]}},{"type":"Feature","properties":{"flags":0,"flags_hex":"0x00","b_class":5,"s1_flag":1,"city":"Torino","sector":1031326,"stroke":"#2196F3","stroke-width":2,"stroke-opacity":0.85},"geometry":{"type":"LineString","coordinates":[[7.6897478399999954,45.13798944],[7.689764399999994,45.14291909999999]]}},{"type":"Feature","properties":{"flags":16,"flags_hex":"0x10","b_class":5,"s1_flag":1,"city":"Torino","sector":1031278,"stroke":"#FF9800","stroke-width":2,"stroke-opacity":0.85},"geometry":{"type":"LineString","coordinates":[[7.680903179999994,45.067711499999994],[7.6808997599999955,45.064776419999994]]}},{"type":"Feature","properties":{"flags":16,"flags_hex":"0x10","b_class":5,"s1_flag":1,"city":"Torino","sector":1031278,"stroke":"#FF9800","stroke-width":2,"stroke-opacity":0.85},"geometry":{"type":"LineString","coordinates":[[7.618974899999998,45.02991222],[7.622527559999995,45.027890639999995]]}},{"type":"Feature","properties":{"flags":16,"flags_hex":"0x10","b_class":5,"s1_flag":1,"city":"Torino","sector":1031278,"stroke":"#FF9800","stroke-width":2,"stroke-opacity":0.85},"geometry":{"type":"LineString","coordinates":[[7.685530799999995,45.076563359999994],[7.680910559999994,45.078632639999995]]}},{"type":"Feature","properties":{"flags":16,"flags_hex":"0x10","b_class":5,"s1_flag":1,"city":"Torino","sector":1031278,"stroke":"#FF9800","stroke-width":2,"stroke-opacity":0.85},"geometry":{"type":"LineString","coordinates":[[7.610122139999994,45.060350039999996],[7.613085659999996,45.06624864]]}},{"type":"Feature","properties":{"flags":16,"flags_hex":"0x10","b_class":5,"s1_flag":1,"city":"Torino","sector":1031278,"stroke":"#FF9800","stroke-width":2,"stroke-opacity":0.85},"geometry":{"type":"LineString","coordinates":[[7.6809080399999985,45.07656408],[7.680903539999996,45.081412199999995]]}},{"type":"Feature","properties":{"flags":16,"flags_hex":"0x10","b_class":5,"s1_flag":1,"city":"Torino","sector":1031278,"stroke":"#FF9800","stroke-width":2,"stroke-opacity":0.85},"geometry":{"type":"LineString","coordinates":[[7.69859142,45.045590399999995],[7.693855079999999,45.045597599999994]]}},{"type":"Feature","properties":{"flags":16,"flags_hex":"0x10","b_class":5,"s1_flag":1,"city":"Torino","sector":1031278,"stroke":"#FF9800","stroke-width":2,"stroke-opacity":0.85},"geometry":{"type":"LineString","coordinates":[[7.645521299999999,45.063279539999996],[7.6455081599999986,45.063293939999994]]}},{"type":"Feature","properties":{"flags":16,"flags_hex":"0x10","b_class":5,"s1_flag":1,"city":"Torino","sector":1031278,"stroke":"#FF9800","stroke-width":2,"stroke-opacity":0.85},"geometry":{"type":"LineString","coordinates":[[7.654369920000001,45.134071379999995],[7.654365599999998,45.1340784]]}},{"type":"Feature","properties":{"flags":16,"flags_hex":"0x10","b_class":5,"s1_flag":1,"city":"Torino","sector":1031278,"stroke":"#FF9800","stroke-width":2,"stroke-opacity":0.85},"geometry":{"type":"LineString","coordinates":[[7.663209899999998,45.01020222],[7.665055079999995,45.01019951999999]]}},{"type":"Feature","properties":{"flags":16,"flags_hex":"0x10","b_class":5,"s1_flag":1,"city":"Torino","sector":1031278,"stroke":"#FF9800","stroke-width":2,"stroke-opacity":0.85},"geometry":{"type":"LineString","coordinates":[[7.698592859999998,45.098688419999995],[7.69530048,45.098675639999996]]}},{"type":"Feature","properties":{"flags":16,"flags_hex":"0x10","b_class":5,"s1_flag":1,"city":"Torino","sector":1031278,"stroke":"#FF9800","stroke-width":2,"stroke-opacity":0.85},"geometry":{"type":"LineString","coordinates":[[7.68089724,45.09868176],[7.680909839999998,45.0986814]]}},{"type":"Feature","properties":{"flags":16,"flags_hex":"0x10","b_class":5,"s1_flag":1,"city":"Torino","sector":1031278,"stroke":"#FF9800","stroke-width":2,"stroke-opacity":0.85},"geometry":{"type":"LineString","coordinates":[[7.618974179999995,45.027900179999996],[7.618978679999998,45.030896819999995]]}},{"type":"Feature","properties":{"flags":16,"flags_hex":"0x10","b_class":5,"s1_flag":0,"city":"Torino","sector":1031278,"stroke":"#FF9800","stroke-width":2,"stroke-opacity":0.85},"geometry":{"type":"LineString","coordinates":[[7.698607259999996,45.098680679999994],[7.698603479999996,45.09868049999999]]}},{"type":"Feature","properties":{"flags":16,"flags_hex":"0x10","b_class":5,"s1_flag":1,"city":"Torino","sector":1031278,"stroke":"#FF9800","stroke-width":2,"stroke-opacity":0.85},"geometry":{"type":"LineString","coordinates":[[7.728216719999999,45.10483326],[7.725143939999995,45.102485699999995]]}},{"type":"Feature","properties":{"flags":17,"flags_hex":"0x11","b_class":5,"s1_flag":0,"city":"Torino","sector":1031278,"stroke":"#9C27B0","stroke-width":2,"stroke-opacity":0.85},"geometry":{"type":"LineString","coordinates":[[7.663205759999997,45.06771798],[7.663218719999996,45.062649359999995]]}},{"type":"Feature","properties":{"flags":16,"flags_hex":"0x10","b_class":5,"s1_flag":1,"city":"Torino","sector":1031278,"stroke":"#FF9800","stroke-width":2,"stroke-opacity":0.85},"geometry":{"type":"LineString","coordinates":[[7.7019298799999945,45.098671679999995],[7.69860456,45.09958356]]}},{"type":"Feature","properties":{"flags":16,"flags_hex":"0x10","b_class":5,"s1_flag":1,"city":"Torino","sector":1031278,"stroke":"#FF9800","stroke-width":2,"stroke-opacity":0.85},"geometry":{"type":"LineString","coordinates":[[7.627823879999994,45.08546328],[7.627818479999995,45.08097588]]}},{"type":"Feature","properties":{"flags":16,"flags_hex":"0x10","b_class":5,"s1_flag":1,"city":"Torino","sector":1031278,"stroke":"#FF9800","stroke-width":2,"stroke-opacity":0.85},"geometry":{"type":"LineString","coordinates":[[7.610127719999994,45.068823359999996],[7.610115839999999,45.063292319999995]]}},{"type":"Feature","properties":{"flags":16,"flags_hex":"0x10","b_class":5,"s1_flag":1,"city":"Torino","sector":1031278,"stroke":"#FF9800","stroke-width":2,"stroke-opacity":0.85},"geometry":{"type":"LineString","coordinates":[[7.689753599999996,45.14362128],[7.689757199999995,45.14291856]]}},{"type":"Feature","properties":{"flags":16,"flags_hex":"0x10","b_class":5,"s1_flag":1,"city":"Torino","sector":1031278,"stroke":"#FF9800","stroke-width":2,"stroke-opacity":0.85},"geometry":{"type":"LineString","coordinates":[[7.725143039999999,45.063297],[7.723245479999996,45.063291959999994]]}},{"type":"Feature","properties":{"flags":16,"flags_hex":"0x10","b_class":5,"s1_flag":1,"city":"Torino","sector":1031278,"stroke":"#FF9800","stroke-width":2,"stroke-opacity":0.85},"geometry":{"type":"LineString","coordinates":[[7.725136379999995,45.063292499999996],[7.725269939999997,45.06839064]]}},{"type":"Feature","properties":{"flags":16,"flags_hex":"0x10","b_class":5,"s1_flag":1,"city":"Torino","sector":1031278,"stroke":"#FF9800","stroke-width":2,"stroke-opacity":0.85},"geometry":{"type":"LineString","coordinates":[[7.619440919999995,45.02790414],[7.61898102,45.02789136]]}},{"type":"Feature","properties":{"flags":16,"flags_hex":"0x10","b_class":5,"s1_flag":1,"city":"Torino","sector":1031278,"stroke":"#FF9800","stroke-width":2,"stroke-opacity":0.85},"geometry":{"type":"LineString","coordinates":[[7.698595919999995,45.045597599999994],[7.698603839999997,45.05112558]]}},{"type":"Feature","properties":{"flags":16,"flags_hex":"0x10","b_class":5,"s1_flag":1,"city":"Torino","sector":1031278,"stroke":"#FF9800","stroke-width":2,"stroke-opacity":0.85},"geometry":{"type":"LineString","coordinates":[[7.627887779999995,45.063292319999995],[7.627816319999994,45.06329538]]}},{"type":"Feature","properties":{"flags":16,"flags_hex":"0x10","b_class":5,"s1_flag":1,"city":"Torino","sector":1031278,"stroke":"#FF9800","stroke-width":2,"stroke-opacity":0.85},"geometry":{"type":"LineString","coordinates":[[7.626355799999999,45.08098038],[7.627818479999995,45.08098704]]}},{"type":"Feature","properties":{"flags":16,"flags_hex":"0x10","b_class":5,"s1_flag":1,"city":"Torino","sector":1031278,"stroke":"#FF9800","stroke-width":2,"stroke-opacity":0.85},"geometry":{"type":"LineString","coordinates":[[7.7264203199999955,45.03675222],[7.730308859999994,45.03749094]]}},{"type":"Feature","properties":{"flags":16,"flags_hex":"0x10","b_class":5,"s1_flag":1,"city":"Torino","sector":1031278,"stroke":"#FF9800","stroke-width":2,"stroke-opacity":0.85},"geometry":{"type":"LineString","coordinates":[[7.680903179999994,45.05886414],[7.680900479999998,45.05887061999999]]}},{"type":"Feature","properties":{"flags":16,"flags_hex":"0x10","b_class":5,"s1_flag":1,"city":"Torino","sector":1031278,"stroke":"#FF9800","stroke-width":2,"stroke-opacity":0.85},"geometry":{"type":"LineString","coordinates":[[7.719360179999995,45.063301499999994],[7.725142859999998,45.063267659999994]]}},{"type":"Feature","properties":{"flags":16,"flags_hex":"0x10","b_class":5,"s1_flag":1,"city":"Torino","sector":1031278,"stroke":"#FF9800","stroke-width":2,"stroke-opacity":0.85},"geometry":{"type":"LineString","coordinates":[[7.65436416,45.11888982],[7.654359839999998,45.116378999999995]]}},{"type":"Feature","properties":{"flags":16,"flags_hex":"0x10","b_class":5,"s1_flag":1,"city":"Torino","sector":1031278,"stroke":"#FF9800","stroke-width":2,"stroke-opacity":0.85},"geometry":{"type":"LineString","coordinates":[[7.645516259999994,45.04559544],[7.645517159999997,45.045588599999995]]}},{"type":"Feature","properties":{"flags":16,"flags_hex":"0x10","b_class":5,"s1_flag":1,"city":"Torino","sector":1031278,"stroke":"#FF9800","stroke-width":2,"stroke-opacity":0.85},"geometry":{"type":"LineString","coordinates":[[7.7251487999999995,45.10384542],[7.728467639999998,45.10753758]]}},{"type":"Feature","properties":{"flags":16,"flags_hex":"0x10","b_class":5,"s1_flag":0,"city":"Torino","sector":1031278,"stroke":"#FF9800","stroke-width":2,"stroke-opacity":0.85},"geometry":{"type":"LineString","coordinates":[[7.663199999999996,45.027907199999994],[7.663219979999994,45.027898379999996]]}},{"type":"Feature","properties":{"flags":16,"flags_hex":"0x10","b_class":5,"s1_flag":1,"city":"Torino","sector":1031278,"stroke":"#FF9800","stroke-width":2,"stroke-opacity":0.85},"geometry":{"type":"LineString","coordinates":[[7.663214399999994,45.04559904],[7.6632216,45.045597599999994]]}},{"type":"Feature","properties":{"flags":16,"flags_hex":"0x10","b_class":5,"s1_flag":1,"city":"Torino","sector":1031278,"stroke":"#FF9800","stroke-width":2,"stroke-opacity":0.85},"geometry":{"type":"LineString","coordinates":[[7.645525259999999,45.027898379999996],[7.645505639999996,45.027890459999995]]}},{"type":"Feature","properties":{"flags":16,"flags_hex":"0x10","b_class":5,"s1_flag":1,"city":"Torino","sector":1031278,"stroke":"#FF9800","stroke-width":2,"stroke-opacity":0.85},"geometry":{"type":"LineString","coordinates":[[7.663210619999994,45.05886432],[7.6627280399999975,45.05887566]]}},{"type":"Feature","properties":{"flags":16,"flags_hex":"0x10","b_class":5,"s1_flag":1,"city":"Torino","sector":1031278,"stroke":"#FF9800","stroke-width":2,"stroke-opacity":0.85},"geometry":{"type":"LineString","coordinates":[[7.663209899999998,45.01020276],[7.663202159999997,45.0102069]]}},{"type":"Feature","properties":{"flags":16,"flags_hex":"0x10","b_class":5,"s1_flag":1,"city":"Torino","sector":1031278,"stroke":"#FF9800","stroke-width":2,"stroke-opacity":0.85},"geometry":{"type":"LineString","coordinates":[[7.6985892599999985,45.06324858],[7.696035959999996,45.06329286]]}},{"type":"Feature","properties":{"flags":16,"flags_hex":"0x10","b_class":5,"s1_flag":1,"city":"Torino","sector":1031278,"stroke":"#FF9800","stroke-width":2,"stroke-opacity":0.85},"geometry":{"type":"LineString","coordinates":[[7.725142499999997,45.142915679999994],[7.728207899999994,45.14292845999999]]}},{"type":"Feature","properties":{"flags":16,"flags_hex":"0x10","b_class":5,"s1_flag":1,"city":"Torino","sector":1031278,"stroke":"#FF9800","stroke-width":2,"stroke-opacity":0.85},"geometry":{"type":"LineString","coordinates":[[7.698565499999994,45.06328026],[7.698591239999999,45.063292319999995]]}},{"type":"Feature","properties":{"flags":16,"flags_hex":"0x10","b_class":5,"s1_flag":1,"city":"Torino","sector":1031278,"stroke":"#FF9800","stroke-width":2,"stroke-opacity":0.85},"geometry":{"type":"LineString","coordinates":[[7.6101160199999995,45.063302039999996],[7.610129699999995,45.063294479999996]]}},{"type":"Feature","properties":{"flags":16,"flags_hex":"0x10","b_class":5,"s1_flag":1,"city":"Torino","sector":1031278,"stroke":"#FF9800","stroke-width":2,"stroke-opacity":0.85},"geometry":{"type":"LineString","coordinates":[[7.725143759999995,45.03603078],[7.728126719999999,45.03675096]]}},{"type":"Feature","properties":{"flags":16,"flags_hex":"0x10","b_class":5,"s1_flag":1,"city":"Torino","sector":1031278,"stroke":"#FF9800","stroke-width":2,"stroke-opacity":0.85},"geometry":{"type":"LineString","coordinates":[[7.62058356,45.01020834],[7.618243379999996,45.00726372]]}},{"type":"Feature","properties":{"flags":16,"flags_hex":"0x10","b_class":5,"s1_flag":1,"city":"Torino","sector":1031278,"stroke":"#FF9800","stroke-width":2,"stroke-opacity":0.85},"geometry":{"type":"LineString","coordinates":[[7.724958539999996,45.080801099999995],[7.724506919999996,45.08099514]]}},{"type":"Feature","properties":{"flags":16,"flags_hex":"0x10","b_class":5,"s1_flag":0,"city":"Torino","sector":1031278,"stroke":"#FF9800","stroke-width":2,"stroke-opacity":0.85},"geometry":{"type":"LineString","coordinates":[[7.680895979999995,45.05351022],[7.680894539999997,45.0588213]]}},{"type":"Feature","properties":{"flags":16,"flags_hex":"0x10","b_class":5,"s1_flag":1,"city":"Torino","sector":1031278,"stroke":"#FF9800","stroke-width":2,"stroke-opacity":0.85},"geometry":{"type":"LineString","coordinates":[[7.641096899999994,45.080976959999994],[7.645518419999995,45.08098991999999]]}},{"type":"Feature","properties":{"flags":16,"flags_hex":"0x10","b_class":5,"s1_flag":0,"city":"Torino","sector":1031278,"stroke":"#FF9800","stroke-width":2,"stroke-opacity":0.85},"geometry":{"type":"LineString","coordinates":[[7.627821900000001,45.080962379999995],[7.6277407199999985,45.07878564]]}},{"type":"Feature","properties":{"flags":16,"flags_hex":"0x10","b_class":5,"s1_flag":1,"city":"Torino","sector":1031278,"stroke":"#FF9800","stroke-width":2,"stroke-opacity":0.85},"geometry":{"type":"LineString","coordinates":[[7.6985892599999985,45.06325524],[7.698602399999999,45.063292319999995]]}},{"type":"Feature","properties":{"flags":16,"flags_hex":"0x10","b_class":5,"s1_flag":1,"city":"Torino","sector":1031278,"stroke":"#FF9800","stroke-width":2,"stroke-opacity":0.85},"geometry":{"type":"LineString","coordinates":[[7.778224139999999,45.07212834],[7.7745417,45.077669279999995]]}},{"type":"Feature","properties":{"flags":16,"flags_hex":"0x10","b_class":5,"s1_flag":1,"city":"Torino","sector":1031278,"stroke":"#FF9800","stroke-width":2,"stroke-opacity":0.85},"geometry":{"type":"LineString","coordinates":[[7.692714959999996,45.029318399999994],[7.689742619999997,45.027890459999995]]}},{"type":"Feature","properties":{"flags":16,"flags_hex":"0x10","b_class":5,"s1_flag":1,"city":"Torino","sector":1031278,"stroke":"#FF9800","stroke-width":2,"stroke-opacity":0.85},"geometry":{"type":"LineString","coordinates":[[7.604675520000001,45.06328008],[7.6101347399999995,45.06199487999999]]}},{"type":"Feature","properties":{"flags":16,"flags_hex":"0x10","b_class":5,"s1_flag":1,"city":"Torino","sector":1031278,"stroke":"#FF9800","stroke-width":2,"stroke-opacity":0.85},"geometry":{"type":"LineString","coordinates":[[7.680992999999994,45.04264686],[7.677956939999994,45.04851126]]}},{"type":"Feature","properties":{"flags":16,"flags_hex":"0x10","b_class":5,"s1_flag":1,"city":"Torino","sector":1031278,"stroke":"#FF9800","stroke-width":2,"stroke-opacity":0.85},"geometry":{"type":"LineString","coordinates":[[7.64551986,45.079880759999995],[7.645524179999995,45.080988659999996]]}},{"type":"Feature","properties":{"flags":16,"flags_hex":"0x10","b_class":5,"s1_flag":1,"city":"Torino","sector":1031278,"stroke":"#FF9800","stroke-width":2,"stroke-opacity":0.85},"geometry":{"type":"LineString","coordinates":[[7.682197019999997,45.08541432],[7.680907679999997,45.0854109]]}},{"type":"Feature","properties":{"flags":16,"flags_hex":"0x10","b_class":5,"s1_flag":1,"city":"Torino","sector":1031278,"stroke":"#FF9800","stroke-width":2,"stroke-opacity":0.85},"geometry":{"type":"LineString","coordinates":[[7.682220959999995,45.10390338],[7.678936139999998,45.09873107999999]]}},{"type":"Feature","properties":{"flags":16,"flags_hex":"0x10","b_class":5,"s1_flag":1,"city":"Torino","sector":1031278,"stroke":"#FF9800","stroke-width":2,"stroke-opacity":0.85},"geometry":{"type":"LineString","coordinates":[[7.6986013199999945,45.093594599999996],[7.698600599999999,45.09867978]]}},{"type":"Feature","properties":{"flags":16,"flags_hex":"0x10","b_class":5,"s1_flag":1,"city":"Torino","sector":1031278,"stroke":"#FF9800","stroke-width":2,"stroke-opacity":0.85},"geometry":{"type":"LineString","coordinates":[[7.6986013199999945,45.09867491999999],[7.698601139999994,45.09867258]]}},{"type":"Feature","properties":{"flags":16,"flags_hex":"0x10","b_class":5,"s1_flag":1,"city":"Torino","sector":1031278,"stroke":"#FF9800","stroke-width":2,"stroke-opacity":0.85},"geometry":{"type":"LineString","coordinates":[[7.698602219999998,45.09869094],[7.694549339999995,45.09619488]]}},{"type":"Feature","properties":{"flags":16,"flags_hex":"0x10","b_class":5,"s1_flag":1,"city":"Torino","sector":1031278,"stroke":"#FF9800","stroke-width":2,"stroke-opacity":0.85},"geometry":{"type":"LineString","coordinates":[[7.692763739999997,45.07831458],[7.703024459999995,45.07951086]]}},{"type":"Feature","properties":{"flags":16,"flags_hex":"0x10","b_class":5,"s1_flag":1,"city":"Torino","sector":1031278,"stroke":"#FF9800","stroke-width":2,"stroke-opacity":0.85},"geometry":{"type":"LineString","coordinates":[[7.697681519999996,45.0456003],[7.698599339999994,45.0455913]]}},{"type":"Feature","properties":{"flags":16,"flags_hex":"0x10","b_class":5,"s1_flag":1,"city":"Torino","sector":1031278,"stroke":"#FF9800","stroke-width":2,"stroke-opacity":0.85},"geometry":{"type":"LineString","coordinates":[[7.680906959999994,45.06402798],[7.680168779999995,45.06488478]]}},{"type":"Feature","properties":{"flags":16,"flags_hex":"0x10","b_class":5,"s1_flag":1,"city":"Torino","sector":1031278,"stroke":"#FF9800","stroke-width":2,"stroke-opacity":0.85},"geometry":{"type":"LineString","coordinates":[[7.684225259999998,45.11638421999999],[7.690860959999995,45.116367839999995]]}},{"type":"Feature","properties":{"flags":16,"flags_hex":"0x10","b_class":5,"s1_flag":1,"city":"Torino","sector":1031278,"stroke":"#FF9800","stroke-width":2,"stroke-opacity":0.85},"geometry":{"type":"LineString","coordinates":[[7.61602542,45.007257419999995],[7.613095559999998,45.00432756]]}},{"type":"Feature","properties":{"flags":16,"flags_hex":"0x10","b_class":5,"s1_flag":1,"city":"Torino","sector":1031278,"stroke":"#FF9800","stroke-width":2,"stroke-opacity":0.85},"geometry":{"type":"LineString","coordinates":[[7.71949824,45.10752804],[7.725153839999997,45.107530739999994]]}},{"type":"Feature","properties":{"flags":16,"flags_hex":"0x10","b_class":5,"s1_flag":1,"city":"Torino","sector":1031278,"stroke":"#FF9800","stroke-width":2,"stroke-opacity":0.85},"geometry":{"type":"LineString","coordinates":[[7.6632174599999985,45.098669519999994],[7.66321422,45.09869076]]}},{"type":"Feature","properties":{"flags":16,"flags_hex":"0x10","b_class":5,"s1_flag":1,"city":"Torino","sector":1031278,"stroke":"#FF9800","stroke-width":2,"stroke-opacity":0.85},"geometry":{"type":"LineString","coordinates":[[7.72514322,45.142911719999994],[7.725143759999995,45.14292648]]}},{"type":"Feature","properties":{"flags":16,"flags_hex":"0x10","b_class":5,"s1_flag":1,"city":"Torino","sector":1031278,"stroke":"#FF9800","stroke-width":2,"stroke-opacity":0.85},"geometry":{"type":"LineString","coordinates":[[7.6278285599999975,45.06328368],[7.6280071199999995,45.06329106]]}},{"type":"Feature","properties":{"flags":16,"flags_hex":"0x10","b_class":5,"s1_flag":1,"city":"Torino","sector":1031278,"stroke":"#FF9800","stroke-width":2,"stroke-opacity":0.85},"geometry":{"type":"LineString","coordinates":[[7.6455175199999985,45.0046944],[7.642593779999999,45.01177199999999]]}},{"type":"Feature","properties":{"flags":16,"flags_hex":"0x10","b_class":5,"s1_flag":1,"city":"Torino","sector":1031278,"stroke":"#FF9800","stroke-width":2,"stroke-opacity":0.85},"geometry":{"type":"LineString","coordinates":[[7.6809107399999945,45.098680679999994],[7.680906959999994,45.09868176]]}},{"type":"Feature","properties":{"flags":16,"flags_hex":"0x10","b_class":5,"s1_flag":1,"city":"Torino","sector":1031278,"stroke":"#FF9800","stroke-width":2,"stroke-opacity":0.85},"geometry":{"type":"LineString","coordinates":[[7.610126279999996,45.080986679999995],[7.610133299999994,45.08098596]]}},{"type":"Feature","properties":{"flags":16,"flags_hex":"0x10","b_class":5,"s1_flag":1,"city":"Torino","sector":1031278,"stroke":"#FF9800","stroke-width":2,"stroke-opacity":0.85},"geometry":{"type":"LineString","coordinates":[[7.680909479999997,45.06771816],[7.6809096599999975,45.06771834]]}},{"type":"Feature","properties":{"flags":16,"flags_hex":"0x10","b_class":5,"s1_flag":1,"city":"Torino","sector":1031278,"stroke":"#FF9800","stroke-width":2,"stroke-opacity":0.85},"geometry":{"type":"LineString","coordinates":[[7.6985892599999985,45.06324786],[7.698593759999994,45.063292319999995]]}},{"type":"Feature","properties":{"flags":16,"flags_hex":"0x10","b_class":5,"s1_flag":1,"city":"Torino","sector":1031278,"stroke":"#FF9800","stroke-width":2,"stroke-opacity":0.85},"geometry":{"type":"LineString","coordinates":[[7.69860096,45.0928548],[7.6985980799999965,45.09868176]]}},{"type":"Feature","properties":{"flags":16,"flags_hex":"0x10","b_class":5,"s1_flag":1,"city":"Torino","sector":1031278,"stroke":"#FF9800","stroke-width":2,"stroke-opacity":0.85},"geometry":{"type":"LineString","coordinates":[[7.687911839999998,45.1445904],[7.689757919999998,45.14312159999999]]}},{"type":"Feature","properties":{"flags":16,"flags_hex":"0x10","b_class":5,"s1_flag":1,"city":"Torino","sector":1031278,"stroke":"#FF9800","stroke-width":2,"stroke-opacity":0.85},"geometry":{"type":"LineString","coordinates":[[7.758874679999998,45.116371439999995],[7.760533199999998,45.115086059999996]]}},{"type":"Feature","properties":{"flags":16,"flags_hex":"0x10","b_class":5,"s1_flag":1,"city":"Torino","sector":1031278,"stroke":"#FF9800","stroke-width":2,"stroke-opacity":0.85},"geometry":{"type":"LineString","coordinates":[[7.675174139999996,45.058867379999995],[7.681874099999995,45.05985774]]}},{"type":"Feature","properties":{"flags":16,"flags_hex":"0x10","b_class":5,"s1_flag":1,"city":"Torino","sector":1031278,"stroke":"#FF9800","stroke-width":2,"stroke-opacity":0.85},"geometry":{"type":"LineString","coordinates":[[7.645522919999998,45.08097462],[7.645517159999997,45.08099172]]}},{"type":"Feature","properties":{"flags":16,"flags_hex":"0x10","b_class":5,"s1_flag":1,"city":"Torino","sector":1031278,"stroke":"#FF9800","stroke-width":2,"stroke-opacity":0.85},"geometry":{"type":"LineString","coordinates":[[7.72513206,45.06328008],[7.726896419999996,45.06698898]]}},{"type":"Feature","properties":{"flags":16,"flags_hex":"0x10","b_class":5,"s1_flag":1,"city":"Torino","sector":1031278,"stroke":"#FF9800","stroke-width":2,"stroke-opacity":0.85},"geometry":{"type":"LineString","coordinates":[[7.693165139999998,45.033097139999995],[7.686879899999994,45.02542662]]}},{"type":"Feature","properties":{"flags":16,"flags_hex":"0x10","b_class":5,"s1_flag":1,"city":"Torino","sector":1031278,"stroke":"#FF9800","stroke-width":2,"stroke-opacity":0.85},"geometry":{"type":"LineString","coordinates":[[7.645522379999996,45.027901799999995],[7.645151039999995,45.02791008]]}},{"type":"Feature","properties":{"flags":16,"flags_hex":"0x10","b_class":5,"s1_flag":1,"city":"Torino","sector":1031278,"stroke":"#FF9800","stroke-width":2,"stroke-opacity":0.85},"geometry":{"type":"LineString","coordinates":[[7.618974719999997,45.027907559999996],[7.61896986,45.02785572]]}},{"type":"Feature","properties":{"flags":16,"flags_hex":"0x10","b_class":5,"s1_flag":1,"city":"Torino","sector":1031278,"stroke":"#FF9800","stroke-width":2,"stroke-opacity":0.85},"geometry":{"type":"LineString","coordinates":[[7.725252839999996,45.06120954],[7.725144479999997,45.06330024]]}},{"type":"Feature","properties":{"flags":16,"flags_hex":"0x10","b_class":5,"s1_flag":1,"city":"Torino","sector":1031278,"stroke":"#FF9800","stroke-width":2,"stroke-opacity":0.85},"geometry":{"type":"LineString","coordinates":[[7.725140339999996,45.10603098],[7.725142679999998,45.107532719999995]]}},{"type":"Feature","properties":{"flags":16,"flags_hex":"0x10","b_class":5,"s1_flag":1,"city":"Torino","sector":1031278,"stroke":"#FF9800","stroke-width":2,"stroke-opacity":0.85},"geometry":{"type":"LineString","coordinates":[[7.698604919999994,45.09869112],[7.6985996999999955,45.09868014]]}},{"type":"Feature","properties":{"flags":16,"flags_hex":"0x10","b_class":5,"s1_flag":1,"city":"Torino","sector":1031278,"stroke":"#FF9800","stroke-width":2,"stroke-opacity":0.85},"geometry":{"type":"LineString","coordinates":[[7.698602579999999,45.04664448],[7.693085939999996,45.04857714]]}},{"type":"Feature","properties":{"flags":16,"flags_hex":"0x10","b_class":5,"s1_flag":1,"city":"Torino","sector":1031278,"stroke":"#FF9800","stroke-width":2,"stroke-opacity":0.85},"geometry":{"type":"LineString","coordinates":[[7.6985980799999965,45.06328584],[7.698589439999999,45.06799212]]}},{"type":"Feature","properties":{"flags":16,"flags_hex":"0x10","b_class":5,"s1_flag":1,"city":"Torino","sector":1031278,"stroke":"#FF9800","stroke-width":2,"stroke-opacity":0.85},"geometry":{"type":"LineString","coordinates":[[7.676484179999996,45.047082419999995],[7.680895079999999,45.045586619999995]]}},{"type":"Feature","properties":{"flags":16,"flags_hex":"0x10","b_class":5,"s1_flag":1,"city":"Torino","sector":1031278,"stroke":"#FF9800","stroke-width":2,"stroke-opacity":0.85},"geometry":{"type":"LineString","coordinates":[[7.680914879999996,45.045602099999996],[7.680894719999998,45.04559922]]}},{"type":"Feature","properties":{"flags":16,"flags_hex":"0x10","b_class":5,"s1_flag":1,"city":"Torino","sector":1031278,"stroke":"#FF9800","stroke-width":2,"stroke-opacity":0.85},"geometry":{"type":"LineString","coordinates":[[7.698608879999995,45.04558752],[7.698592319999996,45.045586799999995]]}},{"type":"Feature","properties":{"flags":16,"flags_hex":"0x10","b_class":5,"s1_flag":1,"city":"Torino","sector":1031278,"stroke":"#FF9800","stroke-width":2,"stroke-opacity":0.85},"geometry":{"type":"LineString","coordinates":[[7.699683659999998,45.0986571],[7.69850916,45.098680679999994]]}},{"type":"Feature","properties":{"flags":16,"flags_hex":"0x10","b_class":5,"s1_flag":1,"city":"Torino","sector":1031278,"stroke":"#FF9800","stroke-width":2,"stroke-opacity":0.85},"geometry":{"type":"LineString","coordinates":[[7.698698159999999,45.09868049999999],[7.698605819999997,45.09868805999999]]}},{"type":"Feature","properties":{"flags":16,"flags_hex":"0x10","b_class":5,"s1_flag":1,"city":"Torino","sector":1031278,"stroke":"#FF9800","stroke-width":2,"stroke-opacity":0.85},"geometry":{"type":"LineString","coordinates":[[7.618976879999998,45.02852856],[7.620499679999995,45.02790666]]}},{"type":"Feature","properties":{"flags":16,"flags_hex":"0x10","b_class":5,"s1_flag":0,"city":"Torino","sector":1031278,"stroke":"#FF9800","stroke-width":2,"stroke-opacity":0.85},"geometry":{"type":"LineString","coordinates":[[7.698605279999995,45.045598319999996],[7.6985980799999965,45.045601919999996]]}},{"type":"Feature","properties":{"flags":16,"flags_hex":"0x10","b_class":5,"s1_flag":1,"city":"Torino","sector":1031278,"stroke":"#FF9800","stroke-width":2,"stroke-opacity":0.85},"geometry":{"type":"LineString","coordinates":[[7.663212959999996,45.0678096],[7.669109579999997,45.07361262]]}},{"type":"Feature","properties":{"flags":16,"flags_hex":"0x10","b_class":5,"s1_flag":1,"city":"Torino","sector":1031278,"stroke":"#FF9800","stroke-width":2,"stroke-opacity":0.85},"geometry":{"type":"LineString","coordinates":[[7.6985892599999985,45.06325416],[7.692705959999998,45.063297]]}},{"type":"Feature","properties":{"flags":16,"flags_hex":"0x10","b_class":5,"s1_flag":1,"city":"Torino","sector":1031278,"stroke":"#FF9800","stroke-width":2,"stroke-opacity":0.85},"geometry":{"type":"LineString","coordinates":[[7.667229479999996,45.06771491999999],[7.663221239999999,45.0677142]]}},{"type":"Feature","properties":{"flags":16,"flags_hex":"0x10","b_class":5,"s1_flag":1,"city":"Torino","sector":1031278,"stroke":"#FF9800","stroke-width":2,"stroke-opacity":0.85},"geometry":{"type":"LineString","coordinates":[[7.618974179999995,45.02790036],[7.613525939999995,45.027903599999995]]}},{"type":"Feature","properties":{"flags":16,"flags_hex":"0x10","b_class":5,"s1_flag":1,"city":"Torino","sector":1031278,"stroke":"#FF9800","stroke-width":2,"stroke-opacity":0.85},"geometry":{"type":"LineString","coordinates":[[7.760532839999996,45.111127679999996],[7.760526899999995,45.12161682]]}},{"type":"Feature","properties":{"flags":16,"flags_hex":"0x10","b_class":5,"s1_flag":1,"city":"Torino","sector":1031278,"stroke":"#FF9800","stroke-width":2,"stroke-opacity":0.85},"geometry":{"type":"LineString","coordinates":[[7.703395799999996,45.09868049999999],[7.703656979999998,45.09868032]]}},{"type":"Feature","properties":{"flags":16,"flags_hex":"0x10","b_class":5,"s1_flag":1,"city":"Torino","sector":1031278,"stroke":"#FF9800","stroke-width":2,"stroke-opacity":0.85},"geometry":{"type":"LineString","coordinates":[[7.6985892599999985,45.06324858],[7.696035959999996,45.06329286]]}},{"type":"Feature","properties":{"flags":16,"flags_hex":"0x10","b_class":5,"s1_flag":1,"city":"Torino","sector":1031278,"stroke":"#FF9800","stroke-width":2,"stroke-opacity":0.85},"geometry":{"type":"LineString","coordinates":[[7.610118719999996,45.057724199999996],[7.610126279999996,45.0632916]]}},{"type":"Feature","properties":{"flags":16,"flags_hex":"0x10","b_class":5,"s1_flag":1,"city":"Torino","sector":1031278,"stroke":"#FF9800","stroke-width":2,"stroke-opacity":0.85},"geometry":{"type":"LineString","coordinates":[[7.618975259999999,45.027896399999996],[7.617022079999998,45.02790252]]}},{"type":"Feature","properties":{"flags":16,"flags_hex":"0x10","b_class":5,"s1_flag":1,"city":"Torino","sector":1031278,"stroke":"#FF9800","stroke-width":2,"stroke-opacity":0.85},"geometry":{"type":"LineString","coordinates":[[7.725143759999995,45.10200096],[7.725137279999998,45.107529119999995]]}},{"type":"Feature","properties":{"flags":16,"flags_hex":"0x10","b_class":5,"s1_flag":1,"city":"Torino","sector":1031278,"stroke":"#FF9800","stroke-width":2,"stroke-opacity":0.85},"geometry":{"type":"LineString","coordinates":[[7.6809066,45.098681039999995],[7.680896159999996,45.098680679999994]]}},{"type":"Feature","properties":{"flags":16,"flags_hex":"0x10","b_class":5,"s1_flag":1,"city":"Torino","sector":1031278,"stroke":"#FF9800","stroke-width":2,"stroke-opacity":0.85},"geometry":{"type":"LineString","coordinates":[[7.778224139999999,45.072130679999994],[7.7811777599999985,45.07220268]]}},{"type":"Feature","properties":{"flags":16,"flags_hex":"0x10","b_class":5,"s1_flag":1,"city":"Torino","sector":1031278,"stroke":"#FF9800","stroke-width":2,"stroke-opacity":0.85},"geometry":{"type":"LineString","coordinates":[[7.6809066,45.08541252],[7.6809064199999995,45.0854127]]}},{"type":"Feature","properties":{"flags":16,"flags_hex":"0x10","b_class":5,"s1_flag":1,"city":"Torino","sector":1031278,"stroke":"#FF9800","stroke-width":2,"stroke-opacity":0.85},"geometry":{"type":"LineString","coordinates":[[7.6985892599999985,45.06324786],[7.694919059999997,45.063297]]}},{"type":"Feature","properties":{"flags":16,"flags_hex":"0x10","b_class":5,"s1_flag":1,"city":"Torino","sector":1031278,"stroke":"#FF9800","stroke-width":2,"stroke-opacity":0.85},"geometry":{"type":"LineString","coordinates":[[7.693164239999994,45.098681039999995],[7.6986013199999945,45.098675639999996]]}},{"type":"Feature","properties":{"flags":16,"flags_hex":"0x10","b_class":5,"s1_flag":1,"city":"Torino","sector":1031278,"stroke":"#FF9800","stroke-width":2,"stroke-opacity":0.85},"geometry":{"type":"LineString","coordinates":[[7.645610399999995,45.06329106],[7.645518419999995,45.06329862]]}},{"type":"Feature","properties":{"flags":16,"flags_hex":"0x10","b_class":5,"s1_flag":1,"city":"Torino","sector":1031278,"stroke":"#FF9800","stroke-width":2,"stroke-opacity":0.85},"geometry":{"type":"LineString","coordinates":[[7.645511579999997,45.08099496],[7.645506899999994,45.080976959999994]]}},{"type":"Feature","properties":{"flags":16,"flags_hex":"0x10","b_class":5,"s1_flag":1,"city":"Torino","sector":1031278,"stroke":"#FF9800","stroke-width":2,"stroke-opacity":0.85},"geometry":{"type":"LineString","coordinates":[[7.663203419999995,45.045716399999996],[7.663208640000001,45.04860162]]}},{"type":"Feature","properties":{"flags":16,"flags_hex":"0x10","b_class":5,"s1_flag":1,"city":"Torino","sector":1031278,"stroke":"#FF9800","stroke-width":2,"stroke-opacity":0.85},"geometry":{"type":"LineString","coordinates":[[7.698600599999999,45.098681039999995],[7.698592319999996,45.098680679999994]]}},{"type":"Feature","properties":{"flags":16,"flags_hex":"0x10","b_class":5,"s1_flag":1,"city":"Torino","sector":1031278,"stroke":"#FF9800","stroke-width":2,"stroke-opacity":0.85},"geometry":{"type":"LineString","coordinates":[[7.666148939999999,45.06770286],[7.663168859999999,45.06771834]]}},{"type":"Feature","properties":{"flags":16,"flags_hex":"0x10","b_class":5,"s1_flag":1,"city":"Torino","sector":1031278,"stroke":"#FF9800","stroke-width":2,"stroke-opacity":0.85},"geometry":{"type":"LineString","coordinates":[[7.680903179999994,45.085406219999996],[7.680894719999998,45.08539776]]}},{"type":"Feature","properties":{"flags":16,"flags_hex":"0x10","b_class":5,"s1_flag":0,"city":"Torino","sector":1031278,"stroke":"#FF9800","stroke-width":2,"stroke-opacity":0.85},"geometry":{"type":"LineString","coordinates":[[7.60607916,45.08395812],[7.610150759999996,45.08578728]]}},{"type":"Feature","properties":{"flags":16,"flags_hex":"0x10","b_class":5,"s1_flag":1,"city":"Torino","sector":1031278,"stroke":"#FF9800","stroke-width":2,"stroke-opacity":0.85},"geometry":{"type":"LineString","coordinates":[[7.645518959999997,45.045586799999995],[7.640754359999995,45.04559688]]}},{"type":"Feature","properties":{"flags":16,"flags_hex":"0x10","b_class":5,"s1_flag":1,"city":"Torino","sector":1031278,"stroke":"#FF9800","stroke-width":2,"stroke-opacity":0.85},"geometry":{"type":"LineString","coordinates":[[7.702622699999999,45.094171679999995],[7.698605639999997,45.09752346]]}},{"type":"Feature","properties":{"flags":16,"flags_hex":"0x10","b_class":5,"s1_flag":1,"city":"Torino","sector":1031278,"stroke":"#FF9800","stroke-width":2,"stroke-opacity":0.85},"geometry":{"type":"LineString","coordinates":[[7.6131286799999955,45.09868536],[7.618963919999999,45.09868356]]}},{"type":"Feature","properties":{"flags":16,"flags_hex":"0x10","b_class":5,"s1_flag":1,"city":"Torino","sector":1031278,"stroke":"#FF9800","stroke-width":2,"stroke-opacity":0.85},"geometry":{"type":"LineString","coordinates":[[7.610121599999999,45.07614972],[7.610130599999998,45.08098722]]}},{"type":"Feature","properties":{"flags":16,"flags_hex":"0x10","b_class":5,"s1_flag":1,"city":"Torino","sector":1031278,"stroke":"#FF9800","stroke-width":2,"stroke-opacity":0.85},"geometry":{"type":"LineString","coordinates":[[7.620482039999999,45.02790216],[7.6189761599999954,45.0279045]]}},{"type":"Feature","properties":{"flags":16,"flags_hex":"0x10","b_class":5,"s1_flag":1,"city":"Torino","sector":1031278,"stroke":"#FF9800","stroke-width":2,"stroke-opacity":0.85},"geometry":{"type":"LineString","coordinates":[[7.6632107999999945,45.0588681],[7.663213319999997,45.05887584]]}},{"type":"Feature","properties":{"flags":16,"flags_hex":"0x10","b_class":5,"s1_flag":1,"city":"Torino","sector":1031278,"stroke":"#FF9800","stroke-width":2,"stroke-opacity":0.85},"geometry":{"type":"LineString","coordinates":[[7.654357139999995,45.134069939999996],[7.6543567800000005,45.13407282]]}},{"type":"Feature","properties":{"flags":16,"flags_hex":"0x10","b_class":5,"s1_flag":1,"city":"Torino","sector":1031278,"stroke":"#FF9800","stroke-width":2,"stroke-opacity":0.85},"geometry":{"type":"LineString","coordinates":[[7.621948140000001,45.027901439999994],[7.61896428,45.023337719999994]]}},{"type":"Feature","properties":{"flags":16,"flags_hex":"0x10","b_class":5,"s1_flag":1,"city":"Torino","sector":1031278,"stroke":"#FF9800","stroke-width":2,"stroke-opacity":0.85},"geometry":{"type":"LineString","coordinates":[[7.6455268799999985,45.01020672],[7.645509059999995,45.01178135999999]]}},{"type":"Feature","properties":{"flags":16,"flags_hex":"0x10","b_class":5,"s1_flag":1,"city":"Torino","sector":1031278,"stroke":"#FF9800","stroke-width":2,"stroke-opacity":0.85},"geometry":{"type":"LineString","coordinates":[[7.663214399999994,45.058872959999995],[7.66321422,45.058872779999994]]}},{"type":"Feature","properties":{"flags":0,"flags_hex":"0x00","b_class":5,"s1_flag":0,"city":"Torino","sector":1031278,"stroke":"#2196F3","stroke-width":2,"stroke-opacity":0.85},"geometry":{"type":"LineString","coordinates":[[7.69860096,45.04558914],[7.698592679999997,45.0475389]]}},{"type":"Feature","properties":{"flags":16,"flags_hex":"0x10","b_class":5,"s1_flag":1,"city":"Torino","sector":1031278,"stroke":"#FF9800","stroke-width":2,"stroke-opacity":0.85},"geometry":{"type":"LineString","coordinates":[[7.764406979999997,45.11638008],[7.760533199999998,45.11637972]]}},{"type":"Feature","properties":{"flags":16,"flags_hex":"0x10","b_class":5,"s1_flag":1,"city":"Torino","sector":1031278,"stroke":"#FF9800","stroke-width":2,"stroke-opacity":0.85},"geometry":{"type":"LineString","coordinates":[[7.698596099999996,45.045584819999995],[7.698604019999998,45.045603899999996]]}},{"type":"Feature","properties":{"flags":16,"flags_hex":"0x10","b_class":5,"s1_flag":1,"city":"Torino","sector":1031278,"stroke":"#FF9800","stroke-width":2,"stroke-opacity":0.85},"geometry":{"type":"LineString","coordinates":[[7.663207199999995,45.040805999999996],[7.664722259999998,45.045584639999994]]}},{"type":"Feature","properties":{"flags":16,"flags_hex":"0x10","b_class":5,"s1_flag":1,"city":"Torino","sector":1031278,"stroke":"#FF9800","stroke-width":2,"stroke-opacity":0.85},"geometry":{"type":"LineString","coordinates":[[7.663201979999997,45.076565519999996],[7.663201619999995,45.07656786]]}},{"type":"Feature","properties":{"flags":16,"flags_hex":"0x10","b_class":5,"s1_flag":1,"city":"Torino","sector":1031278,"stroke":"#FF9800","stroke-width":2,"stroke-opacity":0.85},"geometry":{"type":"LineString","coordinates":[[7.725132959999996,45.142917479999994],[7.725148619999999,45.14881518]]}},{"type":"Feature","properties":{"flags":0,"flags_hex":"0x00","b_class":5,"s1_flag":0,"city":"Torino","sector":1031023,"stroke":"#2196F3","stroke-width":2,"stroke-opacity":0.85},"geometry":{"type":"LineString","coordinates":[[7.7251434,45.06329106],[7.7300289599999985,45.063288]]}},{"type":"Feature","properties":{"flags":0,"flags_hex":"0x00","b_class":5,"s1_flag":0,"city":"Torino","sector":1031023,"stroke":"#2196F3","stroke-width":2,"stroke-opacity":0.85},"geometry":{"type":"LineString","coordinates":[[7.618968959999997,45.027898199999996],[7.61897184,45.02789567999999]]}},{"type":"Feature","properties":{"flags":0,"flags_hex":"0x00","b_class":5,"s1_flag":0,"city":"Torino","sector":1031023,"stroke":"#2196F3","stroke-width":2,"stroke-opacity":0.85},"geometry":{"type":"LineString","coordinates":[[7.645520039999994,45.05075694],[7.6447793399999995,45.043228979999995]]}},{"type":"Feature","properties":{"flags":0,"flags_hex":"0x00","b_class":5,"s1_flag":0,"city":"Torino","sector":1031023,"stroke":"#2196F3","stroke-width":2,"stroke-opacity":0.85},"geometry":{"type":"LineString","coordinates":[[7.675108079999994,45.06771491999999],[7.681295939999998,45.06770898]]}},{"type":"Feature","properties":{"flags":16,"flags_hex":"0x10","b_class":5,"s1_flag":1,"city":"Torino","sector":1031023,"stroke":"#FF9800","stroke-width":2,"stroke-opacity":0.85},"geometry":{"type":"LineString","coordinates":[[7.680906239999999,45.0765648],[7.680906959999994,45.07852068]]}},{"type":"Feature","properties":{"flags":16,"flags_hex":"0x10","b_class":5,"s1_flag":0,"city":"Torino","sector":1031023,"stroke":"#FF9800","stroke-width":2,"stroke-opacity":0.85},"geometry":{"type":"LineString","coordinates":[[7.668740939999999,45.058498379999996],[7.661887799999995,45.06331536]]}},{"type":"Feature","properties":{"flags":16,"flags_hex":"0x10","b_class":5,"s1_flag":1,"city":"Torino","sector":1031023,"stroke":"#FF9800","stroke-width":2,"stroke-opacity":0.85},"geometry":{"type":"LineString","coordinates":[[7.6543584,45.13407066],[7.655255519999997,45.13517784]]}},{"type":"Feature","properties":{"flags":16,"flags_hex":"0x10","b_class":5,"s1_flag":1,"city":"Torino","sector":1031023,"stroke":"#FF9800","stroke-width":2,"stroke-opacity":0.85},"geometry":{"type":"LineString","coordinates":[[7.6985552399999975,45.09868427999999],[7.698604019999998,45.098676]]}},{"type":"Feature","properties":{"flags":16,"flags_hex":"0x10","b_class":5,"s1_flag":1,"city":"Torino","sector":1031023,"stroke":"#FF9800","stroke-width":2,"stroke-opacity":0.85},"geometry":{"type":"LineString","coordinates":[[7.654361099999996,45.11637198],[7.654354439999999,45.111588659999995]]}},{"type":"Feature","properties":{"flags":16,"flags_hex":"0x10","b_class":5,"s1_flag":1,"city":"Torino","sector":1031023,"stroke":"#FF9800","stroke-width":2,"stroke-opacity":0.85},"geometry":{"type":"LineString","coordinates":[[7.725143579999994,45.06329358],[7.72700064,45.06419682]]}},{"type":"Feature","properties":{"flags":16,"flags_hex":"0x10","b_class":5,"s1_flag":1,"city":"Torino","sector":1031023,"stroke":"#FF9800","stroke-width":2,"stroke-opacity":0.85},"geometry":{"type":"LineString","coordinates":[[7.698605459999996,45.06329106],[7.698602579999999,45.0644256]]}},{"type":"Feature","properties":{"flags":16,"flags_hex":"0x10","b_class":5,"s1_flag":1,"city":"Torino","sector":1031023,"stroke":"#FF9800","stroke-width":2,"stroke-opacity":0.85},"geometry":{"type":"LineString","coordinates":[[7.66323654,45.05887242],[7.664145359999999,45.05886468]]}},{"type":"Feature","properties":{"flags":16,"flags_hex":"0x10","b_class":5,"s1_flag":1,"city":"Torino","sector":1031023,"stroke":"#FF9800","stroke-width":2,"stroke-opacity":0.85},"geometry":{"type":"LineString","coordinates":[[7.7251902,45.0670752],[7.720984139999999,45.063279179999995]]}},{"type":"Feature","properties":{"flags":16,"flags_hex":"0x10","b_class":5,"s1_flag":1,"city":"Torino","sector":1031023,"stroke":"#FF9800","stroke-width":2,"stroke-opacity":0.85},"geometry":{"type":"LineString","coordinates":[[7.680901919999997,45.04118724],[7.68091038,45.045601379999994]]}},{"type":"Feature","properties":{"flags":16,"flags_hex":"0x10","b_class":5,"s1_flag":1,"city":"Torino","sector":1031023,"stroke":"#FF9800","stroke-width":2,"stroke-opacity":0.85},"geometry":{"type":"LineString","coordinates":[[7.725148439999998,45.08098704],[7.720534859999994,45.080801099999995]]}},{"type":"Feature","properties":{"flags":16,"flags_hex":"0x10","b_class":5,"s1_flag":1,"city":"Torino","sector":1031023,"stroke":"#FF9800","stroke-width":2,"stroke-opacity":0.85},"geometry":{"type":"LineString","coordinates":[[7.6823822399999955,45.090938699999995],[7.68053742,45.08408754]]}},{"type":"Feature","properties":{"flags":16,"flags_hex":"0x10","b_class":5,"s1_flag":1,"city":"Torino","sector":1031023,"stroke":"#FF9800","stroke-width":2,"stroke-opacity":0.85},"geometry":{"type":"LineString","coordinates":[[7.664965799999997,45.026454959999995],[7.663211519999997,45.032984459999994]]}},{"type":"Feature","properties":{"flags":16,"flags_hex":"0x10","b_class":5,"s1_flag":1,"city":"Torino","sector":1031023,"stroke":"#FF9800","stroke-width":2,"stroke-opacity":0.85},"geometry":{"type":"LineString","coordinates":[[7.680901559999995,45.098683199999996],[7.680900659999999,45.09280673999999]]}},{"type":"Feature","properties":{"flags":16,"flags_hex":"0x10","b_class":5,"s1_flag":1,"city":"Torino","sector":1031023,"stroke":"#FF9800","stroke-width":2,"stroke-opacity":0.85},"geometry":{"type":"LineString","coordinates":[[7.689753779999997,45.116373419999995],[7.689753959999997,45.116375399999995]]}},{"type":"Feature","properties":{"flags":16,"flags_hex":"0x10","b_class":5,"s1_flag":1,"city":"Torino","sector":1031023,"stroke":"#FF9800","stroke-width":2,"stroke-opacity":0.85},"geometry":{"type":"LineString","coordinates":[[7.698603839999997,45.063285119999996],[7.6985952,45.06439716]]}},{"type":"Feature","properties":{"flags":16,"flags_hex":"0x10","b_class":5,"s1_flag":0,"city":"Torino","sector":1031023,"stroke":"#FF9800","stroke-width":2,"stroke-opacity":0.85},"geometry":{"type":"LineString","coordinates":[[7.663216559999995,45.058869359999996],[7.663213859999999,45.059137379999996]]}},{"type":"Feature","properties":{"flags":16,"flags_hex":"0x10","b_class":5,"s1_flag":0,"city":"Torino","sector":1031023,"stroke":"#FF9800","stroke-width":2,"stroke-opacity":0.85},"geometry":{"type":"LineString","coordinates":[[7.618969679999999,45.01020816],[7.618977959999995,45.01020636]]}},{"type":"Feature","properties":{"flags":16,"flags_hex":"0x10","b_class":5,"s1_flag":0,"city":"Torino","sector":1031023,"stroke":"#FF9800","stroke-width":2,"stroke-opacity":0.85},"geometry":{"type":"LineString","coordinates":[[7.6985892599999985,45.09865728],[7.7043839999999975,45.10454094]]}},{"type":"Feature","properties":{"flags":16,"flags_hex":"0x10","b_class":5,"s1_flag":0,"city":"Torino","sector":1031023,"stroke":"#FF9800","stroke-width":2,"stroke-opacity":0.85},"geometry":{"type":"LineString","coordinates":[[7.725144119999996,45.080982539999994],[7.7251399799999945,45.08097444]]}},{"type":"Feature","properties":{"flags":16,"flags_hex":"0x10","b_class":5,"s1_flag":1,"city":"Torino","sector":1031023,"stroke":"#FF9800","stroke-width":2,"stroke-opacity":0.85},"geometry":{"type":"LineString","coordinates":[[7.7251421399999955,45.03674718],[7.729544219999994,45.03196062]]}},{"type":"Feature","properties":{"flags":16,"flags_hex":"0x10","b_class":5,"s1_flag":1,"city":"Torino","sector":1031023,"stroke":"#FF9800","stroke-width":2,"stroke-opacity":0.85},"geometry":{"type":"LineString","coordinates":[[7.583608859999998,44.99568],[7.583588880000001,45.00063917999999]]}},{"type":"Feature","properties":{"flags":16,"flags_hex":"0x10","b_class":5,"s1_flag":1,"city":"Torino","sector":1031023,"stroke":"#FF9800","stroke-width":2,"stroke-opacity":0.85},"geometry":{"type":"LineString","coordinates":[[7.613151359999996,45.04559652],[7.61897184,45.04559688]]}},{"type":"Feature","properties":{"flags":16,"flags_hex":"0x10","b_class":5,"s1_flag":1,"city":"Torino","sector":1031023,"stroke":"#FF9800","stroke-width":2,"stroke-opacity":0.85},"geometry":{"type":"LineString","coordinates":[[7.7288342999999955,45.104687999999996],[7.72514322,45.107532]]}},{"type":"Feature","properties":{"flags":16,"flags_hex":"0x10","b_class":5,"s1_flag":1,"city":"Torino","sector":1031023,"stroke":"#FF9800","stroke-width":2,"stroke-opacity":0.85},"geometry":{"type":"LineString","coordinates":[[7.725335999999999,45.142917839999996],[7.725137999999994,45.14292036]]}},{"type":"Feature","properties":{"flags":16,"flags_hex":"0x10","b_class":5,"s1_flag":1,"city":"Torino","sector":1031023,"stroke":"#FF9800","stroke-width":2,"stroke-opacity":0.85},"geometry":{"type":"LineString","coordinates":[[7.719800639999995,45.137111579999996],[7.725143759999995,45.14292]]}},{"type":"Feature","properties":{"flags":16,"flags_hex":"0x10","b_class":5,"s1_flag":1,"city":"Torino","sector":1031023,"stroke":"#FF9800","stroke-width":2,"stroke-opacity":0.85},"geometry":{"type":"LineString","coordinates":[[7.727523359999999,45.08098776],[7.725147539999995,45.08098002]]}},{"type":"Feature","properties":{"flags":16,"flags_hex":"0x10","b_class":5,"s1_flag":1,"city":"Torino","sector":1031023,"stroke":"#FF9800","stroke-width":2,"stroke-opacity":0.85},"geometry":{"type":"LineString","coordinates":[[7.680902099999997,45.067716],[7.680907859999998,45.06771456]]}},{"type":"Feature","properties":{"flags":16,"flags_hex":"0x10","b_class":5,"s1_flag":1,"city":"Torino","sector":1031023,"stroke":"#FF9800","stroke-width":2,"stroke-opacity":0.85},"geometry":{"type":"LineString","coordinates":[[7.680906239999999,45.05886468],[7.6809091199999955,45.05886864]]}},{"type":"Feature","properties":{"flags":16,"flags_hex":"0x10","b_class":5,"s1_flag":1,"city":"Torino","sector":1031023,"stroke":"#FF9800","stroke-width":2,"stroke-opacity":0.85},"geometry":{"type":"LineString","coordinates":[[7.663211159999996,45.09868032],[7.66583808,45.09358829999999]]}},{"type":"Feature","properties":{"flags":16,"flags_hex":"0x10","b_class":5,"s1_flag":1,"city":"Torino","sector":1031023,"stroke":"#FF9800","stroke-width":2,"stroke-opacity":0.85},"geometry":{"type":"LineString","coordinates":[[7.778227379999997,45.072134999999996],[7.778221979999998,45.072134999999996]]}},{"type":"Feature","properties":{"flags":16,"flags_hex":"0x10","b_class":5,"s1_flag":1,"city":"Torino","sector":1031023,"stroke":"#FF9800","stroke-width":2,"stroke-opacity":0.85},"geometry":{"type":"LineString","coordinates":[[7.618969679999999,45.0102069],[7.6189783199999965,45.01610478]]}},{"type":"Feature","properties":{"flags":16,"flags_hex":"0x10","b_class":5,"s1_flag":1,"city":"Torino","sector":1031023,"stroke":"#FF9800","stroke-width":2,"stroke-opacity":0.85},"geometry":{"type":"LineString","coordinates":[[7.618979579999994,45.01100304],[7.6189783199999965,45.01020672]]}},{"type":"Feature","properties":{"flags":16,"flags_hex":"0x10","b_class":5,"s1_flag":1,"city":"Torino","sector":1031023,"stroke":"#FF9800","stroke-width":2,"stroke-opacity":0.85},"geometry":{"type":"LineString","coordinates":[[7.6543594799999966,45.134069399999994],[7.654363439999997,45.13407084]]}},{"type":"Feature","properties":{"flags":16,"flags_hex":"0x10","b_class":5,"s1_flag":1,"city":"Torino","sector":1031023,"stroke":"#FF9800","stroke-width":2,"stroke-opacity":0.85},"geometry":{"type":"LineString","coordinates":[[7.663212959999996,45.05886864],[7.66450158,45.0586827]]}},{"type":"Feature","properties":{"flags":16,"flags_hex":"0x10","b_class":5,"s1_flag":1,"city":"Torino","sector":1031023,"stroke":"#FF9800","stroke-width":2,"stroke-opacity":0.85},"geometry":{"type":"LineString","coordinates":[[7.627816679999995,45.06329358],[7.6278269399999985,45.063292679999996]]}},{"type":"Feature","properties":{"flags":16,"flags_hex":"0x10","b_class":5,"s1_flag":1,"city":"Torino","sector":1031023,"stroke":"#FF9800","stroke-width":2,"stroke-opacity":0.85},"geometry":{"type":"LineString","coordinates":[[7.618977959999995,45.027180539999996],[7.619913599999997,45.027897839999994]]}},{"type":"Feature","properties":{"flags":16,"flags_hex":"0x10","b_class":5,"s1_flag":1,"city":"Torino","sector":1031023,"stroke":"#FF9800","stroke-width":2,"stroke-opacity":0.85},"geometry":{"type":"LineString","coordinates":[[7.618974719999997,45.0114345],[7.618974719999997,45.01021014]]}},{"type":"Feature","properties":{"flags":16,"flags_hex":"0x10","b_class":5,"s1_flag":1,"city":"Torino","sector":1031023,"stroke":"#FF9800","stroke-width":2,"stroke-opacity":0.85},"geometry":{"type":"LineString","coordinates":[[7.725146279999997,45.14291136],[7.725137279999998,45.14273316]]}},{"type":"Feature","properties":{"flags":16,"flags_hex":"0x10","b_class":5,"s1_flag":1,"city":"Torino","sector":1031023,"stroke":"#FF9800","stroke-width":2,"stroke-opacity":0.85},"geometry":{"type":"LineString","coordinates":[[7.654365599999998,45.134069939999996],[7.654367039999997,45.133885619999994]]}},{"type":"Feature","properties":{"flags":16,"flags_hex":"0x10","b_class":5,"s1_flag":1,"city":"Torino","sector":1031023,"stroke":"#FF9800","stroke-width":2,"stroke-opacity":0.85},"geometry":{"type":"LineString","coordinates":[[7.725146819999999,45.06351119999999],[7.725143939999995,45.06410142]]}},{"type":"Feature","properties":{"flags":16,"flags_hex":"0x10","b_class":5,"s1_flag":1,"city":"Torino","sector":1031023,"stroke":"#FF9800","stroke-width":2,"stroke-opacity":0.85},"geometry":{"type":"LineString","coordinates":[[7.663214399999994,45.0765639],[7.6632158399999994,45.07202322]]}},{"type":"Feature","properties":{"flags":16,"flags_hex":"0x10","b_class":5,"s1_flag":1,"city":"Torino","sector":1031023,"stroke":"#FF9800","stroke-width":2,"stroke-opacity":0.85},"geometry":{"type":"LineString","coordinates":[[7.654367039999997,45.134073719999996],[7.65436416,45.1340649]]}},{"type":"Feature","properties":{"flags":16,"flags_hex":"0x10","b_class":5,"s1_flag":1,"city":"Torino","sector":1031023,"stroke":"#FF9800","stroke-width":2,"stroke-opacity":0.85},"geometry":{"type":"LineString","coordinates":[[7.678010579999999,45.067712039999996],[7.680920999999998,45.06771294]]}},{"type":"Feature","properties":{"flags":16,"flags_hex":"0x10","b_class":5,"s1_flag":1,"city":"Torino","sector":1031023,"stroke":"#FF9800","stroke-width":2,"stroke-opacity":0.85},"geometry":{"type":"LineString","coordinates":[[7.730703239999997,45.080982719999994],[7.7251434,45.084303899999995]]}},{"type":"Feature","properties":{"flags":16,"flags_hex":"0x10","b_class":5,"s1_flag":1,"city":"Torino","sector":1031023,"stroke":"#FF9800","stroke-width":2,"stroke-opacity":0.85},"geometry":{"type":"LineString","coordinates":[[7.663211519999997,45.045601559999994],[7.657906199999999,45.04559922]]}},{"type":"Feature","properties":{"flags":16,"flags_hex":"0x10","b_class":5,"s1_flag":1,"city":"Torino","sector":1031023,"stroke":"#FF9800","stroke-width":2,"stroke-opacity":0.85},"geometry":{"type":"LineString","coordinates":[[7.645513739999998,45.02789316],[7.645513019999996,45.028156679999995]]}},{"type":"Feature","properties":{"flags":16,"flags_hex":"0x10","b_class":5,"s1_flag":1,"city":"Torino","sector":1031023,"stroke":"#FF9800","stroke-width":2,"stroke-opacity":0.85},"geometry":{"type":"LineString","coordinates":[[7.698605459999996,45.06329106],[7.698602579999999,45.0644256]]}},{"type":"Feature","properties":{"flags":16,"flags_hex":"0x10","b_class":5,"s1_flag":1,"city":"Torino","sector":1031023,"stroke":"#FF9800","stroke-width":2,"stroke-opacity":0.85},"geometry":{"type":"LineString","coordinates":[[7.72740168,45.107530559999994],[7.7251434,45.10752948]]}},{"type":"Feature","properties":{"flags":16,"flags_hex":"0x10","b_class":5,"s1_flag":1,"city":"Torino","sector":1031023,"stroke":"#FF9800","stroke-width":2,"stroke-opacity":0.85},"geometry":{"type":"LineString","coordinates":[[7.6190211599999955,45.02789694],[7.618975799999994,45.02790216]]}},{"type":"Feature","properties":{"flags":16,"flags_hex":"0x10","b_class":5,"s1_flag":1,"city":"Torino","sector":1031023,"stroke":"#FF9800","stroke-width":2,"stroke-opacity":0.85},"geometry":{"type":"LineString","coordinates":[[7.623137759999999,45.0102024],[7.618970579999996,45.01341377999999]]}},{"type":"Feature","properties":{"flags":16,"flags_hex":"0x10","b_class":5,"s1_flag":1,"city":"Torino","sector":1031023,"stroke":"#FF9800","stroke-width":2,"stroke-opacity":0.85},"geometry":{"type":"LineString","coordinates":[[7.663212959999996,45.03196242],[7.657337939999998,45.02790323999999]]}},{"type":"Feature","properties":{"flags":16,"flags_hex":"0x10","b_class":5,"s1_flag":1,"city":"Torino","sector":1031023,"stroke":"#FF9800","stroke-width":2,"stroke-opacity":0.85},"geometry":{"type":"LineString","coordinates":[[7.698600419999998,45.04559472],[7.698602399999999,45.044483039999996]]}},{"type":"Feature","properties":{"flags":16,"flags_hex":"0x10","b_class":5,"s1_flag":1,"city":"Torino","sector":1031023,"stroke":"#FF9800","stroke-width":2,"stroke-opacity":0.85},"geometry":{"type":"LineString","coordinates":[[7.77823008,45.072134999999996],[7.7724312,45.072138599999995]]}},{"type":"Feature","properties":{"flags":16,"flags_hex":"0x10","b_class":5,"s1_flag":1,"city":"Torino","sector":1031023,"stroke":"#FF9800","stroke-width":2,"stroke-opacity":0.85},"geometry":{"type":"LineString","coordinates":[[7.658707199999995,45.05601726],[7.66320666,45.05887188]]}},{"type":"Feature","properties":{"flags":16,"flags_hex":"0x10","b_class":5,"s1_flag":1,"city":"Torino","sector":1031023,"stroke":"#FF9800","stroke-width":2,"stroke-opacity":0.85},"geometry":{"type":"LineString","coordinates":[[7.6584344999999985,45.13406706],[7.649067299999999,45.13407426]]}},{"type":"Feature","properties":{"flags":16,"flags_hex":"0x10","b_class":5,"s1_flag":1,"city":"Torino","sector":1031023,"stroke":"#FF9800","stroke-width":2,"stroke-opacity":0.85},"geometry":{"type":"LineString","coordinates":[[7.726992539999998,45.0603747],[7.7251434,45.06329304]]}},{"type":"Feature","properties":{"flags":16,"flags_hex":"0x10","b_class":5,"s1_flag":1,"city":"Torino","sector":1031023,"stroke":"#FF9800","stroke-width":2,"stroke-opacity":0.85},"geometry":{"type":"LineString","coordinates":[[7.6543677599999995,45.134063999999995],[7.654358759999994,45.134069399999994]]}},{"type":"Feature","properties":{"flags":16,"flags_hex":"0x10","b_class":5,"s1_flag":1,"city":"Torino","sector":1031023,"stroke":"#FF9800","stroke-width":2,"stroke-opacity":0.85},"geometry":{"type":"LineString","coordinates":[[7.663214399999994,45.09867816],[7.663764839999999,45.098681039999995]]}},{"type":"Feature","properties":{"flags":16,"flags_hex":"0x10","b_class":5,"s1_flag":1,"city":"Torino","sector":1031023,"stroke":"#FF9800","stroke-width":2,"stroke-opacity":0.85},"geometry":{"type":"LineString","coordinates":[[7.627824419999996,45.06328908],[7.627822259999995,45.06328602]]}},{"type":"Feature","properties":{"flags":16,"flags_hex":"0x10","b_class":5,"s1_flag":1,"city":"Torino","sector":1031023,"stroke":"#FF9800","stroke-width":2,"stroke-opacity":0.85},"geometry":{"type":"LineString","coordinates":[[7.6985986199999985,45.0471546],[7.699344359999998,45.045595799999994]]}},{"type":"Feature","properties":{"flags":16,"flags_hex":"0x10","b_class":5,"s1_flag":0,"city":"Torino","sector":1031023,"stroke":"#FF9800","stroke-width":2,"stroke-opacity":0.85},"geometry":{"type":"LineString","coordinates":[[7.663214399999994,45.09867816],[7.666207439999994,45.09868049999999]]}},{"type":"Feature","properties":{"flags":16,"flags_hex":"0x10","b_class":5,"s1_flag":1,"city":"Torino","sector":1031023,"stroke":"#FF9800","stroke-width":2,"stroke-opacity":0.85},"geometry":{"type":"LineString","coordinates":[[7.663205759999997,45.05887026],[7.663214939999996,45.058868819999994]]}},{"type":"Feature","properties":{"flags":16,"flags_hex":"0x10","b_class":5,"s1_flag":1,"city":"Torino","sector":1031023,"stroke":"#FF9800","stroke-width":2,"stroke-opacity":0.85},"geometry":{"type":"LineString","coordinates":[[7.680904979999994,45.085409459999994],[7.681093439999998,45.08542152]]}},{"type":"Feature","properties":{"flags":16,"flags_hex":"0x10","b_class":5,"s1_flag":1,"city":"Torino","sector":1031023,"stroke":"#FF9800","stroke-width":2,"stroke-opacity":0.85},"geometry":{"type":"LineString","coordinates":[[7.6167753000000005,45.010210859999994],[7.618973099999998,45.01020114]]}},{"type":"Feature","properties":{"flags":16,"flags_hex":"0x10","b_class":5,"s1_flag":1,"city":"Torino","sector":1031023,"stroke":"#FF9800","stroke-width":2,"stroke-opacity":0.85},"geometry":{"type":"LineString","coordinates":[[7.618977599999994,45.098675459999995],[7.618975799999994,45.09867996]]}},{"type":"Feature","properties":{"flags":16,"flags_hex":"0x10","b_class":5,"s1_flag":1,"city":"Torino","sector":1031023,"stroke":"#FF9800","stroke-width":2,"stroke-opacity":0.85},"geometry":{"type":"LineString","coordinates":[[7.663213319999997,45.01020276],[7.66326102,45.010207079999994]]}},{"type":"Feature","properties":{"flags":16,"flags_hex":"0x10","b_class":5,"s1_flag":1,"city":"Torino","sector":1031023,"stroke":"#FF9800","stroke-width":2,"stroke-opacity":0.85},"geometry":{"type":"LineString","coordinates":[[7.64600136,45.09315666],[7.6455410999999955,45.098684459999994]]}},{"type":"Feature","properties":{"flags":16,"flags_hex":"0x10","b_class":5,"s1_flag":1,"city":"Torino","sector":1031023,"stroke":"#FF9800","stroke-width":2,"stroke-opacity":0.85},"geometry":{"type":"LineString","coordinates":[[7.6189756200000005,45.045590399999995],[7.622586239999997,45.039935879999994]]}},{"type":"Feature","properties":{"flags":16,"flags_hex":"0x10","b_class":5,"s1_flag":1,"city":"Torino","sector":1031023,"stroke":"#FF9800","stroke-width":2,"stroke-opacity":0.85},"geometry":{"type":"LineString","coordinates":[[7.58358672,45.00136242],[7.5806503799999945,45.0030636]]}},{"type":"Feature","properties":{"flags":16,"flags_hex":"0x10","b_class":5,"s1_flag":1,"city":"Torino","sector":1031023,"stroke":"#FF9800","stroke-width":2,"stroke-opacity":0.85},"geometry":{"type":"LineString","coordinates":[[7.698560099999995,45.10053215999999],[7.700376839999997,45.098681219999996]]}},{"type":"Feature","properties":{"flags":16,"flags_hex":"0x10","b_class":5,"s1_flag":1,"city":"Torino","sector":1031023,"stroke":"#FF9800","stroke-width":2,"stroke-opacity":0.85},"geometry":{"type":"LineString","coordinates":[[7.6985892599999985,45.09863694],[7.69860096,45.098675279999995]]}},{"type":"Feature","properties":{"flags":16,"flags_hex":"0x10","b_class":5,"s1_flag":1,"city":"Torino","sector":1031023,"stroke":"#FF9800","stroke-width":2,"stroke-opacity":0.85},"geometry":{"type":"LineString","coordinates":[[7.614598379999997,45.027901799999995],[7.6189783199999965,45.027901619999994]]}},{"type":"Feature","properties":{"flags":16,"flags_hex":"0x10","b_class":5,"s1_flag":1,"city":"Torino","sector":1031023,"stroke":"#FF9800","stroke-width":2,"stroke-opacity":0.85},"geometry":{"type":"LineString","coordinates":[[7.6278164999999944,45.06550254],[7.627084619999998,45.0609651]]}},{"type":"Feature","properties":{"flags":16,"flags_hex":"0x10","b_class":5,"s1_flag":1,"city":"Torino","sector":1031023,"stroke":"#FF9800","stroke-width":2,"stroke-opacity":0.85},"geometry":{"type":"LineString","coordinates":[[7.680906239999999,45.0765648],[7.680906959999994,45.07852068]]}},{"type":"Feature","properties":{"flags":16,"flags_hex":"0x10","b_class":5,"s1_flag":1,"city":"Torino","sector":1031023,"stroke":"#FF9800","stroke-width":2,"stroke-opacity":0.85},"geometry":{"type":"LineString","coordinates":[[7.725143039999999,45.10818954],[7.725137999999994,45.10752966]]}},{"type":"Feature","properties":{"flags":16,"flags_hex":"0x10","b_class":5,"s1_flag":1,"city":"Torino","sector":1031023,"stroke":"#FF9800","stroke-width":2,"stroke-opacity":0.85},"geometry":{"type":"LineString","coordinates":[[7.725145739999995,45.107531099999996],[7.727177219999994,45.102282839999994]]}},{"type":"Feature","properties":{"flags":16,"flags_hex":"0x10","b_class":5,"s1_flag":1,"city":"Torino","sector":1031023,"stroke":"#FF9800","stroke-width":2,"stroke-opacity":0.85},"geometry":{"type":"LineString","coordinates":[[7.7254695600000005,45.058743359999994],[7.72316592,45.0574137]]}},{"type":"Feature","properties":{"flags":16,"flags_hex":"0x10","b_class":5,"s1_flag":1,"city":"Torino","sector":1031023,"stroke":"#FF9800","stroke-width":2,"stroke-opacity":0.85},"geometry":{"type":"LineString","coordinates":[[7.687696199999998,45.010207799999996],[7.689391799999996,45.01020672]]}},{"type":"Feature","properties":{"flags":16,"flags_hex":"0x10","b_class":5,"s1_flag":1,"city":"Torino","sector":1031023,"stroke":"#FF9800","stroke-width":2,"stroke-opacity":0.85},"geometry":{"type":"LineString","coordinates":[[7.654365599999998,45.13407066],[7.654360560000001,45.12870828]]}},{"type":"Feature","properties":{"flags":16,"flags_hex":"0x10","b_class":5,"s1_flag":1,"city":"Torino","sector":1031023,"stroke":"#FF9800","stroke-width":2,"stroke-opacity":0.85},"geometry":{"type":"LineString","coordinates":[[7.663215659999999,45.01020672],[7.66825764,45.00772488]]}},{"type":"Feature","properties":{"flags":16,"flags_hex":"0x10","b_class":5,"s1_flag":1,"city":"Torino","sector":1031023,"stroke":"#FF9800","stroke-width":2,"stroke-opacity":0.85},"geometry":{"type":"LineString","coordinates":[[7.610122139999994,45.06329088],[7.605745079999998,45.063290519999995]]}},{"type":"Feature","properties":{"flags":16,"flags_hex":"0x10","b_class":5,"s1_flag":1,"city":"Torino","sector":1031023,"stroke":"#FF9800","stroke-width":2,"stroke-opacity":0.85},"geometry":{"type":"LineString","coordinates":[[7.725145019999999,45.107530919999995],[7.7251405199999965,45.1075284]]}},{"type":"Feature","properties":{"flags":16,"flags_hex":"0x10","b_class":5,"s1_flag":1,"city":"Torino","sector":1031023,"stroke":"#FF9800","stroke-width":2,"stroke-opacity":0.85},"geometry":{"type":"LineString","coordinates":[[7.680900659999999,45.085409819999995],[7.680901379999995,45.085411799999996]]}},{"type":"Feature","properties":{"flags":16,"flags_hex":"0x10","b_class":5,"s1_flag":1,"city":"Torino","sector":1031023,"stroke":"#FF9800","stroke-width":2,"stroke-opacity":0.85},"geometry":{"type":"LineString","coordinates":[[7.725146459999998,45.10771776],[7.725143759999995,45.107532719999995]]}},{"type":"Feature","properties":{"flags":16,"flags_hex":"0x10","b_class":5,"s1_flag":1,"city":"Torino","sector":1031023,"stroke":"#FF9800","stroke-width":2,"stroke-opacity":0.85},"geometry":{"type":"LineString","coordinates":[[7.663225559999994,45.045610919999994],[7.663224659999997,45.04561038]]}},{"type":"Feature","properties":{"flags":16,"flags_hex":"0x10","b_class":5,"s1_flag":1,"city":"Torino","sector":1031023,"stroke":"#FF9800","stroke-width":2,"stroke-opacity":0.85},"geometry":{"type":"LineString","coordinates":[[7.663212959999996,45.05886864],[7.66450158,45.0586827]]}},{"type":"Feature","properties":{"flags":16,"flags_hex":"0x10","b_class":5,"s1_flag":1,"city":"Torino","sector":1031023,"stroke":"#FF9800","stroke-width":2,"stroke-opacity":0.85},"geometry":{"type":"LineString","coordinates":[[7.627816679999995,45.06329358],[7.6278269399999985,45.063292679999996]]}},{"type":"Feature","properties":{"flags":16,"flags_hex":"0x10","b_class":5,"s1_flag":1,"city":"Torino","sector":1031023,"stroke":"#FF9800","stroke-width":2,"stroke-opacity":0.85},"geometry":{"type":"LineString","coordinates":[[7.645516799999996,45.03970494],[7.6469164799999945,45.04148927999999]]}},{"type":"Feature","properties":{"flags":16,"flags_hex":"0x10","b_class":5,"s1_flag":1,"city":"Torino","sector":1031023,"stroke":"#FF9800","stroke-width":2,"stroke-opacity":0.85},"geometry":{"type":"LineString","coordinates":[[7.5857969399999945,45.02716398],[7.58127588,45.02790288]]}},{"type":"Feature","properties":{"flags":16,"flags_hex":"0x10","b_class":5,"s1_flag":1,"city":"Torino","sector":1031023,"stroke":"#FF9800","stroke-width":2,"stroke-opacity":0.85},"geometry":{"type":"LineString","coordinates":[[7.618972019999994,45.02789658],[7.618971299999998,45.02789676]]}},{"type":"Feature","properties":{"flags":16,"flags_hex":"0x10","b_class":5,"s1_flag":1,"city":"Torino","sector":1031023,"stroke":"#FF9800","stroke-width":2,"stroke-opacity":0.85},"geometry":{"type":"LineString","coordinates":[[7.725137279999998,45.107523179999994],[7.725138539999996,45.1075302]]}},{"type":"Feature","properties":{"flags":16,"flags_hex":"0x10","b_class":5,"s1_flag":1,"city":"Torino","sector":1031023,"stroke":"#FF9800","stroke-width":2,"stroke-opacity":0.85},"geometry":{"type":"LineString","coordinates":[[7.654368479999995,45.11669903999999],[7.655360639999998,45.12221604]]}},{"type":"Feature","properties":{"flags":16,"flags_hex":"0x10","b_class":5,"s1_flag":1,"city":"Torino","sector":1031023,"stroke":"#FF9800","stroke-width":2,"stroke-opacity":0.85},"geometry":{"type":"LineString","coordinates":[[7.663211519999997,45.1017684],[7.663212959999996,45.098680679999994]]}},{"type":"Feature","properties":{"flags":16,"flags_hex":"0x10","b_class":5,"s1_flag":1,"city":"Torino","sector":1031023,"stroke":"#FF9800","stroke-width":2,"stroke-opacity":0.85},"geometry":{"type":"LineString","coordinates":[[7.645517339999998,45.01020276],[7.6455175199999985,45.010201679999994]]}},{"type":"Feature","properties":{"flags":16,"flags_hex":"0x10","b_class":5,"s1_flag":1,"city":"Torino","sector":1031023,"stroke":"#FF9800","stroke-width":2,"stroke-opacity":0.85},"geometry":{"type":"LineString","coordinates":[[7.6278164999999944,45.06328584],[7.628013599999996,45.0632916]]}},{"type":"Feature","properties":{"flags":16,"flags_hex":"0x10","b_class":5,"s1_flag":1,"city":"Torino","sector":1031023,"stroke":"#FF9800","stroke-width":2,"stroke-opacity":0.85},"geometry":{"type":"LineString","coordinates":[[7.725141059999999,45.06329304],[7.725146639999998,45.06329286]]}},{"type":"Feature","properties":{"flags":16,"flags_hex":"0x10","b_class":5,"s1_flag":0,"city":"Torino","sector":1031023,"stroke":"#FF9800","stroke-width":2,"stroke-opacity":0.85},"geometry":{"type":"LineString","coordinates":[[7.680907139999995,45.09867654],[7.6809066,45.09868392]]}},{"type":"Feature","properties":{"flags":16,"flags_hex":"0x10","b_class":5,"s1_flag":1,"city":"Torino","sector":1031023,"stroke":"#FF9800","stroke-width":2,"stroke-opacity":0.85},"geometry":{"type":"LineString","coordinates":[[7.657429559999997,45.076563359999994],[7.663213679999998,45.076563719999996]]}},{"type":"Feature","properties":{"flags":16,"flags_hex":"0x10","b_class":5,"s1_flag":1,"city":"Torino","sector":1031023,"stroke":"#FF9800","stroke-width":2,"stroke-opacity":0.85},"geometry":{"type":"LineString","coordinates":[[7.618974179999995,45.010205819999996],[7.618972379999995,45.0058194]]}},{"type":"Feature","properties":{"flags":16,"flags_hex":"0x10","b_class":5,"s1_flag":1,"city":"Torino","sector":1031023,"stroke":"#FF9800","stroke-width":2,"stroke-opacity":0.85},"geometry":{"type":"LineString","coordinates":[[7.725146639999998,45.14291298],[7.725142319999996,45.142918019999996]]}},{"type":"Feature","properties":{"flags":16,"flags_hex":"0x10","b_class":5,"s1_flag":1,"city":"Torino","sector":1031023,"stroke":"#FF9800","stroke-width":2,"stroke-opacity":0.85},"geometry":{"type":"LineString","coordinates":[[7.725145739999995,45.1075284],[7.725145559999994,45.10752804]]}},{"type":"Feature","properties":{"flags":16,"flags_hex":"0x10","b_class":5,"s1_flag":0,"city":"Torino","sector":1031023,"stroke":"#FF9800","stroke-width":2,"stroke-opacity":0.85},"geometry":{"type":"LineString","coordinates":[[7.698560999999998,45.09868536],[7.698601859999997,45.098676]]}},{"type":"Feature","properties":{"flags":16,"flags_hex":"0x10","b_class":5,"s1_flag":1,"city":"Torino","sector":1031023,"stroke":"#FF9800","stroke-width":2,"stroke-opacity":0.85},"geometry":{"type":"LineString","coordinates":[[7.6189750799999985,45.045613079999995],[7.618974899999998,45.045613259999996]]}},{"type":"Feature","properties":{"flags":16,"flags_hex":"0x10","b_class":5,"s1_flag":1,"city":"Torino","sector":1031023,"stroke":"#FF9800","stroke-width":2,"stroke-opacity":0.85},"geometry":{"type":"LineString","coordinates":[[7.622498399999998,45.06329484],[7.630463759999998,45.06329106]]}},{"type":"Feature","properties":{"flags":16,"flags_hex":"0x10","b_class":5,"s1_flag":1,"city":"Torino","sector":1031023,"stroke":"#FF9800","stroke-width":2,"stroke-opacity":0.85},"geometry":{"type":"LineString","coordinates":[[7.719826019999999,45.101658779999994],[7.7221937399999945,45.10457838]]}},{"type":"Feature","properties":{"flags":16,"flags_hex":"0x10","b_class":5,"s1_flag":1,"city":"Torino","sector":1031023,"stroke":"#FF9800","stroke-width":2,"stroke-opacity":0.85},"geometry":{"type":"LineString","coordinates":[[7.663210619999994,45.04559328],[7.663214579999995,45.045599759999995]]}},{"type":"Feature","properties":{"flags":16,"flags_hex":"0x10","b_class":5,"s1_flag":1,"city":"Torino","sector":1031023,"stroke":"#FF9800","stroke-width":2,"stroke-opacity":0.85},"geometry":{"type":"LineString","coordinates":[[7.6278164999999944,45.06550254],[7.627084619999998,45.0609651]]}},{"type":"Feature","properties":{"flags":16,"flags_hex":"0x10","b_class":5,"s1_flag":1,"city":"Torino","sector":1031023,"stroke":"#FF9800","stroke-width":2,"stroke-opacity":0.85},"geometry":{"type":"LineString","coordinates":[[7.725137279999998,45.0605979],[7.729758419999996,45.060390719999994]]}},{"type":"Feature","properties":{"flags":16,"flags_hex":"0x10","b_class":5,"s1_flag":1,"city":"Torino","sector":1031023,"stroke":"#FF9800","stroke-width":2,"stroke-opacity":0.85},"geometry":{"type":"LineString","coordinates":[[7.663212420000001,45.07958556],[7.66321224,45.07656048]]}},{"type":"Feature","properties":{"flags":16,"flags_hex":"0x10","b_class":5,"s1_flag":1,"city":"Torino","sector":1031023,"stroke":"#FF9800","stroke-width":2,"stroke-opacity":0.85},"geometry":{"type":"LineString","coordinates":[[7.6899922799999985,45.14291676],[7.689753059999994,45.14291658]]}},{"type":"Feature","properties":{"flags":16,"flags_hex":"0x10","b_class":5,"s1_flag":1,"city":"Torino","sector":1031023,"stroke":"#FF9800","stroke-width":2,"stroke-opacity":0.85},"geometry":{"type":"LineString","coordinates":[[7.61012736,45.06329555999999],[7.6125926399999955,45.063294119999995]]}},{"type":"Feature","properties":{"flags":16,"flags_hex":"0x10","b_class":5,"s1_flag":1,"city":"Torino","sector":1031023,"stroke":"#FF9800","stroke-width":2,"stroke-opacity":0.85},"geometry":{"type":"LineString","coordinates":[[7.6278263999999965,45.08098055999999],[7.627822079999994,45.082096379999996]]}},{"type":"Feature","properties":{"flags":16,"flags_hex":"0x10","b_class":5,"s1_flag":1,"city":"Torino","sector":1031023,"stroke":"#FF9800","stroke-width":2,"stroke-opacity":0.85},"geometry":{"type":"LineString","coordinates":[[7.725143579999994,45.107551259999994],[7.725143939999995,45.107532539999994]]}},{"type":"Feature","properties":{"flags":16,"flags_hex":"0x10","b_class":5,"s1_flag":1,"city":"Torino","sector":1031023,"stroke":"#FF9800","stroke-width":2,"stroke-opacity":0.85},"geometry":{"type":"LineString","coordinates":[[7.725141959999995,45.14291712],[7.72514142,45.142914059999995]]}},{"type":"Feature","properties":{"flags":16,"flags_hex":"0x10","b_class":5,"s1_flag":1,"city":"Torino","sector":1031023,"stroke":"#FF9800","stroke-width":2,"stroke-opacity":0.85},"geometry":{"type":"LineString","coordinates":[[7.5835877999999965,45.00136368],[7.58358312,45.001363319999996]]}},{"type":"Feature","properties":{"flags":16,"flags_hex":"0x10","b_class":5,"s1_flag":1,"city":"Torino","sector":1031023,"stroke":"#FF9800","stroke-width":2,"stroke-opacity":0.85},"geometry":{"type":"LineString","coordinates":[[7.680900479999998,45.0534312],[7.68090102,45.054042839999994]]}},{"type":"Feature","properties":{"flags":16,"flags_hex":"0x10","b_class":5,"s1_flag":0,"city":"Torino","sector":1031023,"stroke":"#FF9800","stroke-width":2,"stroke-opacity":0.85},"geometry":{"type":"LineString","coordinates":[[7.62782352,45.08098956],[7.624920839999994,45.08098578]]}},{"type":"Feature","properties":{"flags":16,"flags_hex":"0x10","b_class":5,"s1_flag":1,"city":"Torino","sector":1031023,"stroke":"#FF9800","stroke-width":2,"stroke-opacity":0.85},"geometry":{"type":"LineString","coordinates":[[7.610125739999994,45.08098055999999],[7.610126819999998,45.08097984]]}},{"type":"Feature","properties":{"flags":16,"flags_hex":"0x10","b_class":5,"s1_flag":1,"city":"Torino","sector":1031023,"stroke":"#FF9800","stroke-width":2,"stroke-opacity":0.85},"geometry":{"type":"LineString","coordinates":[[7.725142859999998,45.06918894],[7.731041099999999,45.06329106]]}},{"type":"Feature","properties":{"flags":16,"flags_hex":"0x10","b_class":5,"s1_flag":1,"city":"Torino","sector":1031023,"stroke":"#FF9800","stroke-width":2,"stroke-opacity":0.85},"geometry":{"type":"LineString","coordinates":[[7.675545659999997,45.05887061999999],[7.680902279999998,45.05886828]]}},{"type":"Feature","properties":{"flags":16,"flags_hex":"0x10","b_class":5,"s1_flag":1,"city":"Torino","sector":1031023,"stroke":"#FF9800","stroke-width":2,"stroke-opacity":0.85},"geometry":{"type":"LineString","coordinates":[[7.6809074999999964,45.07655688],[7.683069119999999,45.076557779999995]]}},{"type":"Feature","properties":{"flags":16,"flags_hex":"0x10","b_class":5,"s1_flag":1,"city":"Torino","sector":1031023,"stroke":"#FF9800","stroke-width":2,"stroke-opacity":0.85},"geometry":{"type":"LineString","coordinates":[[7.725147539999995,45.10752948],[7.719999719999997,45.10752479999999]]}},{"type":"Feature","properties":{"flags":16,"flags_hex":"0x10","b_class":5,"s1_flag":0,"city":"Torino","sector":1031023,"stroke":"#FF9800","stroke-width":2,"stroke-opacity":0.85},"geometry":{"type":"LineString","coordinates":[[7.656412199999998,45.134069399999994],[7.654363439999997,45.130366079999995]]}},{"type":"Feature","properties":{"flags":16,"flags_hex":"0x10","b_class":5,"s1_flag":0,"city":"Torino","sector":1031023,"stroke":"#FF9800","stroke-width":2,"stroke-opacity":0.85},"geometry":{"type":"LineString","coordinates":[[7.645516259999994,45.010205459999995],[7.645518779999996,45.0102024]]}},{"type":"Feature","properties":{"flags":16,"flags_hex":"0x10","b_class":5,"s1_flag":0,"city":"Torino","sector":1031023,"stroke":"#FF9800","stroke-width":2,"stroke-opacity":0.85},"geometry":{"type":"LineString","coordinates":[[7.689748019999996,45.02790468],[7.690515359999999,45.027905219999994]]}},{"type":"Feature","properties":{"flags":16,"flags_hex":"0x10","b_class":5,"s1_flag":0,"city":"Torino","sector":1031023,"stroke":"#FF9800","stroke-width":2,"stroke-opacity":0.85},"geometry":{"type":"LineString","coordinates":[[7.654359299999996,45.116375399999995],[7.654365239999997,45.116375219999995]]}},{"type":"Feature","properties":{"flags":16,"flags_hex":"0x10","b_class":5,"s1_flag":1,"city":"Torino","sector":1031023,"stroke":"#FF9800","stroke-width":2,"stroke-opacity":0.85},"geometry":{"type":"LineString","coordinates":[[7.661014439999995,45.08559648],[7.66321224,45.085411439999994]]}},{"type":"Feature","properties":{"flags":16,"flags_hex":"0x10","b_class":5,"s1_flag":1,"city":"Torino","sector":1031023,"stroke":"#FF9800","stroke-width":2,"stroke-opacity":0.85},"geometry":{"type":"LineString","coordinates":[[7.680907319999996,45.067717079999994],[7.680907139999995,45.06771618]]}},{"type":"Feature","properties":{"flags":16,"flags_hex":"0x10","b_class":5,"s1_flag":1,"city":"Torino","sector":1031023,"stroke":"#FF9800","stroke-width":2,"stroke-opacity":0.85},"geometry":{"type":"LineString","coordinates":[[7.618969139999997,45.01020852],[7.618979759999995,45.01020978]]}},{"type":"Feature","properties":{"flags":16,"flags_hex":"0x10","b_class":5,"s1_flag":1,"city":"Torino","sector":1031023,"stroke":"#FF9800","stroke-width":2,"stroke-opacity":0.85},"geometry":{"type":"LineString","coordinates":[[7.7266746600000005,45.10752768],[7.725146099999996,45.107529119999995]]}},{"type":"Feature","properties":{"flags":16,"flags_hex":"0x10","b_class":5,"s1_flag":1,"city":"Torino","sector":1031023,"stroke":"#FF9800","stroke-width":2,"stroke-opacity":0.85},"geometry":{"type":"LineString","coordinates":[[7.645511579999997,45.010209599999996],[7.6419456,45.01020978]]}},{"type":"Feature","properties":{"flags":16,"flags_hex":"0x10","b_class":5,"s1_flag":1,"city":"Torino","sector":1031023,"stroke":"#FF9800","stroke-width":2,"stroke-opacity":0.85},"geometry":{"type":"LineString","coordinates":[[7.683617039999994,45.058868819999994],[7.680901919999997,45.0564957]]}},{"type":"Feature","properties":{"flags":16,"flags_hex":"0x10","b_class":5,"s1_flag":1,"city":"Torino","sector":1031023,"stroke":"#FF9800","stroke-width":2,"stroke-opacity":0.85},"geometry":{"type":"LineString","coordinates":[[7.663214399999994,45.09867816],[7.663764839999999,45.098681039999995]]}},{"type":"Feature","properties":{"flags":16,"flags_hex":"0x10","b_class":5,"s1_flag":0,"city":"Torino","sector":1031023,"stroke":"#FF9800","stroke-width":2,"stroke-opacity":0.85},"geometry":{"type":"LineString","coordinates":[[7.663205759999997,45.0765639],[7.667951639999998,45.07755984]]}},{"type":"Feature","properties":{"flags":16,"flags_hex":"0x10","b_class":5,"s1_flag":1,"city":"Torino","sector":1031023,"stroke":"#FF9800","stroke-width":2,"stroke-opacity":0.85},"geometry":{"type":"LineString","coordinates":[[7.663216199999994,45.07656084],[7.663212599999994,45.07656228]]}},{"type":"Feature","properties":{"flags":16,"flags_hex":"0x10","b_class":5,"s1_flag":1,"city":"Torino","sector":1031023,"stroke":"#FF9800","stroke-width":2,"stroke-opacity":0.85},"geometry":{"type":"LineString","coordinates":[[7.698597359999994,45.063294299999995],[7.6985952,45.05748642]]}},{"type":"Feature","properties":{"flags":16,"flags_hex":"0x10","b_class":5,"s1_flag":1,"city":"Torino","sector":1031023,"stroke":"#FF9800","stroke-width":2,"stroke-opacity":0.85},"geometry":{"type":"LineString","coordinates":[[7.778222339999999,45.072138779999996],[7.7788181399999985,45.0721413]]}},{"type":"Feature","properties":{"flags":16,"flags_hex":"0x10","b_class":5,"s1_flag":1,"city":"Torino","sector":1031023,"stroke":"#FF9800","stroke-width":2,"stroke-opacity":0.85},"geometry":{"type":"LineString","coordinates":[[7.627824059999995,45.08098182],[7.627821900000001,45.0809739]]}},{"type":"Feature","properties":{"flags":16,"flags_hex":"0x10","b_class":5,"s1_flag":1,"city":"Torino","sector":1031023,"stroke":"#FF9800","stroke-width":2,"stroke-opacity":0.85},"geometry":{"type":"LineString","coordinates":[[7.689751979999997,45.010201859999995],[7.691738999999998,45.01020096]]}},{"type":"Feature","properties":{"flags":16,"flags_hex":"0x10","b_class":5,"s1_flag":1,"city":"Torino","sector":1031023,"stroke":"#FF9800","stroke-width":2,"stroke-opacity":0.85},"geometry":{"type":"LineString","coordinates":[[7.669109579999997,45.09130734],[7.663211699999998,45.085409819999995]]}},{"type":"Feature","properties":{"flags":16,"flags_hex":"0x10","b_class":5,"s1_flag":1,"city":"Torino","sector":1031023,"stroke":"#FF9800","stroke-width":2,"stroke-opacity":0.85},"geometry":{"type":"LineString","coordinates":[[7.645511039999995,45.046518119999995],[7.645516439999994,45.045594359999996]]}},{"type":"Feature","properties":{"flags":16,"flags_hex":"0x10","b_class":5,"s1_flag":1,"city":"Torino","sector":1031023,"stroke":"#FF9800","stroke-width":2,"stroke-opacity":0.85},"geometry":{"type":"LineString","coordinates":[[7.725146279999997,45.10771344],[7.725143759999995,45.1075284]]}},{"type":"Feature","properties":{"flags":16,"flags_hex":"0x10","b_class":5,"s1_flag":1,"city":"Torino","sector":1031023,"stroke":"#FF9800","stroke-width":2,"stroke-opacity":0.85},"geometry":{"type":"LineString","coordinates":[[7.663226279999996,45.0456156],[7.66322718,45.04561578]]}},{"type":"Feature","properties":{"flags":16,"flags_hex":"0x10","b_class":5,"s1_flag":1,"city":"Torino","sector":1031023,"stroke":"#FF9800","stroke-width":2,"stroke-opacity":0.85},"geometry":{"type":"LineString","coordinates":[[7.68975648,45.022011479999996],[7.6913664,45.02830536]]}},{"type":"Feature","properties":{"flags":16,"flags_hex":"0x10","b_class":5,"s1_flag":1,"city":"Torino","sector":1031023,"stroke":"#FF9800","stroke-width":2,"stroke-opacity":0.85},"geometry":{"type":"LineString","coordinates":[[7.665838979999997,45.085404419999996],[7.663211879999999,45.085411439999994]]}},{"type":"Feature","properties":{"flags":16,"flags_hex":"0x10","b_class":5,"s1_flag":1,"city":"Torino","sector":1031023,"stroke":"#FF9800","stroke-width":2,"stroke-opacity":0.85},"geometry":{"type":"LineString","coordinates":[[7.645515179999997,45.010207079999994],[7.6455175199999985,45.0102069]]}},{"type":"Feature","properties":{"flags":16,"flags_hex":"0x10","b_class":5,"s1_flag":1,"city":"Torino","sector":1031023,"stroke":"#FF9800","stroke-width":2,"stroke-opacity":0.85},"geometry":{"type":"LineString","coordinates":[[7.725144119999996,45.107521919999996],[7.725146279999997,45.107531279999996]]}},{"type":"Feature","properties":{"flags":16,"flags_hex":"0x10","b_class":5,"s1_flag":1,"city":"Torino","sector":1031023,"stroke":"#FF9800","stroke-width":2,"stroke-opacity":0.85},"geometry":{"type":"LineString","coordinates":[[7.618974179999995,45.010205279999994],[7.619137259999995,45.01020438]]}},{"type":"Feature","properties":{"flags":16,"flags_hex":"0x10","b_class":5,"s1_flag":1,"city":"Torino","sector":1031023,"stroke":"#FF9800","stroke-width":2,"stroke-opacity":0.85},"geometry":{"type":"LineString","coordinates":[[7.6985552399999975,45.09868212],[7.6985991600000006,45.09796824]]}},{"type":"Feature","properties":{"flags":16,"flags_hex":"0x10","b_class":5,"s1_flag":1,"city":"Torino","sector":1031023,"stroke":"#FF9800","stroke-width":2,"stroke-opacity":0.85},"geometry":{"type":"LineString","coordinates":[[7.7251471800000004,45.1075284],[7.730922119999995,45.10752624]]}},{"type":"Feature","properties":{"flags":16,"flags_hex":"0x10","b_class":5,"s1_flag":1,"city":"Torino","sector":1031023,"stroke":"#FF9800","stroke-width":2,"stroke-opacity":0.85},"geometry":{"type":"LineString","coordinates":[[7.663211519999997,45.04559094],[7.663207379999996,45.04560102]]}},{"type":"Feature","properties":{"flags":16,"flags_hex":"0x10","b_class":5,"s1_flag":1,"city":"Torino","sector":1031023,"stroke":"#FF9800","stroke-width":2,"stroke-opacity":0.85},"geometry":{"type":"LineString","coordinates":[[7.7251394399999995,45.107575559999994],[7.725174899999999,45.10757646]]}},{"type":"Feature","properties":{"flags":16,"flags_hex":"0x10","b_class":5,"s1_flag":1,"city":"Torino","sector":1031023,"stroke":"#FF9800","stroke-width":2,"stroke-opacity":0.85},"geometry":{"type":"LineString","coordinates":[[7.654362539999994,45.13407426],[7.65745836,45.134071739999996]]}},{"type":"Feature","properties":{"flags":16,"flags_hex":"0x10","b_class":5,"s1_flag":1,"city":"Torino","sector":1031023,"stroke":"#FF9800","stroke-width":2,"stroke-opacity":0.85},"geometry":{"type":"LineString","coordinates":[[7.779730379999997,45.072138599999995],[7.778228639999995,45.072138419999995]]}},{"type":"Feature","properties":{"flags":16,"flags_hex":"0x10","b_class":5,"s1_flag":1,"city":"Torino","sector":1031023,"stroke":"#FF9800","stroke-width":2,"stroke-opacity":0.85},"geometry":{"type":"LineString","coordinates":[[7.689751439999995,45.010207439999995],[7.689758639999994,45.01020834]]}},{"type":"Feature","properties":{"flags":16,"flags_hex":"0x10","b_class":5,"s1_flag":1,"city":"Torino","sector":1031023,"stroke":"#FF9800","stroke-width":2,"stroke-opacity":0.85},"geometry":{"type":"LineString","coordinates":[[7.7782281,45.072560159999995],[7.77823008,45.075099599999994]]}},{"type":"Feature","properties":{"flags":16,"flags_hex":"0x10","b_class":5,"s1_flag":1,"city":"Torino","sector":1031023,"stroke":"#FF9800","stroke-width":2,"stroke-opacity":0.85},"geometry":{"type":"LineString","coordinates":[[7.583585279999994,45.02985894],[7.58358312,45.02790468]]}},{"type":"Feature","properties":{"flags":16,"flags_hex":"0x10","b_class":5,"s1_flag":1,"city":"Torino","sector":1031023,"stroke":"#FF9800","stroke-width":2,"stroke-opacity":0.85},"geometry":{"type":"LineString","coordinates":[[7.725145019999999,45.107532899999995],[7.728648359999994,45.107530739999994]]}},{"type":"Feature","properties":{"flags":16,"flags_hex":"0x10","b_class":5,"s1_flag":1,"city":"Torino","sector":1031023,"stroke":"#FF9800","stroke-width":2,"stroke-opacity":0.85},"geometry":{"type":"LineString","coordinates":[[7.725148439999998,45.14292],[7.72735866,45.14074127999999]]}},{"type":"Feature","properties":{"flags":16,"flags_hex":"0x10","b_class":5,"s1_flag":1,"city":"Torino","sector":1031023,"stroke":"#FF9800","stroke-width":2,"stroke-opacity":0.85},"geometry":{"type":"LineString","coordinates":[[7.645513739999998,45.02789154],[7.64551986,45.027901619999994]]}},{"type":"Feature","properties":{"flags":16,"flags_hex":"0x10","b_class":5,"s1_flag":1,"city":"Torino","sector":1031023,"stroke":"#FF9800","stroke-width":2,"stroke-opacity":0.85},"geometry":{"type":"LineString","coordinates":[[7.728584819999995,45.063285119999996],[7.7251434,45.060745319999995]]}},{"type":"Feature","properties":{"flags":16,"flags_hex":"0x10","b_class":5,"s1_flag":1,"city":"Torino","sector":1031023,"stroke":"#FF9800","stroke-width":2,"stroke-opacity":0.85},"geometry":{"type":"LineString","coordinates":[[7.726264260000001,45.06328566],[7.725143939999995,45.06329142]]}},{"type":"Feature","properties":{"flags":16,"flags_hex":"0x10","b_class":5,"s1_flag":1,"city":"Torino","sector":1031023,"stroke":"#FF9800","stroke-width":2,"stroke-opacity":0.85},"geometry":{"type":"LineString","coordinates":[[7.663210619999994,45.04559328],[7.663214399999994,45.04559364]]}},{"type":"Feature","properties":{"flags":16,"flags_hex":"0x10","b_class":5,"s1_flag":1,"city":"Torino","sector":1031023,"stroke":"#FF9800","stroke-width":2,"stroke-opacity":0.85},"geometry":{"type":"LineString","coordinates":[[7.618979759999995,45.027901619999994],[7.618974899999998,45.02790288]]}},{"type":"Feature","properties":{"flags":16,"flags_hex":"0x10","b_class":5,"s1_flag":1,"city":"Torino","sector":1031023,"stroke":"#FF9800","stroke-width":2,"stroke-opacity":0.85},"geometry":{"type":"LineString","coordinates":[[7.583584739999999,45.00135792],[7.58228622,44.998596]]}},{"type":"Feature","properties":{"flags":16,"flags_hex":"0x10","b_class":5,"s1_flag":1,"city":"Torino","sector":1031023,"stroke":"#FF9800","stroke-width":2,"stroke-opacity":0.85},"geometry":{"type":"LineString","coordinates":[[7.725148619999999,45.107524979999994],[7.725143939999995,45.107528759999994]]}},{"type":"Feature","properties":{"flags":16,"flags_hex":"0x10","b_class":5,"s1_flag":1,"city":"Torino","sector":1031023,"stroke":"#FF9800","stroke-width":2,"stroke-opacity":0.85},"geometry":{"type":"LineString","coordinates":[[7.698567300000001,45.098684999999996],[7.698601859999997,45.094510619999994]]}},{"type":"Feature","properties":{"flags":16,"flags_hex":"0x10","b_class":5,"s1_flag":1,"city":"Torino","sector":1031023,"stroke":"#FF9800","stroke-width":2,"stroke-opacity":0.85},"geometry":{"type":"LineString","coordinates":[[7.65436416,45.11942172],[7.654366499999995,45.116375399999995]]}},{"type":"Feature","properties":{"flags":16,"flags_hex":"0x10","b_class":5,"s1_flag":1,"city":"Torino","sector":1031023,"stroke":"#FF9800","stroke-width":2,"stroke-opacity":0.85},"geometry":{"type":"LineString","coordinates":[[7.725143579999994,45.10338228],[7.725143039999999,45.1075221]]}},{"type":"Feature","properties":{"flags":16,"flags_hex":"0x10","b_class":5,"s1_flag":1,"city":"Torino","sector":1031023,"stroke":"#FF9800","stroke-width":2,"stroke-opacity":0.85},"geometry":{"type":"LineString","coordinates":[[7.69860096,45.04560048],[7.698605099999995,45.045594539999996]]}},{"type":"Feature","properties":{"flags":16,"flags_hex":"0x10","b_class":5,"s1_flag":1,"city":"Torino","sector":1031023,"stroke":"#FF9800","stroke-width":2,"stroke-opacity":0.85},"geometry":{"type":"LineString","coordinates":[[7.681285679999995,45.058867199999995],[7.6751001599999995,45.05310702]]}},{"type":"Feature","properties":{"flags":16,"flags_hex":"0x10","b_class":5,"s1_flag":1,"city":"Torino","sector":1031023,"stroke":"#FF9800","stroke-width":2,"stroke-opacity":0.85},"geometry":{"type":"LineString","coordinates":[[7.772351819999997,45.07213247999999],[7.778230259999994,45.072142019999994]]}},{"type":"Feature","properties":{"flags":16,"flags_hex":"0x10","b_class":5,"s1_flag":1,"city":"Torino","sector":1031023,"stroke":"#FF9800","stroke-width":2,"stroke-opacity":0.85},"geometry":{"type":"LineString","coordinates":[[7.719268019999994,45.108162719999996],[7.7251388999999975,45.10752479999999]]}},{"type":"Feature","properties":{"flags":16,"flags_hex":"0x10","b_class":5,"s1_flag":1,"city":"Torino","sector":1031023,"stroke":"#FF9800","stroke-width":2,"stroke-opacity":0.85},"geometry":{"type":"LineString","coordinates":[[7.645516799999996,45.02790036],[7.64551968,45.0279027]]}},{"type":"Feature","properties":{"flags":16,"flags_hex":"0x10","b_class":5,"s1_flag":1,"city":"Torino","sector":1031023,"stroke":"#FF9800","stroke-width":2,"stroke-opacity":0.85},"geometry":{"type":"LineString","coordinates":[[7.680900479999998,45.0997632],[7.680903539999996,45.1016397]]}},{"type":"Feature","properties":{"flags":16,"flags_hex":"0x10","b_class":5,"s1_flag":1,"city":"Torino","sector":1031023,"stroke":"#FF9800","stroke-width":2,"stroke-opacity":0.85},"geometry":{"type":"LineString","coordinates":[[7.680909299999996,45.058861439999994],[7.680909299999996,45.05886683999999]]}},{"type":"Feature","properties":{"flags":16,"flags_hex":"0x10","b_class":5,"s1_flag":0,"city":"Torino","sector":1031023,"stroke":"#FF9800","stroke-width":2,"stroke-opacity":0.85},"geometry":{"type":"LineString","coordinates":[[7.663215119999997,45.07656228],[7.663210079999999,45.082459979999996]]}},{"type":"Feature","properties":{"flags":16,"flags_hex":"0x10","b_class":5,"s1_flag":0,"city":"Torino","sector":1031023,"stroke":"#FF9800","stroke-width":2,"stroke-opacity":0.85},"geometry":{"type":"LineString","coordinates":[[7.663216919999996,45.085409999999996],[7.667267099999997,45.079880759999995]]}},{"type":"Feature","properties":{"flags":16,"flags_hex":"0x10","b_class":5,"s1_flag":1,"city":"Torino","sector":1031023,"stroke":"#FF9800","stroke-width":2,"stroke-opacity":0.85},"geometry":{"type":"LineString","coordinates":[[7.719841679999995,45.063292319999995],[7.725138719999997,45.0632916]]}},{"type":"Feature","properties":{"flags":16,"flags_hex":"0x10","b_class":5,"s1_flag":1,"city":"Torino","sector":1031023,"stroke":"#FF9800","stroke-width":2,"stroke-opacity":0.85},"geometry":{"type":"LineString","coordinates":[[7.725142499999997,45.10752984],[7.725157439999997,45.10753002]]}},{"type":"Feature","properties":{"flags":16,"flags_hex":"0x10","b_class":5,"s1_flag":1,"city":"Torino","sector":1031023,"stroke":"#FF9800","stroke-width":2,"stroke-opacity":0.85},"geometry":{"type":"LineString","coordinates":[[7.579907339999998,45.027895859999994],[7.583587979999997,45.027901439999994]]}},{"type":"Feature","properties":{"flags":16,"flags_hex":"0x10","b_class":5,"s1_flag":1,"city":"Torino","sector":1031023,"stroke":"#FF9800","stroke-width":2,"stroke-opacity":0.85},"geometry":{"type":"LineString","coordinates":[[7.66321026,45.027901619999994],[7.66321602,45.027901799999995]]}},{"type":"Feature","properties":{"flags":16,"flags_hex":"0x10","b_class":5,"s1_flag":1,"city":"Torino","sector":1031023,"stroke":"#FF9800","stroke-width":2,"stroke-opacity":0.85},"geometry":{"type":"LineString","coordinates":[[7.698601499999995,45.067785119999996],[7.703400479999999,45.06329106]]}},{"type":"Feature","properties":{"flags":16,"flags_hex":"0x10","b_class":5,"s1_flag":1,"city":"Torino","sector":1031023,"stroke":"#FF9800","stroke-width":2,"stroke-opacity":0.85},"geometry":{"type":"LineString","coordinates":[[7.683673919999997,45.08549082],[7.682639999999999,45.085411439999994]]}},{"type":"Feature","properties":{"flags":16,"flags_hex":"0x10","b_class":5,"s1_flag":1,"city":"Torino","sector":1031023,"stroke":"#FF9800","stroke-width":2,"stroke-opacity":0.85},"geometry":{"type":"LineString","coordinates":[[7.725146459999998,45.14291694],[7.725131339999997,45.14287212]]}},{"type":"Feature","properties":{"flags":16,"flags_hex":"0x10","b_class":5,"s1_flag":1,"city":"Torino","sector":1031023,"stroke":"#FF9800","stroke-width":2,"stroke-opacity":0.85},"geometry":{"type":"LineString","coordinates":[[7.645517339999998,45.01020276],[7.6455175199999985,45.010201679999994]]}},{"type":"Feature","properties":{"flags":16,"flags_hex":"0x10","b_class":5,"s1_flag":1,"city":"Torino","sector":1031023,"stroke":"#FF9800","stroke-width":2,"stroke-opacity":0.85},"geometry":{"type":"LineString","coordinates":[[7.6809066,45.098679239999996],[7.6809064199999995,45.098692379999996]]}},{"type":"Feature","properties":{"flags":16,"flags_hex":"0x10","b_class":5,"s1_flag":1,"city":"Torino","sector":1031023,"stroke":"#FF9800","stroke-width":2,"stroke-opacity":0.85},"geometry":{"type":"LineString","coordinates":[[7.657411919999994,45.027901799999995],[7.663206839999994,45.02790108]]}},{"type":"Feature","properties":{"flags":16,"flags_hex":"0x10","b_class":5,"s1_flag":1,"city":"Torino","sector":1031023,"stroke":"#FF9800","stroke-width":2,"stroke-opacity":0.85},"geometry":{"type":"LineString","coordinates":[[7.659526739999997,45.02645064],[7.663211519999997,45.02875122]]}},{"type":"Feature","properties":{"flags":16,"flags_hex":"0x10","b_class":5,"s1_flag":1,"city":"Torino","sector":1031023,"stroke":"#FF9800","stroke-width":2,"stroke-opacity":0.85},"geometry":{"type":"LineString","coordinates":[[7.618977959999995,45.09867456],[7.614324239999995,45.102405239999996]]}},{"type":"Feature","properties":{"flags":16,"flags_hex":"0x10","b_class":5,"s1_flag":1,"city":"Torino","sector":1031023,"stroke":"#FF9800","stroke-width":2,"stroke-opacity":0.85},"geometry":{"type":"LineString","coordinates":[[7.610128259999996,45.063288359999994],[7.61012736,45.06328548]]}},{"type":"Feature","properties":{"flags":16,"flags_hex":"0x10","b_class":5,"s1_flag":1,"city":"Torino","sector":1031023,"stroke":"#FF9800","stroke-width":2,"stroke-opacity":0.85},"geometry":{"type":"LineString","coordinates":[[7.645521479999999,45.00432738],[7.645520579999996,45.01020816]]}},{"type":"Feature","properties":{"flags":16,"flags_hex":"0x10","b_class":5,"s1_flag":1,"city":"Torino","sector":1031023,"stroke":"#FF9800","stroke-width":2,"stroke-opacity":0.85},"geometry":{"type":"LineString","coordinates":[[7.664422559999998,45.08541252],[7.663208640000001,45.0854109]]}},{"type":"Feature","properties":{"flags":16,"flags_hex":"0x10","b_class":5,"s1_flag":1,"city":"Torino","sector":1031023,"stroke":"#FF9800","stroke-width":2,"stroke-opacity":0.85},"geometry":{"type":"LineString","coordinates":[[7.725143039999999,45.10818954],[7.725137999999994,45.10752966]]}},{"type":"Feature","properties":{"flags":16,"flags_hex":"0x10","b_class":5,"s1_flag":1,"city":"Torino","sector":1031023,"stroke":"#FF9800","stroke-width":2,"stroke-opacity":0.85},"geometry":{"type":"LineString","coordinates":[[7.6189750799999985,45.040089779999995],[7.6189766999999975,45.04559526]]}},{"type":"Feature","properties":{"flags":16,"flags_hex":"0x10","b_class":5,"s1_flag":1,"city":"Torino","sector":1031023,"stroke":"#FF9800","stroke-width":2,"stroke-opacity":0.85},"geometry":{"type":"LineString","coordinates":[[7.684177200000001,45.116369279999994],[7.6897478399999954,45.12166902]]}},{"type":"Feature","properties":{"flags":16,"flags_hex":"0x10","b_class":5,"s1_flag":0,"city":"Torino","sector":1031023,"stroke":"#FF9800","stroke-width":2,"stroke-opacity":0.85},"geometry":{"type":"LineString","coordinates":[[7.618970939999997,45.09868176],[7.6189761599999954,45.0986778]]}},{"type":"Feature","properties":{"flags":16,"flags_hex":"0x10","b_class":5,"s1_flag":1,"city":"Torino","sector":1031023,"stroke":"#FF9800","stroke-width":2,"stroke-opacity":0.85},"geometry":{"type":"LineString","coordinates":[[7.778223059999995,45.072138419999995],[7.778225579999997,45.072138599999995]]}},{"type":"Feature","properties":{"flags":16,"flags_hex":"0x10","b_class":5,"s1_flag":1,"city":"Torino","sector":1031023,"stroke":"#FF9800","stroke-width":2,"stroke-opacity":0.85},"geometry":{"type":"LineString","coordinates":[[7.781763839999996,45.07214183999999],[7.7782315199999985,45.07214112]]}},{"type":"Feature","properties":{"flags":16,"flags_hex":"0x10","b_class":5,"s1_flag":1,"city":"Torino","sector":1031023,"stroke":"#FF9800","stroke-width":2,"stroke-opacity":0.85},"geometry":{"type":"LineString","coordinates":[[7.610128259999996,45.063292319999995],[7.612713960000001,45.06329088]]}},{"type":"Feature","properties":{"flags":16,"flags_hex":"0x10","b_class":5,"s1_flag":1,"city":"Torino","sector":1031023,"stroke":"#FF9800","stroke-width":2,"stroke-opacity":0.85},"geometry":{"type":"LineString","coordinates":[[7.698606359999999,45.06359112],[7.698596639999998,45.06334344]]}},{"type":"Feature","properties":{"flags":16,"flags_hex":"0x10","b_class":5,"s1_flag":1,"city":"Torino","sector":1031023,"stroke":"#FF9800","stroke-width":2,"stroke-opacity":0.85},"geometry":{"type":"LineString","coordinates":[[7.725146099999996,45.10752948],[7.72513764,45.10752948]]}},{"type":"Feature","properties":{"flags":16,"flags_hex":"0x10","b_class":5,"s1_flag":1,"city":"Torino","sector":1031023,"stroke":"#FF9800","stroke-width":2,"stroke-opacity":0.85},"geometry":{"type":"LineString","coordinates":[[7.645512119999999,45.01099746],[7.6455202199999945,45.0102069]]}},{"type":"Feature","properties":{"flags":16,"flags_hex":"0x10","b_class":5,"s1_flag":1,"city":"Torino","sector":1031023,"stroke":"#FF9800","stroke-width":2,"stroke-opacity":0.85},"geometry":{"type":"LineString","coordinates":[[7.618969679999999,45.0102069],[7.6189783199999965,45.01610478]]}},{"type":"Feature","properties":{"flags":16,"flags_hex":"0x10","b_class":5,"s1_flag":1,"city":"Torino","sector":1031023,"stroke":"#FF9800","stroke-width":2,"stroke-opacity":0.85},"geometry":{"type":"LineString","coordinates":[[7.6543584,45.13407066],[7.655255519999997,45.13517784]]}},{"type":"Feature","properties":{"flags":16,"flags_hex":"0x10","b_class":5,"s1_flag":1,"city":"Torino","sector":1031023,"stroke":"#FF9800","stroke-width":2,"stroke-opacity":0.85},"geometry":{"type":"LineString","coordinates":[[7.6985552399999975,45.09868427999999],[7.698604019999998,45.098676]]}},{"type":"Feature","properties":{"flags":16,"flags_hex":"0x10","b_class":5,"s1_flag":1,"city":"Torino","sector":1031023,"stroke":"#FF9800","stroke-width":2,"stroke-opacity":0.85},"geometry":{"type":"LineString","coordinates":[[7.621562399999995,45.04559922],[7.623422159999997,45.045596159999995]]}},{"type":"Feature","properties":{"flags":16,"flags_hex":"0x10","b_class":5,"s1_flag":1,"city":"Torino","sector":1031023,"stroke":"#FF9800","stroke-width":2,"stroke-opacity":0.85},"geometry":{"type":"LineString","coordinates":[[7.694228219999999,45.01020636],[7.689765479999998,45.010218419999994]]}},{"type":"Feature","properties":{"flags":16,"flags_hex":"0x10","b_class":5,"s1_flag":1,"city":"Torino","sector":1031023,"stroke":"#FF9800","stroke-width":2,"stroke-opacity":0.85},"geometry":{"type":"LineString","coordinates":[[7.693458719999995,45.045590399999995],[7.701552959999994,45.045665279999994]]}},{"type":"Feature","properties":{"flags":16,"flags_hex":"0x10","b_class":5,"s1_flag":1,"city":"Torino","sector":1031023,"stroke":"#FF9800","stroke-width":2,"stroke-opacity":0.85},"geometry":{"type":"LineString","coordinates":[[7.64551986,45.080980919999995],[7.639898639999998,45.08098596]]}},{"type":"Feature","properties":{"flags":16,"flags_hex":"0x10","b_class":5,"s1_flag":1,"city":"Torino","sector":1031023,"stroke":"#FF9800","stroke-width":2,"stroke-opacity":0.85},"geometry":{"type":"LineString","coordinates":[[7.649940299999997,45.00873197999999],[7.641509639999995,45.01020978]]}},{"type":"Feature","properties":{"flags":0,"flags_hex":"0x00","b_class":5,"s1_flag":0,"city":"Torino","sector":1031023,"stroke":"#2196F3","stroke-width":2,"stroke-opacity":0.85},"geometry":{"type":"LineString","coordinates":[[7.726172639999994,45.14292216],[7.725144659999998,45.142921439999995]]}},{"type":"Feature","properties":{"flags":0,"flags_hex":"0x00","b_class":5,"s1_flag":0,"city":"Torino","sector":1031023,"stroke":"#2196F3","stroke-width":2,"stroke-opacity":0.85},"geometry":{"type":"LineString","coordinates":[[7.725138359999995,45.1429209],[7.7251434,45.142912439999996]]}},{"type":"Feature","properties":{"flags":0,"flags_hex":"0x00","b_class":5,"s1_flag":0,"city":"Torino","sector":1031023,"stroke":"#2196F3","stroke-width":2,"stroke-opacity":0.85},"geometry":{"type":"LineString","coordinates":[[7.698596639999998,45.06329646],[7.698595739999995,45.063295919999995]]}},{"type":"Feature","properties":{"flags":16,"flags_hex":"0x10","b_class":5,"s1_flag":0,"city":"Torino","sector":1031023,"stroke":"#FF9800","stroke-width":2,"stroke-opacity":0.85},"geometry":{"type":"LineString","coordinates":[[7.663216559999995,45.058869359999996],[7.663213859999999,45.059137379999996]]}},{"type":"Feature","properties":{"flags":16,"flags_hex":"0x10","b_class":5,"s1_flag":0,"city":"Torino","sector":1031023,"stroke":"#FF9800","stroke-width":2,"stroke-opacity":0.85},"geometry":{"type":"LineString","coordinates":[[7.618969679999999,45.01020816],[7.618977959999995,45.01020636]]}},{"type":"Feature","properties":{"flags":16,"flags_hex":"0x10","b_class":5,"s1_flag":0,"city":"Torino","sector":1031023,"stroke":"#FF9800","stroke-width":2,"stroke-opacity":0.85},"geometry":{"type":"LineString","coordinates":[[7.6985892599999985,45.09865728],[7.7043839999999975,45.10454094]]}},{"type":"Feature","properties":{"flags":16,"flags_hex":"0x10","b_class":5,"s1_flag":0,"city":"Torino","sector":1031023,"stroke":"#FF9800","stroke-width":2,"stroke-opacity":0.85},"geometry":{"type":"LineString","coordinates":[[7.725144119999996,45.080982539999994],[7.7251399799999945,45.08097444]]}},{"type":"Feature","properties":{"flags":16,"flags_hex":"0x10","b_class":5,"s1_flag":1,"city":"Torino","sector":1031023,"stroke":"#FF9800","stroke-width":2,"stroke-opacity":0.85},"geometry":{"type":"LineString","coordinates":[[7.689751979999997,45.010201859999995],[7.684363139999995,45.0094815]]}},{"type":"Feature","properties":{"flags":16,"flags_hex":"0x10","b_class":5,"s1_flag":1,"city":"Torino","sector":1031023,"stroke":"#FF9800","stroke-width":2,"stroke-opacity":0.85},"geometry":{"type":"LineString","coordinates":[[7.6278164999999944,45.06328584],[7.628013599999996,45.0632916]]}},{"type":"Feature","properties":{"flags":16,"flags_hex":"0x10","b_class":5,"s1_flag":1,"city":"Torino","sector":1031023,"stroke":"#FF9800","stroke-width":2,"stroke-opacity":0.85},"geometry":{"type":"LineString","coordinates":[[7.725141059999999,45.06329304],[7.725146639999998,45.06329286]]}},{"type":"Feature","properties":{"flags":16,"flags_hex":"0x10","b_class":5,"s1_flag":1,"city":"Torino","sector":1031023,"stroke":"#FF9800","stroke-width":2,"stroke-opacity":0.85},"geometry":{"type":"LineString","coordinates":[[7.6396497,45.00440352],[7.645517159999997,45.01020852]]}},{"type":"Feature","properties":{"flags":16,"flags_hex":"0x10","b_class":5,"s1_flag":1,"city":"Torino","sector":1031023,"stroke":"#FF9800","stroke-width":2,"stroke-opacity":0.85},"geometry":{"type":"LineString","coordinates":[[7.689751979999997,45.01020294],[7.69537914,45.014057279999996]]}},{"type":"Feature","properties":{"flags":16,"flags_hex":"0x10","b_class":5,"s1_flag":1,"city":"Brindisi","sector":1173109,"stroke":"#FF9800","stroke-width":2,"stroke-opacity":0.85},"geometry":{"type":"LineString","coordinates":[[17.943844199999994,40.635190079999994],[17.943844019999993,40.6351899]]}},{"type":"Feature","properties":{"flags":16,"flags_hex":"0x10","b_class":5,"s1_flag":1,"city":"Brindisi","sector":1173109,"stroke":"#FF9800","stroke-width":2,"stroke-opacity":0.85},"geometry":{"type":"LineString","coordinates":[[17.89960704,40.68384354],[17.894667839999997,40.683850559999996]]}},{"type":"Feature","properties":{"flags":16,"flags_hex":"0x10","b_class":5,"s1_flag":1,"city":"Brindisi","sector":1173109,"stroke":"#FF9800","stroke-width":2,"stroke-opacity":0.85},"geometry":{"type":"LineString","coordinates":[[17.94384204,40.644036],[17.943848159999995,40.6440378]]}},{"type":"Feature","properties":{"flags":16,"flags_hex":"0x10","b_class":5,"s1_flag":1,"city":"Brindisi","sector":1173109,"stroke":"#FF9800","stroke-width":2,"stroke-opacity":0.85},"geometry":{"type":"LineString","coordinates":[[17.961533879999998,40.6396125],[17.961538919999995,40.639611599999995]]}},{"type":"Feature","properties":{"flags":16,"flags_hex":"0x10","b_class":5,"s1_flag":1,"city":"Brindisi","sector":1173109,"stroke":"#FF9800","stroke-width":2,"stroke-opacity":0.85},"geometry":{"type":"LineString","coordinates":[[17.945261339999995,40.6351872],[17.94383808,40.63229388]]}},{"type":"Feature","properties":{"flags":16,"flags_hex":"0x10","b_class":5,"s1_flag":1,"city":"Brindisi","sector":1173109,"stroke":"#FF9800","stroke-width":2,"stroke-opacity":0.85},"geometry":{"type":"LineString","coordinates":[[17.97038232,40.57860384],[17.971884059999994,40.57767936]]}},{"type":"Feature","properties":{"flags":16,"flags_hex":"0x10","b_class":5,"s1_flag":1,"city":"Brindisi","sector":1173109,"stroke":"#FF9800","stroke-width":2,"stroke-opacity":0.85},"geometry":{"type":"LineString","coordinates":[[17.926198799999995,40.62191058],[17.931685019999996,40.62228768]]}},{"type":"Feature","properties":{"flags":16,"flags_hex":"0x10","b_class":5,"s1_flag":1,"city":"Brindisi","sector":1173109,"stroke":"#FF9800","stroke-width":2,"stroke-opacity":0.85},"geometry":{"type":"LineString","coordinates":[[17.917304639999998,40.59864648],[17.917303919999995,40.6042218]]}},{"type":"Feature","properties":{"flags":16,"flags_hex":"0x10","b_class":5,"s1_flag":1,"city":"Brindisi","sector":1173109,"stroke":"#FF9800","stroke-width":2,"stroke-opacity":0.85},"geometry":{"type":"LineString","coordinates":[[17.94384384,40.63518144],[17.938652999999995,40.63518936]]}},{"type":"Feature","properties":{"flags":16,"flags_hex":"0x10","b_class":5,"s1_flag":1,"city":"Brindisi","sector":1173109,"stroke":"#FF9800","stroke-width":2,"stroke-opacity":0.85},"geometry":{"type":"LineString","coordinates":[[17.917304639999998,40.59864648],[17.917303919999995,40.6042218]]}},{"type":"Feature","properties":{"flags":16,"flags_hex":"0x10","b_class":5,"s1_flag":1,"city":"Brindisi","sector":1173109,"stroke":"#FF9800","stroke-width":2,"stroke-opacity":0.85},"geometry":{"type":"LineString","coordinates":[[17.94384384,40.63518144],[17.938652999999995,40.63518936]]}},{"type":"Feature","properties":{"flags":16,"flags_hex":"0x10","b_class":5,"s1_flag":1,"city":"Brindisi","sector":1173109,"stroke":"#FF9800","stroke-width":2,"stroke-opacity":0.85},"geometry":{"type":"LineString","coordinates":[[17.881900799999997,40.64846112],[17.88191088,40.6484586]]}},{"type":"Feature","properties":{"flags":16,"flags_hex":"0x10","b_class":5,"s1_flag":1,"city":"Brindisi","sector":1173109,"stroke":"#FF9800","stroke-width":2,"stroke-opacity":0.85},"geometry":{"type":"LineString","coordinates":[[17.908453499999993,40.621914],[17.908448819999997,40.62191616]]}},{"type":"Feature","properties":{"flags":16,"flags_hex":"0x10","b_class":5,"s1_flag":1,"city":"Brindisi","sector":1173109,"stroke":"#FF9800","stroke-width":2,"stroke-opacity":0.85},"geometry":{"type":"LineString","coordinates":[[17.908454579999997,40.62727314],[17.908450799999997,40.62191868]]}},{"type":"Feature","properties":{"flags":16,"flags_hex":"0x10","b_class":5,"s1_flag":1,"city":"Brindisi","sector":1173109,"stroke":"#FF9800","stroke-width":2,"stroke-opacity":0.85},"geometry":{"type":"LineString","coordinates":[[17.948384159999996,40.657306319999996],[17.952692279999994,40.65730146]]}},{"type":"Feature","properties":{"flags":16,"flags_hex":"0x10","b_class":5,"s1_flag":1,"city":"Brindisi","sector":1173109,"stroke":"#FF9800","stroke-width":2,"stroke-opacity":0.85},"geometry":{"type":"LineString","coordinates":[[17.9055051,40.68974574],[17.899632419999996,40.683873059999996]]}},{"type":"Feature","properties":{"flags":16,"flags_hex":"0x10","b_class":5,"s1_flag":1,"city":"Brindisi","sector":1173109,"stroke":"#FF9800","stroke-width":2,"stroke-opacity":0.85},"geometry":{"type":"LineString","coordinates":[[17.89960704,40.688447579999995],[17.899608479999998,40.68384786]]}},{"type":"Feature","properties":{"flags":16,"flags_hex":"0x10","b_class":5,"s1_flag":0,"city":"Brindisi","sector":1173109,"stroke":"#FF9800","stroke-width":2,"stroke-opacity":0.85},"geometry":{"type":"LineString","coordinates":[[17.79713862,40.66765056],[17.793439439999993,40.666157999999996]]}},{"type":"Feature","properties":{"flags":16,"flags_hex":"0x10","b_class":5,"s1_flag":1,"city":"Brindisi","sector":1173109,"stroke":"#FF9800","stroke-width":2,"stroke-opacity":0.85},"geometry":{"type":"LineString","coordinates":[[17.9497419,40.649932619999994],[17.943844019999993,40.644032939999995]]}},{"type":"Feature","properties":{"flags":16,"flags_hex":"0x10","b_class":5,"s1_flag":1,"city":"Brindisi","sector":1173109,"stroke":"#FF9800","stroke-width":2,"stroke-opacity":0.85},"geometry":{"type":"LineString","coordinates":[[17.938040639999997,40.63518756],[17.943846359999995,40.63518954]]}},{"type":"Feature","properties":{"flags":16,"flags_hex":"0x10","b_class":5,"s1_flag":0,"city":"Brindisi","sector":1173109,"stroke":"#FF9800","stroke-width":2,"stroke-opacity":0.85},"geometry":{"type":"LineString","coordinates":[[17.926146779999996,40.62560652],[17.9261439,40.6219167]]}},{"type":"Feature","properties":{"flags":16,"flags_hex":"0x10","b_class":5,"s1_flag":1,"city":"Brindisi","sector":1173109,"stroke":"#FF9800","stroke-width":2,"stroke-opacity":0.85},"geometry":{"type":"LineString","coordinates":[[17.90478744,40.62210768],[17.90845512,40.62191112]]}},{"type":"Feature","properties":{"flags":16,"flags_hex":"0x10","b_class":5,"s1_flag":1,"city":"Brindisi","sector":1173109,"stroke":"#FF9800","stroke-width":2,"stroke-opacity":0.85},"geometry":{"type":"LineString","coordinates":[[17.92614948,40.62191796],[17.9261493,40.62191778]]}},{"type":"Feature","properties":{"flags":16,"flags_hex":"0x10","b_class":5,"s1_flag":0,"city":"Brindisi","sector":1173109,"stroke":"#FF9800","stroke-width":2,"stroke-opacity":0.85},"geometry":{"type":"LineString","coordinates":[[17.917301759999994,40.63960548],[17.91351528,40.639615379999995]]}},{"type":"Feature","properties":{"flags":17,"flags_hex":"0x11","b_class":5,"s1_flag":1,"city":"Brindisi","sector":1173109,"stroke":"#9C27B0","stroke-width":2,"stroke-opacity":0.85},"geometry":{"type":"LineString","coordinates":[[17.910767039999996,40.621917599999996],[17.908457639999995,40.62491172]]}},{"type":"Feature","properties":{"flags":16,"flags_hex":"0x10","b_class":5,"s1_flag":1,"city":"Brindisi","sector":1173109,"stroke":"#FF9800","stroke-width":2,"stroke-opacity":0.85},"geometry":{"type":"LineString","coordinates":[[17.94384384,40.635374399999996],[17.943848879999997,40.636098]]}},{"type":"Feature","properties":{"flags":16,"flags_hex":"0x10","b_class":5,"s1_flag":1,"city":"Brindisi","sector":1173109,"stroke":"#FF9800","stroke-width":2,"stroke-opacity":0.85},"geometry":{"type":"LineString","coordinates":[[17.913985439999998,40.65730272],[17.917297079999997,40.657305599999994]]}},{"type":"Feature","properties":{"flags":16,"flags_hex":"0x10","b_class":5,"s1_flag":1,"city":"Brindisi","sector":1173109,"stroke":"#FF9800","stroke-width":2,"stroke-opacity":0.85},"geometry":{"type":"LineString","coordinates":[[17.94384924,40.63518792],[17.94384762,40.63518702]]}},{"type":"Feature","properties":{"flags":16,"flags_hex":"0x10","b_class":5,"s1_flag":1,"city":"Brindisi","sector":1173109,"stroke":"#FF9800","stroke-width":2,"stroke-opacity":0.85},"geometry":{"type":"LineString","coordinates":[[17.945261339999995,40.6351872],[17.94383808,40.63229388]]}},{"type":"Feature","properties":{"flags":16,"flags_hex":"0x10","b_class":5,"s1_flag":1,"city":"Brindisi","sector":1173109,"stroke":"#FF9800","stroke-width":2,"stroke-opacity":0.85},"geometry":{"type":"LineString","coordinates":[[17.895160679999996,40.683842999999996],[17.899606679999998,40.68384696]]}},{"type":"Feature","properties":{"flags":16,"flags_hex":"0x10","b_class":5,"s1_flag":1,"city":"Brindisi","sector":1173109,"stroke":"#FF9800","stroke-width":2,"stroke-opacity":0.85},"geometry":{"type":"LineString","coordinates":[[17.895160679999996,40.683842999999996],[17.899606679999998,40.68384696]]}},{"type":"Feature","properties":{"flags":17,"flags_hex":"0x11","b_class":5,"s1_flag":1,"city":"Brindisi","sector":1173109,"stroke":"#9C27B0","stroke-width":2,"stroke-opacity":0.85},"geometry":{"type":"LineString","coordinates":[[17.926150199999995,40.62193668],[17.932047179999998,40.62781422]]}},{"type":"Feature","properties":{"flags":16,"flags_hex":"0x10","b_class":5,"s1_flag":1,"city":"Brindisi","sector":1173109,"stroke":"#FF9800","stroke-width":2,"stroke-opacity":0.85},"geometry":{"type":"LineString","coordinates":[[17.881900799999997,40.64846112],[17.88191088,40.6484586]]}},{"type":"Feature","properties":{"flags":16,"flags_hex":"0x10","b_class":5,"s1_flag":1,"city":"Brindisi","sector":1173109,"stroke":"#FF9800","stroke-width":2,"stroke-opacity":0.85},"geometry":{"type":"LineString","coordinates":[[17.917304639999998,40.59864648],[17.917303919999995,40.6042218]]}},{"type":"Feature","properties":{"flags":16,"flags_hex":"0x10","b_class":5,"s1_flag":1,"city":"Brindisi","sector":1173109,"stroke":"#FF9800","stroke-width":2,"stroke-opacity":0.85},"geometry":{"type":"LineString","coordinates":[[17.94384384,40.63518144],[17.938652999999995,40.63518936]]}},{"type":"Feature","properties":{"flags":16,"flags_hex":"0x10","b_class":5,"s1_flag":1,"city":"Brindisi","sector":1173109,"stroke":"#FF9800","stroke-width":2,"stroke-opacity":0.85},"geometry":{"type":"LineString","coordinates":[[17.917304639999998,40.59864648],[17.917303919999995,40.6042218]]}},{"type":"Feature","properties":{"flags":16,"flags_hex":"0x10","b_class":5,"s1_flag":1,"city":"Brindisi","sector":1173109,"stroke":"#FF9800","stroke-width":2,"stroke-opacity":0.85},"geometry":{"type":"LineString","coordinates":[[17.94384384,40.63518144],[17.938652999999995,40.63518936]]}},{"type":"Feature","properties":{"flags":16,"flags_hex":"0x10","b_class":5,"s1_flag":1,"city":"Brindisi","sector":1173109,"stroke":"#FF9800","stroke-width":2,"stroke-opacity":0.85},"geometry":{"type":"LineString","coordinates":[[17.949199199999995,40.6470366],[17.943844019999993,40.64403006]]}},{"type":"Feature","properties":{"flags":16,"flags_hex":"0x10","b_class":5,"s1_flag":1,"city":"Brindisi","sector":1173109,"stroke":"#FF9800","stroke-width":2,"stroke-opacity":0.85},"geometry":{"type":"LineString","coordinates":[[17.893805279999995,40.683848039999994],[17.899611719999996,40.68384228]]}},{"type":"Feature","properties":{"flags":16,"flags_hex":"0x10","b_class":5,"s1_flag":1,"city":"Brindisi","sector":1173109,"stroke":"#FF9800","stroke-width":2,"stroke-opacity":0.85},"geometry":{"type":"LineString","coordinates":[[17.943846719999996,40.6351872],[17.945060999999995,40.63518432]]}},{"type":"Feature","properties":{"flags":16,"flags_hex":"0x10","b_class":5,"s1_flag":1,"city":"Brindisi","sector":1173109,"stroke":"#FF9800","stroke-width":2,"stroke-opacity":0.85},"geometry":{"type":"LineString","coordinates":[[17.952707759999996,40.621934519999996],[17.958589259999997,40.62781422]]}},{"type":"Feature","properties":{"flags":16,"flags_hex":"0x10","b_class":5,"s1_flag":1,"city":"Brindisi","sector":1173109,"stroke":"#FF9800","stroke-width":2,"stroke-opacity":0.85},"geometry":{"type":"LineString","coordinates":[[17.881892519999994,40.648459679999995],[17.881913039999993,40.6447839]]}},{"type":"Feature","properties":{"flags":16,"flags_hex":"0x10","b_class":5,"s1_flag":1,"city":"Brindisi","sector":1173109,"stroke":"#FF9800","stroke-width":2,"stroke-opacity":0.85},"geometry":{"type":"LineString","coordinates":[[17.948730299999994,40.63524138],[17.943844199999994,40.63226058]]}},{"type":"Feature","properties":{"flags":16,"flags_hex":"0x10","b_class":5,"s1_flag":1,"city":"Brindisi","sector":1173109,"stroke":"#FF9800","stroke-width":2,"stroke-opacity":0.85},"geometry":{"type":"LineString","coordinates":[[17.92614948,40.621918859999994],[17.932047179999998,40.62781422]]}},{"type":"Feature","properties":{"flags":16,"flags_hex":"0x10","b_class":5,"s1_flag":1,"city":"Brindisi","sector":1173109,"stroke":"#FF9800","stroke-width":2,"stroke-opacity":0.85},"geometry":{"type":"LineString","coordinates":[[17.970380159999998,40.54229334],[17.970704159999997,40.54229064]]}},{"type":"Feature","properties":{"flags":0,"flags_hex":"0x00","b_class":5,"s1_flag":1,"city":"Brindisi","sector":1173109,"stroke":"#2196F3","stroke-width":2,"stroke-opacity":0.85},"geometry":{"type":"LineString","coordinates":[[17.917954079999994,40.639607999999996],[17.917306259999997,40.63670964]]}},{"type":"Feature","properties":{"flags":0,"flags_hex":"0x00","b_class":5,"s1_flag":1,"city":"Brindisi","sector":1173109,"stroke":"#2196F3","stroke-width":2,"stroke-opacity":0.85},"geometry":{"type":"LineString","coordinates":[[17.911454999999997,40.639611599999995],[17.917304099999996,40.6396107]]}},{"type":"Feature","properties":{"flags":17,"flags_hex":"0x11","b_class":5,"s1_flag":1,"city":"Brindisi","sector":1173109,"stroke":"#9C27B0","stroke-width":2,"stroke-opacity":0.85},"geometry":{"type":"LineString","coordinates":[[17.917303919999995,40.657305599999994],[17.918868479999993,40.658872499999994]]}},{"type":"Feature","properties":{"flags":17,"flags_hex":"0x11","b_class":5,"s1_flag":1,"city":"Brindisi","sector":1173109,"stroke":"#9C27B0","stroke-width":2,"stroke-opacity":0.85},"geometry":{"type":"LineString","coordinates":[[17.91730302,40.639611779999996],[17.917302119999995,40.63960872]]}},{"type":"Feature","properties":{"flags":16,"flags_hex":"0x10","b_class":5,"s1_flag":1,"city":"Brindisi","sector":1173109,"stroke":"#FF9800","stroke-width":2,"stroke-opacity":0.85},"geometry":{"type":"LineString","coordinates":[[17.9703897,40.68384786],[17.970385199999996,40.683850559999996]]}},{"type":"Feature","properties":{"flags":16,"flags_hex":"0x10","b_class":5,"s1_flag":1,"city":"Brindisi","sector":1173109,"stroke":"#FF9800","stroke-width":2,"stroke-opacity":0.85},"geometry":{"type":"LineString","coordinates":[[17.912328179999996,40.640125319999996],[17.917302119999995,40.639607999999996]]}},{"type":"Feature","properties":{"flags":17,"flags_hex":"0x11","b_class":5,"s1_flag":0,"city":"Brindisi","sector":1173109,"stroke":"#9C27B0","stroke-width":2,"stroke-opacity":0.85},"geometry":{"type":"LineString","coordinates":[[17.894928659999998,40.683852179999995],[17.899603799999994,40.68384768]]}},{"type":"Feature","properties":{"flags":16,"flags_hex":"0x10","b_class":5,"s1_flag":1,"city":"Brindisi","sector":1173109,"stroke":"#FF9800","stroke-width":2,"stroke-opacity":0.85},"geometry":{"type":"LineString","coordinates":[[17.958589259999997,40.62781422],[17.952691379999997,40.62191634]]}},{"type":"Feature","properties":{"flags":16,"flags_hex":"0x10","b_class":5,"s1_flag":1,"city":"Brindisi","sector":1173109,"stroke":"#FF9800","stroke-width":2,"stroke-opacity":0.85},"geometry":{"type":"LineString","coordinates":[[17.952685439999996,40.622595659999995],[17.952679499999995,40.6218843]]}},{"type":"Feature","properties":{"flags":16,"flags_hex":"0x10","b_class":5,"s1_flag":1,"city":"Brindisi","sector":1173109,"stroke":"#FF9800","stroke-width":2,"stroke-opacity":0.85},"geometry":{"type":"LineString","coordinates":[[17.943844739999996,40.6351872],[17.944890539999996,40.63518144]]}},{"type":"Feature","properties":{"flags":17,"flags_hex":"0x11","b_class":5,"s1_flag":1,"city":"Brindisi","sector":1173109,"stroke":"#9C27B0","stroke-width":2,"stroke-opacity":0.85},"geometry":{"type":"LineString","coordinates":[[17.917954079999994,40.639607999999996],[17.917306259999997,40.63670964]]}},{"type":"Feature","properties":{"flags":17,"flags_hex":"0x11","b_class":5,"s1_flag":1,"city":"Brindisi","sector":1173109,"stroke":"#9C27B0","stroke-width":2,"stroke-opacity":0.85},"geometry":{"type":"LineString","coordinates":[[17.911454999999997,40.639611599999995],[17.917304099999996,40.6396107]]}},{"type":"Feature","properties":{"flags":16,"flags_hex":"0x10","b_class":5,"s1_flag":1,"city":"Brindisi","sector":1173109,"stroke":"#FF9800","stroke-width":2,"stroke-opacity":0.85},"geometry":{"type":"LineString","coordinates":[[17.917298159999994,40.657305599999994],[17.917302119999995,40.657306319999996]]}},{"type":"Feature","properties":{"flags":16,"flags_hex":"0x10","b_class":5,"s1_flag":1,"city":"Brindisi","sector":1173109,"stroke":"#FF9800","stroke-width":2,"stroke-opacity":0.85},"geometry":{"type":"LineString","coordinates":[[17.96634528,40.57768008],[17.97188532,40.57767936]]}},{"type":"Feature","properties":{"flags":17,"flags_hex":"0x11","b_class":5,"s1_flag":0,"city":"Brindisi","sector":1173109,"stroke":"#9C27B0","stroke-width":2,"stroke-opacity":0.85},"geometry":{"type":"LineString","coordinates":[[17.917303919999995,40.639607999999996],[17.917302119999995,40.635994139999994]]}},{"type":"Feature","properties":{"flags":16,"flags_hex":"0x10","b_class":5,"s1_flag":1,"city":"Brindisi","sector":1173109,"stroke":"#FF9800","stroke-width":2,"stroke-opacity":0.85},"geometry":{"type":"LineString","coordinates":[[17.97038592,40.6838511],[17.970455039999997,40.6838511]]}},{"type":"Feature","properties":{"flags":16,"flags_hex":"0x10","b_class":5,"s1_flag":1,"city":"Brindisi","sector":1173109,"stroke":"#FF9800","stroke-width":2,"stroke-opacity":0.85},"geometry":{"type":"LineString","coordinates":[[17.952693179999997,40.60790909999999],[17.952694979999997,40.604220899999994]]}},{"type":"Feature","properties":{"flags":16,"flags_hex":"0x10","b_class":5,"s1_flag":1,"city":"Brindisi","sector":1173109,"stroke":"#FF9800","stroke-width":2,"stroke-opacity":0.85},"geometry":{"type":"LineString","coordinates":[[17.939443739999994,40.644034379999994],[17.943832139999998,40.64398884]]}},{"type":"Feature","properties":{"flags":16,"flags_hex":"0x10","b_class":5,"s1_flag":1,"city":"Brindisi","sector":1173109,"stroke":"#FF9800","stroke-width":2,"stroke-opacity":0.85},"geometry":{"type":"LineString","coordinates":[[17.97340344,40.68384966],[17.970383399999996,40.68767808]]}},{"type":"Feature","properties":{"flags":16,"flags_hex":"0x10","b_class":5,"s1_flag":1,"city":"Brindisi","sector":1173109,"stroke":"#FF9800","stroke-width":2,"stroke-opacity":0.85},"geometry":{"type":"LineString","coordinates":[[17.952696419999995,40.604222879999995],[17.954448359999994,40.60128546]]}},{"type":"Feature","properties":{"flags":16,"flags_hex":"0x10","b_class":5,"s1_flag":1,"city":"Brindisi","sector":1173109,"stroke":"#FF9800","stroke-width":2,"stroke-opacity":0.85},"geometry":{"type":"LineString","coordinates":[[17.881889459999996,40.64845878],[17.8819107,40.64845464]]}},{"type":"Feature","properties":{"flags":16,"flags_hex":"0x10","b_class":5,"s1_flag":1,"city":"Brindisi","sector":1173109,"stroke":"#FF9800","stroke-width":2,"stroke-opacity":0.85},"geometry":{"type":"LineString","coordinates":[[17.917301759999994,40.63960548],[17.917296179999994,40.639841999999994]]}},{"type":"Feature","properties":{"flags":16,"flags_hex":"0x10","b_class":5,"s1_flag":1,"city":"Brindisi","sector":1173109,"stroke":"#FF9800","stroke-width":2,"stroke-opacity":0.85},"geometry":{"type":"LineString","coordinates":[[17.943844199999994,40.63518216],[17.943845279999998,40.635190079999994]]}},{"type":"Feature","properties":{"flags":16,"flags_hex":"0x10","b_class":5,"s1_flag":1,"city":"Brindisi","sector":1173109,"stroke":"#FF9800","stroke-width":2,"stroke-opacity":0.85},"geometry":{"type":"LineString","coordinates":[[17.97038592,40.5789732],[17.97038592,40.58210502]]}},{"type":"Feature","properties":{"flags":16,"flags_hex":"0x10","b_class":5,"s1_flag":1,"city":"Brindisi","sector":1173109,"stroke":"#FF9800","stroke-width":2,"stroke-opacity":0.85},"geometry":{"type":"LineString","coordinates":[[17.970391499999998,40.68384768],[17.970388799999995,40.683850559999996]]}},{"type":"Feature","properties":{"flags":16,"flags_hex":"0x10","b_class":5,"s1_flag":0,"city":"Brindisi","sector":1173109,"stroke":"#FF9800","stroke-width":2,"stroke-opacity":0.85},"geometry":{"type":"LineString","coordinates":[[17.917302119999995,40.639611779999996],[17.917301759999994,40.63961448]]}}]}