235786
237125
237159
237189
237489
237614
237645
237675
237706
237738
250388
250419
250481
250511
250542
250573
250604
250636
250887
250919
250949
250979
251007
251038
251130
280427
280793
289551
289584
289616
289712
289743
289775
289869
289900
289929
291639
291671
291705
291740
291771
292120
292152
292184
292214
292253
292292
292315
292319
292357
292394
292431
292468
292505
292541
292572
292604
292637
292671
292706
292738
292772
292809
292845
292878
294820
298644
488144
619768
627152
627578
627609
628224
628411
628756
628786
628818
628852
629915
629945
630005
630549
630579
630608
630638
630668
630697
630784
630904
630934
630964
630994
631023
631080
631108
638748
708044
724413
724804
724996
725253
725449
725504
725532
725826
725853
725882
725910
725961
726045
736816
736847
736878
736963
752582
752611
752636
752942
753221
753362
753476
753652
753865
753893
753922
753978
754007
754060
754697
754727
754763
754800
754836
754872
754906
755662
755686
756311
756383
757214
757516
757722
767188
767526
894101
894131
1016439
1016751
1016837
1017139
1028372
1028401
1028432
1028463
1028493
1028524
1028554
1028586
1028617
1028649
1028680
1028713
1028744
1028776
1028810
1028836
1028872
1028905
1028942
1028973
1029005
1029036
1029068
1029098
1029131
1029167
1029202
1029234
1029267
1029298
1029334
1029370
1029400
1029430
1029461
1029491
1029521
1029554
1029587
1029618
1029652
1029684
1029716
1029748
1029778
1029809
1029839
1029872
1029903
1029940
1029978
1030010
1030042
1030072
1030103
1030133
1030163
1030195
1030228
1030264
1030301
1030334
1030366
1030396
1030426
1030457
1030491
1030523
1030555
1030587
1030623
1030661
1030692
1030721
1030752
1030782
1030815
1030847
1030880
1030912
1030944
1030977
1031008
1031023
1031047
1031087
1031124
1031156
1031191
1031230
1031240
1031278
1031293
1031326
1031362
1031390
1031425
1031464
1031500
1031537
1031573
1031610
1031648
1031685
1031721
1031755
1031788
1031821
1031853
1031885
1031915
1031947
1031977
1032009
1032042
1032073
1032103
1032136
1032164
1032193
1032222
1032253
1032283
1032312
1032342
1032373
1032404
1032434
1032468
1032499
1032537
1032568
1032604
1032636
1032668
1032699
1032734
1032768
1032799
1032828
1032861
1032894
1032924
1032956
1032988
1033018
1033049
1033079
1033110
1033142
1033174
1033205
1033241
1033250
1033289
1033318
1033355
1033388
1033416
1033420
1033458
1033492
1033523
1033553
1033584
1033614
1033645
1033675
1033708
1033742
1033772
1033801
1033829
1033862
1033896
1033930
1033964
1033994
1034025
1034056
1034086
1034116
1034147
1034178
1034211
1034243
1034271
1034306
1034334
1034373
1034408
1034429
1034468
1034498
1034528
1034555
1034588
1034616
1034649
1034679
1034710
1034739
1034768
1034796
1034829
1034864
1034897
1034925
1034955
1034985
1035014
1035043
1035072
1035101
1035133
1035165
1035194
1035223
1035251
1035281
1035311
1035341
1035373
1035402
1035433
1035460
1035489
1035520
1035550
1035577
1035609
1035639
1035665
1035688
1035725
1035761
1035795
1035829
1035834
1035871
1035901
1035931
1035961
1035992
1036021
1036052
1036082
1036111
1036142
1036172
1036203
1036233
1036264
1036293
1036325
1036361
1036390
1036423
1036462
1036481
1036485
1036526
1036564
1036592
1036630
1036668
1036701
1036731
1036761
1036792
1036822
1036846
1036878
1036911
1036945
1036979
1037009
1037040
1037069
1037098
1037127
1037157
1037186
1037215
1037245
1037275
1037309
1037342
1037373
1037403
1037433
1037464
1037495
1037526
1037556
1037586
1037616
1037646
1037678
1037711
1037745
1037777
1037809
1037840
1037870
1037899
1037932
1037965
1037998
1038032
1038062
1038093
1038125
1038157
1038185
1038215
1038247
1038277
1038306
1038335
1038365
1038395
1038425
1038458
1038487
1038517
1038547
1038579
1038615
1038644
1038661
1038701
1038737
1038763
1038801
1038831
1038862
1038893
1038923
1038956
1038991
1039028
1039059
1039092
1039126
1039161
1039190
1039224
1039259
1039295
1039325
1039355
1039385
1039417
1039449
1039478
1039510
1039542
1039575
1039612
1039648
1039680
1039713
1039744
1039776
1039810
1039841
1039875
1039898
1039932
1039959
1039994
1040024
1040056
1040091
1040124
1040155
1040186
1040217
1040248
1040280
1040311
1040342
1040373
1040403
1040434
1040465
1040491
1040527
1040564
1040596
1040626
1040663
1040701
1040740
1040779
1040819
1040827
1040862
1040882
1040906
1040946
1040981
1041009
1041040
1041079
1041115
1041153
1041194
1041231
1041264
1041299
1041334
1041370
1041405
1041440
1041474
1041507
1041543
1041578
1041614
1041650
1041687
1041723
1041758
1041793
1041829
1041865
1041900
1041934
1041966
1041997
1042028
1042059
1042092
1042128
1042164
1042200
1042233
1042265
1042298
1042331
1042362
1042394
1042427
1042460
1042490
1042521
1042552
1042586
1042619
1042650
1042678
1042711
1042747
1042782
1042794
1042833
1042869
1042904
1042936
1042968
1043000
1043032
1043066
1043100
1043133
1043167
1043198
1043230
1043262
1043293
1043325
1043356
1043388
1043425
1043463
1043501
1043539
1043573
1043607
1043644
1043681
1043713
1043747
1043781
1043816
1043850
1043885
1043917
1043949
1043982
1044014
1044046
1044078
1044114
1044146
1044183
1044213
1044249
1044281
1044310
1044341
1044375
1044407
1044439
1044470
1044504
1044535
1044566
1044599
1044633
1044666
1044698
1044731
1044767
1044802
1044835
1044868
1044900
1044932
1044963
1044997
1045033
1045066
1045102
1045141
1045178
1045216
1045250
1045289
1045327
1045358
1045390
1045421
1045452
1045484
1045516
1045547
1045580
1045615
1045652
1045689
1045720
1045752
1045784
1045815
1045851
1045885
1045910
1045948
1045983
1046017
1046050
1046087
1046122
1046154
1046185
1046216
1046249
1046282
1046314
1046346
1046377
1046407
1046440
1046474
1046506
1046538
1046568
1046598
1046630
1046662
1046694
1046726
1046759
1046791
1046823
1046855
1046886
1046917
1046947
1046976
1047006
1047036
1047066
1047098
1047128
1047158
1047189
1047219
1047249
1047280
1047310
1047344
1047379
1047413
1047446
1047477
1047506
1047535
1047564
1047598
1047630
1047664
1047697
1047729
1047759
1047789
1047821
1047854
1047885
1047920
1047957
1047992
1048029
1048059
1048095
1048127
1048159
1048191
1048223
1048255
1048288
1048320
1048354
1048386
1048414
1048444
1048475
1048507
1048543
1048580
1048606
1048643
1048675
1048708
1048741
1048773
1048805
1048837
1048878
1048882
1048923
1048961
1049000
1049018
1049059
1049099
1049121
1049154
1049189
1049230
1049236
1049272
1049308
1049347
1049379
1049414
1049455
1049481
1049518
1049553
1049580
1049616
1049656
1049693
1049729
1049767
1049805
1049842
1049878
1049913
1049950
1049987
1050023
1050061
1050098
1050136
1050172
1050208
1050244
1050276
1050309
1050345
1050382
1050416
1050454
1050482
1050520
1050553
1050587
1050622
1050654
1050684
1050717
1050753
1050791
1050823
1050860
1050890
1050922
1050955
1050986
1051017
1051046
1051079
1051110
1051144
1051179
1051211
1051244
1051277
1051310
1051341
1051373
1051405
1051436
1051468
1051499
1051533
1051564
1051594
1051626
1051659
1051687
1051725
1051761
1051796
1051830
1051867
1051902
1051936
1051971
1052001
1052032
1052066
1052098
1052131
1052166
1052198
1052229
1052260
1052291
1052322
1052352
1052383
1052416
1052450
1052482
1052514
1052545
1052578
1052609
1052639
1052670
1052701
1052733
1052765
1052796
1052826
1052857
1052889
1052921
1052952
1052983
1053013
1053045
1053076
1053105
1053136
1053167
1053199
1053230
1053262
1053294
1053326
1053358
1053389
1053424
1053458
1053490
1053521
1053551
1053581
1053613
1053644
1053674
1053704
1053733
1053766
1053800
1053832
1053863
1053897
1053930
1053956
1053995
1054033
1054068
1054104
1054138
1054177
1054215
1054249
1054287
1054322
1054358
1054392
1054424
1054455
1054487
1054521
1054551
1054584
1054617
1054646
1054678
1054709
1054742
1054776
1054808
1054848
1054888
1054921
1054957
1054987
1055023
1055053
1055085
1055117
1055150
1055180
1055212
1055245
1055274
1055309
1055345
1055380
1055414
1055449
1055484
1055515
1055549
1055582
1055614
1055649
1055685
1055718
1055751
1055781
1055811
1055842
1055877
1055909
1055940
1055970
1056001
1056032
1056063
1056093
1056126
1056158
1056190
1056223
1056255
1056288
1056322
1056354
1056388
1056422
1056458
1056493
1056525
1056557
1056590
1056624
1056654
1056685
1056716
1056750
1056783
1056813
1056842
1056872
1056902
1056931
1056961
1056991
1057021
1057052
1057084
1057115
1057146
1057176
1057206
1057237
1057267
1057298
1057330
1057359
1057396
1057431
1057470
1057505
1057538
1057554
1057593
1057624
1057654
1057683
1057714
1057745
1057774
1057805
1057835
1057864
1057894
1057931
1057957
1057996
1058032
1058045
1058084
1058118
1058144
1058180
1058210
1058245
1058275
1058306
1058336
1058368
1058402
1058434
1058465
1058502
1058536
1058574
1058607
1058644
1058682
1058720
1058732
1058767
1058803
1058835
1058866
1058895
1058926
1058957
1058987
1059018
1059050
1059081
1059111
1059142
1059175
1059207
1059238
1059269
1059304
1059339
1059376
1059412
1059443
1059476
1059510
1059545
1059579
1059611
1059649
1059687
1059721
1059753
1059785
1059818
1059851
1059867
1059905
1059941
1059974
1059989
1060027
1060060
1060093
1060124
1060156
1060189
1060226
1060261
1060292
1060327
1060361
1060394
1060426
1060458
1060493
1060528
1060564
1060600
1060632
1060662
1060694
1060729
1060761
1060797
1060828
1060859
1060890
1060921
1060953
1060986
1061019
1061050
1061081
1061114
1061147
1061181
1061212
1061243
1061274
1061304
1061335
1061369
1061401
1061433
1061465
1061496
1061527
1061562
1061596
1061625
1061657
1061689
1061721
1061751
1061781
1061813
1061844
1061875
1061905
1061936
1061967
1061999
1062031
1062063
1062097
1062131
1062164
1062199
1062236
1062272
1062303
1062334
1062364
1062396
1062424
1062460
1062496
1062527
1062559
1062591
1062620
1062651
1062682
1062720
1062757
1062781
1062812
1062852
1062891
1062927
1062960
1062996
1063031
1063064
1063102
1063132
1063162
1063193
1063225
1063257
1063289
1063321
1063354
1063386
1063415
1063446
1063480
1063514
1063547
1063581
1063615
1063649
1063681
1063715
1063750
1063786
1063817
1063848
1063879
1063912
1063944
1063977
1064009
1064039
1064070
1064106
1064127
1064165
1064201
1064239
1064269
1064299
1064332
1064365
1064399
1064431
1064463
1064496
1064529
1064561
1064592
1064626
1064658
1064691
1064722
1064755
1064787
1064818
1064851
1064881
1064918
1064954
1064985
1065016
1065048
1065073
1065092
1065127
1065152
1065186
1065212
1065245
1065283
1065316
1065351
1065392
1065430
1065466
1065502
1065537
1065574
1065611
1065648
1065685
1065716
1065749
1065786
1065820
1065855
1065888
1065919
1065950
1065988
1066026
1066059
1066094
1066125
1066163
1066202
1066216
1066255
1066288
1066321
1066355
1066388
1066420
1066453
1066486
1066518
1066551
1066584
1066616
1066648
1066681
1066713
1066746
1066779
1066813
1066848
1066884
1066918
1066950
1066983
1067016
1067048
1067078
1067110
1067144
1067181
1067217
1067253
1067287
1067319
1067352
1067389
1067423
1067462
1067492
1067529
1067550
1067589
1067624
1067659
1067697
1067732
1067763
1067786
1067820
1067856
1067893
1067923
1067963
1068000
1068035
1068067
1068107
1068146
1068184
1068223
1068248
1068279
1068319
1068358
1068391
1068422
1068456
1068497
1068534
1068573
1068604
1068634
1068663
1068696
1068733
1068769
1068806
1068835
1068865
1068896
1068924
1068955
1068985
1069016
1069049
1069081
1069110
1069140
1069169
1069197
1069228
1069261
1069294
1069330
1069352
1069389
1069423
1069460
1069491
1069522
1069552
1069588
1069625
1069652
1069690
1069721
1069752
1069783
1069813
1069845
1069876
1069909
1069941
1069972
1070005
1070039
1070073
1070102
1070141
1070177
1070215
1070249
1070282
1070316
1070350
1070383
1070421
1070453
1070489
1070519
1070551
1070583
1070620
1070656
1070688
1070721
1070753
1070785
1070817
1070849
1070878
1070911
1070944
1070978
1071010
1071046
1071082
1071117
1071125
1071164
1071197
1071233
1071268
1071292
1071331
1071366
1071402
1071438
1071472
1071506
1071537
1071575
1071596
1071636
1071674
1071699
1071738
1071773
1071806
1071839
1071874
1071907
1071939
1071972
1072007
1072045
1072081
1072118
1072153
1072188
1072223
1072255
1072287
1072312
1072341
1072365
1072398
1072429
1072460
1072483
1072515
1072546
1072580
1072614
1072646
1072682
1072715
1072754
1072786
1072821
1072854
1072888
1072915
1072952
1072984
1073022
1073057
1073095
1073118
1073156
1073187
1073225
1073264
1073303
1073341
1073378
1073414
1073449
1073484
1073509
1073542
1073579
1073601
1073645
1073670
1073709
1073744
1073782
1073793
1073830
1073870
1073880
1073922
1073932
1073969
1074010
1074054
1074096
1074133
1074173
1074183
1074227
1074268
1074310
1074352
1074392
1074433
1074475
1074512
1074552
1074584
1074621
1074655
1074689
1074725
1074758
1074781
1074818
1074858
1074892
1074930
1074964
1074998
1075031
1075064
1075095
1075129
1075163
1075201
1075227
1075266
1075304
1075341
1075348
1075387
1075425
1075462
1075499
1075533
1075569
1075602
1075637
1075672
1075701
1075730
1075764
1075799
1075834
1075866
1075897
1075927
1075964
1076001
1076033
1076066
1076096
1076127
1076158
1076190
1076221
1076253
1076286
1076318
1076351
1076363
1076390
1076413
1076452
1076474
1076511
1076551
1076588
1076622
1076660
1076690
1076729
1076771
1076809
1076843
1076880
1076916
1076952
1076988
1077024
1077061
1077097
1077128
1077162
1077197
1077228
1077261
1077295
1077328
1077360
1077391
1077423
1077457
1077489
1077523
1077556
1077590
1077626
1077662
1077696
1077729
1077763
1077799
1077834
1077871
1077907
1077941
1077971
1078002
1078033
1078064
1078097
1078130
1078165
1078198
1078230
1078268
1078278
1078318
1078353
1078379
1078418
1078452
1078484
1078517
1078549
1078580
1078611
1078643
1078676
1078708
1078739
1078769
1078800
1078832
1078864
1078894
1078925
1078959
1078992
1079024
1079056
1079086
1079117
1079148
1079180
1079211
1079242
1079275
1079307
1079339
1079371
1079400
1079432
1079464
1079496
1079527
1079559
1079590
1079622
1079654
1079690
1079729
1079762
1079794
1079826
1079865
1079903
1079943
1079981
1080021
1080051
1080091
1080128
1080160
1080192
1080226
1080264
1080301
1080334
1080370
1080401
1080433
1080465
1080499
1080533
1080565
1080591
1080626
1080660
1080690
1080720
1080754
1080793
1080833
1080868
1080904
1080941
1080978
1081014
1081047
1081075
1081105
1081137
1081168
1081199
1081227
1081259
1081290
1081320
1081353
1081385
1081417
1081446
1081478
1081510
1081540
1081578
1081616
1081650
1081687
1081723
1081760
1081797
1081816
1081854
1081887
1081917
1081946
1081980
1082013
1082046
1082075
1082106
1082136
1082164
1082195
1082222
1082252
1082280
1082314
1082345
1082376
1082408
1082441
1082476
1082511
1082543
1082577
1082608
1082639
1082672
1082703
1082735
1082769
1082795
1082816
1082841
1082874
1082897
1082927
1082964
1083001
1083028
1083067
1083106
1083145
1083184
1083218
1083254
1083290
1083327
1083365
1083403
1083440
1083470
1083507
1083538
1083570
1083601
1083631
1083664
1083696
1083727
1083757
1083790
1083821
1083851
1083883
1083914
1083944
1083974
1084005
1084036
1084065
1084092
1084123
1084152
1084184
1084214
1084244
1084275
1084307
1084340
1084373
1084406
1084439
1084470
1084501
1084531
1084554
1084585
1084618
1084652
1084685
1084717
1084748
1084781
1084814
1084848
1084868
1084904
1084943
1084982
1085022
1085053
1085086
1085121
1085157
1085197
1085235
1085271
1085309
1085347
1085384
1085414
1085452
1085489
1085514
1085552
1085585
1085616
1085649
1085682
1085713
1085746
1085780
1085812
1085843
1085875
1085908
1085939
1085969
1086004
1086040
1086076
1086110
1086144
1086177
1086214
1086251
1086276
1086315
1086342
1086379
1086409
1086442
1086472
1086505
1086538
1086568
1086597
1086630
1086664
1086694
1086729
1086761
1086793
1086824
1086862
1086895
1086924
1086956
1086993
1087029
1087067
1087093
1087132
1087172
1087215
1087256
1087295
1087336
1087374
1087413
1087453
1087493
1087524
1087559
1087594
1087627
1087664
1087701
1087731
1087765
1087794
1087829
1087857
1087893
1087926
1087963
1087999
1088036
1088071
1088107
1088141
1088175
1088204
1088241
1088266
1088305
1088339
1088369
1088405
1088441
1088475
1088509
1088546
1088584
1088621
1088658
1088686
1088723
1088753
1088757
1088797
1088834
1088869
1088891
1088930
1088964
1088992
1089029
1089062
1089095
1089129
1089168
1089193
1089228
1089268
1089304
1089345
1089384
1089423
1089460
1089498
1089532
1089574
1089612
1089632
1089674
1089709
1089738
1089771
1089803
1089834
1089867
1089901
1089934
1089966
1089997
1090025
1090056
1090088
1090126
1090162
1090180
1090218
1090248
1090282
1090314
1090341
1090379
1090414
1090417
1090457
1090494
1090530
1090556
1090559
1090599
1090635
1090665
1090693
1090724
1090754
1090786
1090819
1090850
1090877
1090904
1090932
1090964
1090996
1091025
1091056
1091086
1091116
1091147
1091181
1091219
1091246
1091285
1091317
1091353
1091387
1091420
1091452
1091484
1091516
1091547
1091582
1091615
1091650
1091675
1091694
1091730
1091764
1091794
1091830
1091858
1091887
1091918
1091949
1091980
1092010
1092040
1092070
1092101
1092130
1092161
1092191
1092220
1092251
1092282
1092313
1092344
1092375
1092407
1092439
1092469
1092500
1092532
1092558
1092595
1092621
1092657
1092688
1092720
1092751
1092781
1092813
1092844
1092875
1092906
1092936
1092967
1092999
1093028
1093059
1093089
1093120
1093150
1093183
1093208
1093245
1093281
1093311
1093342
1093373
1093404
1093435
1093467
1093498
1093530
1093563
1093593
1093624
1093656
1093687
1093719
1093752
1093783
1093814
1093846
1093876
1093909
1093946
1093982
1094016
1094048
1094079
1094115
1094135
1094169
1094191
1094226
1094263
1094294
1094331
1094361
1094394
1094432
1094470
1094506
1094542
1094576
1094612
1094648
1094683
1094714
1094746
1094778
1094807
1094838
1094869
1094899
1094932
1094961
1094997
1095033
1095068
1095102
1095137
1095169
1095202
1095235
1095266
1095296
1095326
1095360
1095395
1095409
1095448
1095485
1095523
1095528
1095566
1095600
1095633
1095666
1095698
1095729
1095762
1095794
1095825
1095856
1095888
1095920
1095950
1095984
1096017
1096051
1096087
1096123
1096154
1096185
1096217
1096250
1096284
1096318
1096354
1096384
1096419
1096451
1096482
1096516
1096528
1096566
1096602
1096638
1096649
1096686
1096723
1096756
1096786
1096820
1096851
1096890
1096928
1096965
1096970
1097010
1097041
1097077
1097098
1097137
1097174
1097200
1097239
1097261
1097286
1097307
1097347
1097369
1097410
1097446
1097474
1097493
1097533
1097570
1097611
1097651
1097692
1097729
1097766
1097803
1097842
1097880
1097918
1097958
1097997
1098017
1098057
1098096
1098135
1098171
1098205
1098238
1098270
1098303
1098336
1098359
1098388
1098429
1098471
1098501
1098540
1098580
1098625
1098668
1098711
1098749
1098788
1098829
1098855
1098899
1098937
1098979
1099013
1099056
1099099
1099137
1099172
1099204
1099242
1099274
1099309
1099348
1099387
1099428
1099464
1099503
1099531
1099569
1099608
1099644
1099684
1099714
1099747
1099780
1099814
1099847
1099878
1099911
1099944
1099979
1100012
1100040
1100070
1100100
1100132
1100166
1100194
1100227
1100265
1100293
1100333
1100367
1100401
1100433
1100452
1100492
1100528
1100558
1100589
1100620
1100649
1100680
1100712
1100742
1100773
1100804
1100825
1100861
1100893
1100927
1100962
1101002
1101039
1101072
1101110
1101149
1101181
1101221
1101252
1101283
1101313
1101343
1101374
1101406
1101433
1101467
1101479
1101516
1101548
1101566
1101602
1101632
1101664
1101692
1101728
1101764
1101793
1101827
1101861
1101898
1101937
1101972
1102010
1102048
1102083
1102116
1102141
1102145
1102184
1102218
1102253
1102290
1102323
1102353
1102384
1102414
1102443
1102458
1102496
1102532
1102553
1102581
1102601
1102631
1102666
1102707
1102743
1102771
1102786
1102823
1102859
1102898
1102922
1102952
1102986
1103027
1103063
1103098
1103138
1103173
1103213
1103243
1103275
1103305
1103339
1103379
1103416
1103455
1103486
1103517
1103546
1103582
1103609
1103647
1103680
1103712
1103749
1103780
1103813
1103845
1103877
1103912
1103943
1103980
1104018
1104052
1104085
1104119
1104154
1104186
1104208
1104244
1104277
1104309
1104342
1104379
1104401
1104441
1104480
1104509
1104540
1104573
1104609
1104631
1104669
1104707
1104740
1104775
1104815
1104854
1104886
1104918
1104951
1104986
1105023
1105059
1105090
1105122
1105156
1105193
1105225
1105262
1105294
1105332
1105365
1105399
1105431
1105463
1105494
1105532
1105554
1105593
1105631
1105661
1105700
1105732
1105763
1105796
1105832
1105868
1105897
1105920
1105960
1105984
1106015
1106053
1106064
1106102
1106142
1106168
1106201
1106241
1106282
1106318
1106354
1106388
1106425
1106462
1106499
1106537
1106574
1106608
1106642
1106672
1106708
1106744
1106776
1106809
1106841
1106874
1106907
1106938
1106974
1107010
1107039
1107062
1107092
1107129
1107162
1107194
1107228
1107261
1107293
1107327
1107352
1107384
1107416
1107449
1107482
1107517
1107554
1107590
1107628
1107658
1107694
1107731
1107768
1107805
1107837
1107870
1107905
1107937
1107969
1108004
1108035
1108056
1108081
1108116
1108144
1108177
1108210
1108241
1108265
1108300
1108328
1108362
1108398
1108431
1108462
1108493
1108522
1108551
1108580
1108607
1108636
1108665
1108694
1108718
1108747
1108772
1108800
1108825
1108854
1108883
1108912
1108943
1108974
1109007
1109032
1109067
1109094
1109129
1109158
1109188
1109221
1109253
1109286
1109318
1109348
1109379
1109410
1109447
1109469
1109505
1109539
1109577
1109608
1109643
1109677
1109714
1109731
1109769
1109804
1109826
1109864
1109894
1109926
1109963
1109999
1110023
1110059
1110098
1110132
1110166
1110202
1110237
1110274
1110412
1110445
1110477
1110492
1110527
1110563
1110595
1110628
1110664
1110696
1110726
1110762
1110776
1110779
1110817
1110853
1110885
1110910
1110913
1110951
1110989
1111024
1111056
1111089
1111126
1111163
1111194
1111226
1111261
1111293
1111330
1111366
1111402
1111431
1111465
1111497
1111535
1111564
1111603
1111640
1111678
1111718
1111754
1111780
1111817
1111846
1111884
1111919
1111958
1111987
1112026
1112062
1112099
1112126
1112166
1112206
1112237
1112268
1112299
1112330
1112362
1112397
1112431
1112460
1112500
1112537
1112569
1112601
1112642
1112683
1112724
1112759
1112787
1112827
1112857
1112880
1112912
1112952
1112992
1113033
1113069
1113100
1113126
1113153
1113192
1113228
1113261
1113298
1113314
1113349
1113386
1113432
1113470
1113510
1113552
1113591
1113618
1113663
1113688
1113728
1113766
1113809
1113849
1113872
1113908
1113949
1113972
1114011
1114051
1114086
1114129
1114171
1114214
1114256
1114292
1114336
1114370
1114410
1114445
1114487
1114529
1114564
1114605
1114648
1114688
1114731
1114759
1114802
1114843
1114883
1114927
1114962
1114989
1115031
1115071
1115101
1115126
1115171
1115216
1115261
1115305
1115343
1115384
1115424
1115469
1115509
1115553
1115583
1115609
1115646
1115660
1115700
1115736
1115782
1115823
1115843
1115872
1115915
1115957
1116000
1116038
1116081
1116123
1116161
1116199
1116237
1116276
1116316
1116354
1116393
1116433
1116472
1116511
1116547
1116586
1116624
1116662
1116699
1116733
1116768
1116808
1116847
1116872
1116911
1116945
1116984
1117022
1117060
1117099
1117136
1117173
1117207
1117247
1117274
1117313
1117353
1117393
1117433
1117454
1117495
1117533
1117572
1117612
1117644
1117683
1117721
1117758
1117797
1117835
1117871
1117909
1117947
1117986
1118023
1118060
1118097
1118135
1118172
1118209
1118245
1118276
1118316
1118357
1118396
1118434
1118470
1118509
1118547
1118586
1118624
1118660
1118697
1118733
1118771
1118811
1118849
1118885
1118921
1118959
1118992
1119024
1119060
1119093
1119132
1119166
1119184
1119223
1119253
1119285
1119318
1119349
1119380
1119411
1119445
1119473
1119511
1119543
1119581
1119616
1119653
1119689
1119725
1119757
1119786
1119821
1119855
1119887
1119919
1119948
1119984
1120006
1120043
1120080
1120115
1120150
1120171
1120208
1120245
1120279
1120310
1120341
1120375
1120409
1120444
1120476
1120507
1120540
1120569
1120606
1120643
1120678
1120715
1120747
1120781
1120807
1120846
1120876
1120915
1120946
1120979
1121012
1121045
1121079
1121110
1121143
1121178
1121214
1121245
1121279
1121312
1121345
1121378
1121410
1121445
1121481
1121505
1121543
1121580
1121594
1121632
1121665
1121698
1121732
1121771
1121808
1121845
1121884
1121920
1121958
1121976
1122015
1122053
1122089
1122123
1122155
1122185
1122221
1122250
1122285
1122321
1122357
1122393
1122422
1122451
1122482
1122513
1122542
1122573
1122602
1122635
1122665
1122703
1122739
1122764
1122802
1122835
1122865
1122896
1122926
1122951
1122976
1123002
1123034
1123060
1123085
1123114
1123143
1123175
1123206
1123236
1123264
1123296
1123326
1123353
1123376
1123407
1123433
1123465
1123494
1123522
1123550
1123576
1123603
1123636
1123669
1123695
1123729
1123758
1123787
1123816
1123845
1123873
1123902
1123928
1123964
1123995
1124021
1124059
1124095
1124126
1124151
1124188
1124219
1124253
1124282
1124316
1124346
1124375
1124406
1124433
1124463
1124494
1124522
1124551
1124586
1124621
1124653
1124684
1124717
1124749
1124780
1124806
1124834
1124860
1124879
1124910
1124939
1124977
1125016
1125045
1125073
1125099
1125117
1125148
1125181
1125219
1125257
1125289
1125320
1125350
1125381
1125414
1125446
1125478
1125512
1125544
1125575
1125605
1125635
1125672
1125698
1125729
1125763
1125798
1125822
1125850
1125885
1125921
1125957
1125990
1126023
1126060
1126092
1126127
1126163
1126190
1126227
1126262
1126293
1126325
1126354
1126384
1126414
1126444
1126475
1126507
1126536
1126564
1126594
1126625
1126654
1126682
1126713
1126739
1126770
1126798
1126824
1126857
1126892
1126925
1126960
1126988
1127018
1127045
1127074
1127108
1127141
1127169
1127198
1127229
1127263
1127293
1127325
1127357
1127393
1127426
1127450
1127485
1127519
1127549
1127578
1127602
1127635
1127662
1127693
1127720
1127747
1127776
1127792
1127831
1127866
1127900
1127939
1127976
1128013
1128045
1128079
1128110
1128143
1128165
1128201
1128240
1128277
1128313
1128347
1128381
1128418
1128453
1128488
1128522
1128549
1128572
1128607
1128635
1128667
1128698
1128734
1128770
1128801
1128832
1128862
1128892
1128924
1128958
1128992
1129016
1129050
1129083
1129120
1129150
1129184
1129210
1129246
1129279
1129308
1129337
1129365
1129394
1129425
1129456
1129491
1129522
1129559
1129595
1129623
1129654
1129689
1129724
1129753
1129790
1129818
1129850
1129884
1129902
1129930
1129967
1130000
1130028
1130056
1130084
1130112
1130141
1130169
1130197
1130225
1130253
1130282
1130311
1130340
1130369
1130398
1130426
1130456
1130487
1130522
1130550
1130577
1130581
1130619
1130655
1130684
1130718
1130723
1130761
1130790
1130819
1130849
1130877
1130906
1130937
1130967
1130995
1131022
1131050
1131079
1131115
1131136
1131175
1131212
1131239
1131278
1131308
1131335
1131368
1131380
1131412
1131446
1131478
1131490
1131524
1131557
1131587
1131621
1131654
1131688
1131720
1131744
1131779
1131813
1131841
1131874
1131903
1131928
1131959
1131995
1132025
1132048
1132080
1132119
1132157
1132193
1132232
1132258
1132280
1132317
1132354
1132392
1132424
1132451
1132483
1132510
1132541
1132571
1132602
1132631
1132662
1132699
1132730
1132764
1132793
1132823
1132854
1132884
1132916
1132951
1132986
1133015
1133046
1133077
1133105
1133134
1133158
1133187
1133215
1133241
1133270
1133300
1133330
1133360
1133389
1133417
1133448
1133482
1133517
1133545
1133574
1133602
1133627
1133652
1133679
1133707
1133736
1133764
1133793
1133821
1133848
1133875
1133901
1133931
1133964
1133990
1134017
1134046
1134075
1134102
1134134
1134166
1134197
1134233
1134269
1134277
1134313
1134348
1134384
1134416
1134443
1134479
1134514
1134542
1134574
1134603
1134638
1134670
1134699
1134728
1134763
1134795
1134826
1134855
1134886
1134913
1134942
1134970
1135003
1135036
1135070
1135104
1135137
1135166
1135192
1135220
1135249
1135278
1135308
1135339
1135371
1135401
1135432
1135463
1135493
1135526
1135561
1135594
1135625
1135656
1135686
1135716
1135746
1135775
1135804
1135833
1135865
1135900
1135903
1135942
1135979
1136014
1136017
1136056
1136090
1136119
1136147
1136175
1136203
1136231
1136248
1136271
1136302
1136330
1136348
1136376
1136409
1136442
1136479
1136513
1136548
1136574
1136604
1136631
1136649
1136676
1136708
1136744
1136780
1136813
1136848
1136877
1136906
1136935
1136961
1136990
1137018
1137046
1137074
1137104
1137133
1137164
1137197
1137226
1137255
1137283
1137309
1137341
1137374
1137406
1137436
1137464
1137498
1137532
1137560
1137589
1137617
1137644
1137673
1137706
1137738
1137764
1137797
1137831
1137860
1137887
1137923
1137949
1137987
1138021
1138051
1138066
1138103
1138134
1138164
1138189
1138215
1138241
1138266
1138297
1138329
1138361
1138389
1138415
1138442
1138469
1138496
1138528
1138556
1138620
1138654
1138689
1138723
1138759
1138791
1138819
1138850
1138888
1138925
1138960
1138999
1139034
1139068
1139104
1139141
1139167
1139199
1139230
1139264
1139294
1139328
1139364
1139377
1139415
1139451
1139484
1139517
1139554
1139591
1139620
1139648
1139678
1139710
1139742
1139775
1139805
1139844
1139880
1139918
1139952
1139985
1140018
1140049
1140082
1140118
1140153
1140188
1140222
1140254
1140289
1140321
1140359
1140391
1140423
1140463
1140500
1140534
1140570
1140607
1140643
1140677
1140711
1140736
1140772
1140798
1140834
1140865
1140901
1140939
1140972
1141009
1141027
1141065
1141099
1141135
1141173
1141209
1141247
1141284
1141319
1141352
1141386
1141417
1141447
1141474
1141508
1141543
1141553
1141592
1141627
1141663
1141698
1141728
1141759
1141790
1141822
1141853
1141888
1141916
1141952
1141979
1142016
1142050
1142082
1142118
1142155
1142186
1142224
1142256
1142289
1142323
1142355
1142390
1142429
1142458
1142496
1142526
1142559
1142592
1142622
1142660
1142680
1142716
1142749
1142786
1142817
1142847
1142876
1142905
1142935
1142967
1142999
1143034
1143059
1143092
1143123
1143153
1143187
1143220
1143251
1143287
1143318
1143348
1143378
1143408
1143438
1143471
1143505
1143540
1143571
1143604
1143637
1143667
1143700
1143735
1143767
1143778
1143816
1143833
1143870
1143902
1143933
1143957
1143995
1144033
1144069
1144100
1144119
1144157
1144186
1144221
1144231
1144266
1144300
1144329
1144366
1144400
1144417
1144426
1144462
1144496
1144530
1144566
1144601
1144636
1144671
1144704
1144738
1144772
1144804
1144839
1144872
1144904
1144938
1144973
1145007
1145037
1145066
1145096
1145130
1145164
1145198
1145231
1145263
1145294
1145327
1145354
1145387
1145418
1145450
1145482
1145510
1145543
1145571
1145602
1145634
1145664
1145694
1145724
1145757
1145791
1145820
1145851
1145881
1145914
1145943
1145972
1145997
1146027
1146048
1146082
1146110
1146144
1146175
1146204
1146235
1146267
1146296
1146324
1146353
1146382
1146413
1146446
1146477
1146508
1146541
1146573
1146604
1146636
1146667
1146695
1146726
1146754
1146786
1146819
1146852
1146882
1146912
1146941
1146969
1146996
1147023
1147051
1147083
1147116
1147139
1147172
1147203
1147239
1147277
1147286
1147326
1147363
1147400
1147436
1147464
1147494
1147521
1147552
1147579
1147606
1147632
1147659
1147688
1147725
1147744
1147782
1147816
1147841
1147879
1147906
1147932
1147961
1147990
1148017
1148045
1148073
1148098
1148126
1148153
1148180
1148209
1148236
1148261
1148288
1148316
1148344
1148371
1148398
1148427
1148445
1148477
1148500
1148531
1148557
1148583
1148617
1148652
1148687
1148713
1148739
1148765
1148789
1148815
1148841
1148867
1148892
1148916
1148943
1148966
1148992
1149019
1149045
1149070
1149096
1149122
1149147
1149174
1149201
1149227
1149260
1149295
1149327
1149353
1149378
1149404
1149431
1149458
1149485
1149518
1149547
1149576
1149607
1149628
1149662
1149687
1149713
1149742
1149768
1149796
1149822
1149848
1149875
1149903
1149933
1149963
1149992
1150022
1150054
1150085
1150115
1150148
1150178
1150196
1150232
1150265
1150298
1150336
1150365
1150396
1150427
1150455
1150487
1150519
1150546
1150577
1150606
1150633
1150665
1150697
1150729
1150766
1150801
1150831
1150866
1150901
1150933
1150961
1150994
1151028
1151050
1151082
1151118
1151153
1151187
1151206
1151243
1151276
1151309
1151338
1151374
1151409
1151443
1151476
1151507
1151538
1151568
1151603
1151616
1151652
1151687
1151700
1151736
1151771
1151807
1151846
1151882
1151893
1151932
1151961
1151993
1152025
1152057
1152087
1152114
1152144
1152174
1152211
1152244
1152274
1152312
1152348
1152388
1152426
1152461
1152495
1152531
1152567
1152602
1152631
1152660
1152689
1152721
1152753
1152782
1152810
1152843
1152878
1152912
1152945
1152977
1153011
1153045
1153080
1153113
1153148
1153181
1153213
1153247
1153276
1153304
1153331
1153358
1153384
1153412
1153440
1153470
1153500
1153531
1153563
1153593
1153622
1153648
1153680
1153714
1153739
1153772
1153800
1153828
1153855
1153881
1153910
1153939
1153966
1153993
1154021
1154050
1154080
1154108
1154138
1154168
1154196
1154224
1154252
1154280
1154307
1154336
1154366
1154393
1154421
1154448
1154476
1154504
1154532
1154561
1154591
1154622
1154648
1154682
1154714
1154751
1154786
1154820
1154855
1154890
1154924
1154953
1154982
1155010
1155038
1155067
1155096
1155132
1155166
1155193
1155222
1155255
1155288
1155318
1155347
1155373
1155403
1155435
1155467
1155495
1155527
1155559
1155589
1155622
1155651
1155680
1155709
1155739
1155767
1155796
1155826
1155853
1155882
1155911
1155941
1155970
1155998
1156026
1156052
1156080
1156110
1156142
1156174
1156205
1156233
1156261
1156289
1156317
1156343
1156372
1156403
1156435
1156438
1156477
1156494
1156523
1156554
1156586
1156589
1156628
1156662
1156697
1156730
1156764
1156789
1156810
1156824
1156847
1156873
1156896
1156919
1156955
1156988
1157019
1157058
1157074
1157110
1157141
1157152
1157188
1157225
1157263
1157303
1157339
1157374
1157408
1157441
1157476
1157512
1157546
1157581
1157615
1157647
1157683
1157719
1157753
1157780
1157808
1157833
1157862
1157894
1157926
1157961
1157994
1158027
1158044
1158077
1158106
1158135
1158165
1158201
1158235
1158274
1158309
1158344
1158359
1158397
1158426
1158457
1158488
1158516
1158545
1158577
1158611
1158644
1158678
1158710
1158733
1158768
1158802
1158825
1158860
1158885
1158912
1158936
1158961
1158990
1159006
1159032
1159060
1159088
1159115
1159145
1159171
1159200
1159213
1159243
1159267
1159280
1159310
1159331
1159361
1159391
1159421
1159447
1159472
1159501
1159526
1159554
1159579
1159603
1159630
1159660
1159688
1159713
1159738
1159766
1159794
1159821
1159841
1159870
1159898
1159912
1159942
1159968
1159988
1160015
1160044
1160059
1160086
1160115
1160144
1160169
1160204
1160234
1160265
1160299
1160323
1160356
1160384
1160417
1160450
1160480
1160511
1160536
1160564
1160589
1160621
1160653
1160684
1160717
1160746
1160772
1160799
1160828
1160859
1160892
1160923
1160952
1160981
1161008
1161037
1161056
1161090
1161119
1161151
1161180
1161210
1161223
1161251
1161285
1161314
1161348
1161376
1161404
1161438
1161469
1161500
1161526
1161554
1161580
1161607
1161629
1161665
1161696
1161731
1161765
1161804
1161839
1161876
1161906
1161943
1161965
1162002
1162037
1162067
1162101
1162129
1162157
1162187
1162214
1162241
1162269
1162298
1162327
1162356
1162391
1162423
1162430
1162467
1162502
1162536
1162571
1162607
1162643
1162671
1162698
1162724
1162751
1162779
1162806
1162834
1162861
1162887
1162914
1162942
1162970
1162998
1163026
1163053
1163079
1163106
1163132
1163159
1163186
1163217
1163244
1163271
1163298
1163325
1163349
1163376
1163406
1163438
1163469
1163503
1163538
1163564
1163593
1163619
1163646
1163673
1163700
1163726
1163752
1163778
1163804
1163831
1163860
1163887
1163913
1163942
1163973
1164000
1164027
1164057
1164091
1164117
1164154
1164188
1164214
1164251
1164282
1164314
1164349
1164385
1164422
1164452
1164481
1164506
1164536
1164567
1164598
1164624
1164659
1164689
1164722
1164748
1164775
1164804
1164833
1164861
1164889
1164918
1164947
1164975
1165001
1165027
1165054
1165081
1165111
1165141
1165169
1165201
1165233
1165268
1165303
1165338
1165363
1165398
1165433
1165457
1165487
1165518
1165547
1165557
1165592
1165613
1165643
1165674
1165703
1165713
1165748
1165780
1165812
1165840
1165865
1165892
1165921
1165948
1165975
1166000
1166027
1166054
1166083
1166106
1166138
1166168
1166200
1166228
1166257
1166292
1166324
1166352
1166381
1166415
1166448
1166482
1166514
1166543
1166577
1166613
1166650
1166687
1166723
1166749
1166775
1166805
1166834
1166863
1166890
1166917
1166942
1166969
1166999
1167029
1167058
1167086
1167114
1167144
1167172
1167201
1167222
1167255
1167281
1167315
1167343
1167372
1167399
1167421
1167456
1167491
1167523
1167560
1167593
1167622
1167656
1167688
1167725
1167758
1167785
1167814
1167840
1167867
1167896
1167923
1167950
1167977
1168004
1168032
1168061
1168087
1168116
1168143
1168169
1168198
1168227
1168254
1168282
1168310
1168336
1168363
1168392
1168428
1168459
1168495
1168532
1168567
1168602
1168637
1168669
1168698
1168723
1168759
1168795
1168825
1168860
1168886
1168915
1168946
1168976
1169007
1169037
1169066
1169093
1169124
1169155
1169185
1169215
1169245
1169274
1169302
1169334
1169366
1169398
1169430
1169458
1169487
1169518
1169549
1169583
1169617
1169648
1169678
1169708
1169737
1169769
1169800
1169832
1169863
1169898
1169933
1169969
1169999
1170010
1170040
1170074
1170111
1170144
1170178
1170211
1170243
1170277
1170309
1170341
1170375
1170410
1170443
1170473
1170503
1170531
1170562
1170593
1170623
1170651
1170680
1170711
1170748
1170784
1170812
1170844
1170880
1170902
1170937
1170967
1171000
1171029
1171056
1171083
1171111
1171142
1171172
1171201
1171229
1171250
1171284
1171312
1171341
1171354
1171388
1171416
1171446
1171474
1171506
1171536
1171563
1171594
1171624
1171650
1171676
1171703
1171732
1171762
1171791
1171818
1171847
1171878
1171910
1171942
1171970
1171999
1172029
1172057
1172084
1172114
1172144
1172172
1172206
1172231
1172268
1172301
1172331
1172342
1172379
1172406
1172434
1172471
1172484
1172524
1172562
1172599
1172639
1172671
1172704
1172738
1172775
1172807
1172842
1172856
1172893
1172923
1172957
1172992
1173016
1173051
1173076
1173109
1173118
1173156
1173191
1173226
1173262
1173284
1173323
1173350
1173376
1173409
1173440
1173468
1173495
1173523
1173554
1173585
1173619
1173647
1173678
1173709
1173739
1173771
1173802
1173830
1173858
1173887
1173919
1173947
1173974
1174000
1174028
1174055
1174081
1174108
1174135
1174164
1174187
1174216
1174246
1174275
1174304
1174335
1174364
1174393
1174421
1174449
1174476
1174504
1174533
1174567
1174606
1174645
1174675
1174706
1174737
1174772
1174807
1174833
1174850
1174880
1174914
1174951
1174971
1175000
1175033
1175068
1175089
1175118
1175155
1175189
1175222
1175255
1175289
1175326
1175346
1175375
1175408
1175442
1175463
1175492
1175529
1175563
1175596
1175625
1175655
1175684
1175710
1175738
1175764
1175797
1175829
1175856
1175884
1175914
1175943
1175970
1175999
1176037
1176066
1176105
1176138
1176173
1176202
1176241
1176277
1176304
1176332
1176359
1176384
1176410
1176438
1176467
1176496
1176520
1176549
1176579
1176610
1176640
1176668
1176700
1176733
1176761
1176788
1176814
1176841
1176868
1176896
1176921
1176956
1176992
1177024
1177056
1177088
1177116
1177143
1177169
1177200
1177232
1177249
1177281
1177314
1177353
1177390
1177418
1177447
1177476
1177503
1177538
1177576
1177611
1177633
1177671
1177706
1177741
1177775
1177807
1177839
1177871
1177902
1177933
1177965
1177998
1178028
1178060
1178091
1178118
1178148
1178184
1178212
1178241
1178277
1178299
1178333
1178360
1178389
1178424
1178450
1178478
1178516
1178552
1178585
1178617
1178649
1178679
1178709
1178741
1178773
1178805
1178836
1178868
1178899
1178933
1178952
1178989
1179025
1179062
1179094
1179125
1179155
1179186
1179217
1179249
1179279
1179307
1179335
1179366
1179396
1179423
1179450
1179481
1179508
1179547
1179585
1179614
1179641
1179669
1179696
1179725
1179754
1179782
1179812
1179846
1179883
1179920
1179955
1179983
1180021
1180048
1180077
1180101
1180132
1180163
1180196
1180230
1180267
1180297
1180335
1180370
1180406
1180440
1180469
1180507
1180540
1180578
1180606
1180636
1180668
1180699
1180730
1180765
1180798
1180835
1180873
1180905
1180939
1180972
1181008
1181046
1181079
1181108
1181137
1181169
1181202
1181232
1181266
1181292
1181328
1181366
1181393
1181428
1181465
1181503
1181535
1181558
1181593
1181627
1181661
1181695
1181720
1181751
1181779
1181807
1181836
1181861
1181895
1181918
1181956
1181992
1182024
1182062
1182093
1182124
1182156
1182185
1182216
1182247
1182313
1182394
1182459
1182495
1182526
1182558
1182589
1182619
1182651
1182684
1182715
1182745
1182776
1182806
1182837
1182870
1182901
1182932
1182964
1182995
1183028
1183061
1183093
1183124
1183154
1183183
1183219
1183245
1183277
1183316
1183353
1183382
1183419
1183457
1183480
1183513
1183548
1183579
1183603
1183638
1183670
1183708
1183744
1183785
1183818
1183852
1183888
1183925
1183964
1184000
1184036
1184072
1184108
1184500
1184534
1184564
1184599
1184633
1184671
1184703
1184734
1184763
1184794
1184827
1184858
1184888
1184922
1184957
1184992
1185028
1185060
1185091
1185123
1185154
1185187
1185217
1185251
1185278
1185298
1185334
1185369
1185405
1185441
1185472
1185504
1185533
1185562
1185592
1185621
1185650
1185680
1185710
1185742
1185801
1185831
1185854
1185880
1185914
1185931
1185964
1185991
1186021
1186053
1186083
1186118
1186153
1186184
1186284
1186320
1186350
1186383
1186414
1186448
1186483
1186518
1186548
1186581
1186611
1186641
1186671
1186703
1186736
1186766
1186797
1186830
1186861
1186891
1186923
1186955
1186985
1187016
1187046
1187074
1187103
1187133
1187162
1187192
1187223
1187247
1187277
1187311
1187346
1187380
1187417
1187450
1187485
1187520
1187554
1187591
1187627
1187663
1187694
1187728
1187756
1187787
1187819
1187850
1187887
1187900
1187937
1187973
1187992
1188029
1188060
1188092
1188124
1188151
1188183
1188214
1188216
1188254
1188288
1188319
1188333
1188335
1188373
1188404
1188429
1188460
1188492
1188526
1188561
1188595
1188632
1188652
1188678
1188710
1188736
1188761
1188794
1188826
1188861
1188890
1188928
1188966
1188998
1189031
1189064
1189100
1189136
1189171
1189208
1189241
1189270
1189302
1189335
1189366
1189398
1189429
1189461
1189496
1189533
1189563
1189596
1189632
1189670
1189704
1189727
1189765
1189792
1189826
1189864
1189902
1189935
1189968
1190004
1190041
1190077
1190109
1190138
1190167
1190196
1190229
1190264
1190289
1190323
1190350
1190381
1190416
1190450
1190478
1190507
1190539
1190573
1190605
1190642
1190679
1190712
1190744
1190776
1190801
1190833
1190865
1190882
1190919
1190951
1190983
1191010
1191043
1191075
1191107
1191132
1191159
1191190
1191210
1191246
1191277
1191307
1191342
1191376
1191410
1191443
1191474
1191509
1191544
1191584
1191620
1191641
1191681
1191713
1191751
1191754
1191792
1191829
1191840
1191878
1191905
1191937
1191968
1192002
1192040
1192065
1192102
1192137
1192149
1192186
1192221
1192233
1192270
1192295
1192330
1192358
1192393
1192426
1192457
1192475
1192510
1192540
1192573
1192587
1192625
1192645
1192684
1192717
1192755
1192793
1192832
1192872
1192908
1192945
1192982
1193016
1193028
1193066
1193098
1193135
1193174
1193209
1193247
1193284
1193319
1193346
1193382
1193418
1193449
1193477
1193507
1193538
1193569
1193600
1193632
1193663
1193695
1193730
1193768
1193799
1193835
1193863
1193893
1193925
1193962
1194000
1194029
1194059
1194090
1194122
1194152
1194181
1194211
1194243
1194276
1194307
1194336
1194364
1194395
1194429
1194462
1194495
1194527
1194560
1194590
1194623
1194650
1194684
1194718
1194738
1194775
1194805
1194833
1194866
1194889
1194922
1194953
1194984
1195020
1195057
1195083
1195121
1195149
1195181
1195211
1195245
1195279
1195300
1195337
1195374
1195412
1195441
1195470
1195506
1195535
1195571
1195606
1195637
1195661
1195697
1195736
1195775
1195806
1195840
1195874
1195908
1195935
1195972
1196011
1196048
1196077
1196107
1196135
1196170
1196199
1196233
1196268
1196303
1196336
1196370
1196399
1196433
1196467
1196502
1196537
1196570
1196598
1196626
1196658
1196688
1196718
1196755
1196793
1196824
1196854
1196885
1196917
1196948
1196978
1197009
1197035
1197065
1197095
1197123
1197152
1197181
1197213
1197242
1197269
1197298
1197328
1197361
1197394
1197425
1197456
1197488
1197524
1197561
1197596
1197630
1197660
1197688
1197722
1197756
1197794
1197827
1197856
1197871
1197908
1197938
1197968
1198000
1198030
1198060
1198089
1198122
1198159
1198191
1198223
1198255
1198292
1198329
1198365
1198401
1198425
1198453
1198483
1198515
1198549
1198583
1198617
1198653
1198688
1198726
1198758
1198792
1198828
1198862
1198900
1198936
1198969
1199006
1199037
1199074
1199106
1199127
1199159
1199191
1199212
1199247
1199280
1199314
1199348
1199378
1199409
1199440
1199472
1199504
1199537
1199571
1199603
1199636
1199670
1199706
1199739
1199768
1199798
1199835
1199871
1199903
1199939
1199975
1200006
1200039
1200070
1200103
1200136
1200165
1200198
1200236
1200259
1200298
1200336
1200368
1200407
1200441
1200473
1200510
1200549
1200585
1200623
1200653
1200684
1200717
1200749
1200780
1200815
1200850
1202568
1238318
1328079
1328773
1328805
1328838
1328871
1328906
1329284
1329311
1330077
1330107
1330139
1330172
1330331
1330363
1330400
1330466
1332091
1332122
1332154
1332187
1332504
1332535
1333032
1333064
1333094
1333123
1333532
1333563
1337803
1338105
1338143
1340023
1340270
1340428
1340462
1342038
1342075
1342110
1342323
1342390
1342424
1342461
1342497
1342534
1342571
1342608
1342643
1342679
1342713
1342749
1342855
1342888
1343051
1343179
1343470
1369371
1382794
1382840
1577906
1748879
1748918
1748956
1748997
1749038
1749075
1749108
1749131
1749172
1749216
1749252
1749278
1749321
1749359
1749393
1749429
1749495
1749536
1749570
1749592
1749633
1749675
1749700
1749743
1749785
1749826
1749869
1749908
1749950
1749992
1750029
1750065
1750146
1750178
1750219
1750257
1750282
1750317
1750359
1750403
1750438
1750450
1750493
1750535
1750571
1750594
1750732
1750764
1750818
1750880
1750949
1750979
1751020
1751059
1751082
1751124
1751157
1751196
1751237
1751280
1751319
1751362
1751404
1751448
1751489
1751529
1751570
1751594
1751632
1751671
1751701
1751743
1751782
1751826
1751852
1751895
1751930
1751954
1751999
1752041
1752086
1752129
1752175
1752195
1752221
1752267
1752287
1752329
1752360
1752401
1752439
1752459
1752500
1752514
1752549
1752588
1752623
1752643
1752672
1752701
1752742
1752777
1752817
1752853
1752889
1752953
1752990
1753029
1753070
1753102
1753144
1753177
1753218
1753233
1753271
1753306
1753341
1753368
1753407
1753451
1753488
1753531
1753570
1753609
1753654
1753696
1753736
1753762
1753787
1753825
1753864
1753905
1753940
1753983
1754024
1754039
1754081
1754127
1754173
1754197
1754231
1754272
1754312
1754357
1754396
1754421
1754454
1754496
1754518
1754560
1754600
1754642
1754683
1754704
1754737
1754780
1754810
1754832
1754876
1754920
1754956
1755000
1755045
1755090
1755131
1755166
1755203
1755244
1755263
1755303
1755343
1755371
1755405
1755436
1755471
1755490
1755531
1755571
1755602
1755635
1755667
1755692
1755734
1755745
1755784
1755795
1755835
1755880
1755926
1755943
1755986
1756022
1756065
1756102
1756129
1756166
1756203
1756238
1756279
1756321
1756337
1756378
1756403
1756442
1756478
1756512
1756548
1756570
1756596
1756638
1756678
1756710
1756747
1756788
1756830
1756857
1756895
1756933
1756967
1756998
1757024
1757061
1757105
1757147
1757185
1757228
1757255
1757295
1757309
1757348
1757389
1757429
1757455
1757497
1757542
1757582
1757623
1757663
1757700
1757743
1757777
1757813
1757851
1757894
1757937
1757972
1758013
1758032
1758076
1758121
1758148
1758189
1758229
1758261
1758301
1758327
1758369
1758407
1758433
1758473
1758518
1758530
1758566
1758606
1758646
1758655
1758698
1758741
1758771
1758815
1758856
1758889
1758933
1758963
1759006
1759050
1759077
1759120
1759144
1759187
1759223
1759265
1759308
1759350
1759394
1759422
1759449
1759471
1759504
1759543
1759585
1759619
1759658
1759698
1759720
1759768
1759811
1759841
1759868
1759906
1759950
1759984
1760009
1760053
1760098
1760141
1760166
1760202
1760223
1760267
1760304
1760344
1760373
1760408
1760451
1760481
1760524
1760549
1760584
1760628
1760666
1760700
1760743
1760785
1760826
1760867
1760897
1760936
1760974
1761013
1761038
1761079
1761117
1761155
1761197
1761236
1761263
1761300
1761326
1761368
1761412
1761500
1761537
1761582
1761622
1761665
1761704
1761740
1761781
1761820
1761851
1761881
1761911
1761949
1761988
1762028
1762056
1762076
1762117
1762142
1762184
1762211
1762256
1762297
1762342
1762383
1762427
1762469
1762512
1762556
1762592
1762637
1762680
1762707
1762741
1762767
1762803
1762842
1762878
1762901
1762940
1762980
1763015
1763056
1763069
1763112
1763147
1763181
1763218
1763262
1763303
1763333
1763370
1763399
1763440
1763484
1763499
1763538
1763564
1763606
1763624
1763664
1763693
1763737
1763780
1763821
1763847
1763875
1763917
1763957
1764016
1764051
1764082
1764155
1764257
1764299
1764341
1764385
1764414
1764448
1764489
1764526
1764569
1764604
1764636
1764663
1764692
1764722
1764754
1764784
1764820
1764847
1764883
1764924
1764962
1764999
1765033
1765056
1765098
1765136
1765165
1765208
1765251
1765291
1765334
1765379
1765419
1765456
1765500
1765514
1765555
1765586
1765614
1765641
1765680
1765698
1765737
1765755
1765791
1765829
1765872
1765912
1765938
1765980
1766020
1766044
1766084
1766115
1766148
1766189
1766226
1766265
1766306
1766315
1766358
1766397
1766435
1766448
1766481
1766508
1766548
1766570
1766612
1766641
1766720
1766758
1766797
1766832
1766874
1766897
1766932
1766969
1767004
1767046
1767087
1767125
1767164
1767178
1767217
1767247
1767290
1767326
1767358
1767370
1767408
1767440
1767522
1767562
1767574
1767614
1767633
1767671
1767697
1767731
1767773
1767790
1767870
1767910
1767953
1767972
1768000
1768033
1768074
1768112
1768147
1768191
1768217
1768259
1768290
1768335
1768367
1768394
1768432
1768452
1768498
1768506
1768548
1768577
1768623
1768663
1768699
1768735
1768774
1768818
1768848
1768884
1768917
1768948
1768991
1769033
1769073
1769115
1769156
1769197
1769226
1769263
1769282
1769325
1769358
1769395
1769430
1769462
1769504
1769547
1769578
1769622
1769661
1769704
1769747
1769790
1769825
1769867
1769908
1769935
1769978
1770006
1770037
1770078
1770118
1770156
1770167
1770211
1770252
1770288
1770314
1770352
1770379
1770417
1770450
1770493
1770530
1770562
1770589
1770614
1770649
1770692
1770731
1770764
1770784
1770810
1770842
1770883
1770914
1770934
1770975
1770990
1771029
1771052
1771087
1771116
1771160
1771174
1771219
1771261
1771298
1771337
1771378
1771420
1771465
1771506
1771538
1771577
1771617
1771647
1771678
1771711
1771740
1771777
1771818
1771859
1771878
1771919
1771949
1771988
1772032
1772046
1772089
1772131
1772165
1772203
1772247
1772283
1772320
1772365
1772409
1772454
1772499
1772533
1772577
1772606
1772644
1772685
1772720
1772766
1772809
1772841
1772878
1772917
1772947
1772980
1773024
1773061
1773099
1773143
1773186
1773229
1773275
1773311
1773356
1773365
1773409
1773452
1773494
1773539
1773577
1773618
1773657
1773698
1773739
1773778
1773813
1773856
1773898
1773933
1773969
1774011
1774048
1774088
1774129
1774168
1774195
1774225
1774260
1774303
1774342
1774376
1774399
1774427
1774469
1774510
1774545
1774585
1774625
1774668
1774692
1774734
1774765
1774801
1774839
1774880
1774905
1774930
1774967
1775003
1775041
1775082
1775112
1775152
1775169
1775199
1775242
1775284
1775324
1775336
1775365
1775390
1775431
1775472
1775511
1775555
1775595
1775637
1775648
1775686
1775705
1775742
1775769
1775801
1775820
1775852
1775895
1775933
1775975
1776000
1776041
1776078
1776097
1776135
1776175
1776204
1776235
1776263
1776305
1776386
1776425
1776460
1776502
1776542
1776581
1776620
1776660
1776701
1776758
1776800
1776826
1776868
1776885
1776923
1776938
1776976
1777005
1777038
1777075
1777117
1777143
1777183
1777213
1777251
1777288
1777330
1777364
1777401
1777444
1777482
1777519
1777537
1777570
1777614
1777651
1777689
1777725
1777765
1777802
1777840
1777875
1777921
1777962
1778003
1778044
1778078
1778119
1778159
1778194
1778229
1778265
1778296
1778337
1778374
1778411
1778448
1778486
1778522
1778559
1778597
1778636
1778650
1778687
1778701
1778734
1778761
1778800
1778835
1778875
1778914
1778951
1778981
1779002
1779040
1779073
1779097
1779133
1779166
1779206
1779242
1779285
1779310
1779344
1779369
1779406
1779470
1779510
1779527
1779563
1779613
1779652
1779717
1779752
1779776
1779814
1779852
1779887
1779928
1779968
1780028
1780062
1780101
1780144
1780172
1780210
1780225
1780266
1780305
1780337
1780363
1780400
1780423
1780455
1780495
1780518
1780550
1780622
1780659
1780698
1780774
1780819
1780860
1780869
1780912
1780941
1780964
1780993
1781036
1781071
1781112
1781135
1781173
1781212
1781255
1781297
1781329
1781346
1781384
1781397
1781428
1781462
1781483
1781522
1781559
1781588
1781623
1781655
1781697
1781735
1781780
1781822
1781864
1781904
1781947
1781989
1782031
1782065
1782091
1782118
1782155
1782196
1782238
1782275
1782312
1782332
1782369
1782399
1782441
1782462
1782497
1782537
1782564
1782594
1782628
1782669
1782712
1782747
1782780
1782824
1782834
1782879
1782909
1782948
1782992
1783032
1783072
1783116
1783157
1783198
1783233
1783264
1783292
1783332
1783354
1783394
1783433
1783470
1783510
1783554
1783588
1783626
1783662
1783702
1783744
1783785
1783860
1783886
1783925
1783962
1784001
1784027
1784065
1784107
1784148
1784183
1784223
1784261
1784284
1784325
1784359
1784391
1784430
1784440
1784479
1784496
1784529
1784557
1784582
1784623
1784664
1784696
1784780
1784844
1784881
1784916
1784950
1784980
1785014
1785053
1785062
1785103
1785137
1785174
1785199
1785239
1785261
1785288
1785332
1785366
1785409
1785438
1785480
1785491
1785527
1785568
1785610
1785653
1785696
1785766
1785805
1785819
1785863
1785893
1785933
1785948
1785986
1786041
1786077
1786118
1786159
1786200
1786230
1786270
1786302
1786343
1786370
1786412
1786449
1786493
1786522
1786565
1786606
1786636
1786667
1786693
1786735
1786780
1786810
1786849
1786876
1786914
1786953
1786979
1787021
1787062
1787101
1787143
1787167
1787205
1787241
1787261
1787294
1787337
1787381
1787417
1787448
1787487
1787517
1787556
1787584
1787620
1787644
1787685
1787717
1787755
1787786
1787827
1787866
1787943
1787983
1788024
1788063
1788103
1788142
1788181
1788243
1788273
1788314
1788343
1788391
1788428
1788463
1788489
1788512
1788550
1788616
1788655
1788694
1788731
1788763
1788803
1788833
1788864
1788905
1788947
1788969
1789005
1789020
1789057
1789135
1789171
1789186
1789220
1789249
1789288
1789326
1789356
1789399
1789432
1789456
1789492
1789502
1789537
1789579
1789609
1789652
1789691
1789719
1789756
1789793
1789834
1789863
1789887
1789925
1789964
1790001
1790019
1790056
1790089
1790132
1790168
1790203
1790219
1790307
1790354
1790425
1790454
1790584
1790620
1790656
1790698
1790760
1790799
1790840
1790877
1790911
1790948
1790987
1791010
1791050
1791076
1791096
1791136
1791169
1791197
1791230
1791272
1791311
1791352
1791392
1791431
1791473
1791512
1791552
1791578
1791602
1791643
1791673
1791722
1791752
1791791
1791815
1791851
1791879
1791916
1791939
1791969
1792010
1792053
1792090
1792126
1792163
1792204
1792247
1792287
1792329
1792368
1792408
1792442
1792477
1792519
1792551
1792588
1792629
1792670
1792713
1792753
1792791
1792827
1792871
1792902
1792934
1792958
1792995
1793029
1793073
1793110
1793149
1793191
1793218
1793257
1793283
1793314
1793353
1793395
1793432
1793461
1793498
1793540
1793576
1793611
1793641
1793705
1793836
1793876
1793898
1793928
1793997
1794173
1794239
1794279
1794303
1794343
1794363
1794403
1794445
1794483
1794525
1794569
1794610
1794650
1794673
1794713
1794749
1794816
1794855
1794878
1794907
1794972
1795010
1795025
1795063
1795103
1795134
1795175
1795204
1795229
1795270
1795309
1795340
1795372
1795415
1795472
1795502
1795529
1795569
1795611
1795639
1795676
1795708
1795742
1795772
1795811
1795838
1795882
1795921
1795963
1796003
1796045
1796079
1796116
1796124
1796199
1796241
1796301
1796338
1796359
1796394
1796417
1796461
1796487
1796527
1796550
1796587
1796628
1796651
1796696
1796732
1796784
1796821
1796855
1796888
1796926
1796962
1796992
1797032
1797073
1797115
1797155
1797181
1797211
1797235
1797272
1797306
1797347
1797380
1797403
1797444
1797483
1797520
1797555
1797596
1797640
1797682
1797722
1797780
1797817
1797886
1797910
1797946
1797988
1798030
1798042
1798108
1798152
1798176
1798208
1798248
1798272
1798313
1798354
1798391
1798431
1798461
1798497
1798505
1798547
1798583
1798626
1798655
1798691
1798717
1798741
1798779
1798818
1798854
1798896
1798939
1798978
1799019
1799062
1799094
1799129
1799165
1799188
1799229
1799271
1799297
1799340
1799382
1799421
1799460
1799502
1799529
1799564
1799599
1799621
1799662
1799699
1799731
1799768
1799808
1799872
1799899
1799937
1799972
1800013
1800050
1800090
1800114
1800154
1800186
1800214
1800252
1800368
1800406
1800446
1800486
1800585
1800622
1800660
1800697
1800720
1800757
1800809
1800847
1801134
1801147
1801179
1801397
1801483
1801523
1801561
1801630
1801685
1801865
1802126
1802166
1802204
1802241
1802277
1802309
1802333
1802363
1802404
1802411
1802455
1802497
1802525
1802545
1802580
1802616
1802641
1802678
1802749
1802787
1802828
1802868
1802909
1802949
1802988
1803031
1803047
1803083
1803123
1803166
1803210
1803251
1803291
1803333
1803368
1803408
1803432
1803474
1803496
1803524
1803561
1803583
1803628
1803662
1803699
1803735
1803779
1803813
1803841
1803880
1803920
1803927
1803965
1803999
1804039
1804080
1804120
1804156
1804197
1804240
1804253
1804298
1804322
1804362
1804403
1804411
1804455
1804495
1804522
1804563
1804605
1804639
1804680
1804718
1804751
1804778
1804817
1804853
1804887
1804923
1804952
1804986
1805023
1805052
1805091
1805131
1805168
1805209
1805251
1805287
1805328
1805371
1805415
1805458
1805474
1805511
1805544
1805573
1805613
1805635
1805678
1805721
1805759
1805778
1805821
1805861
1805897
1805920
1805967
1805997
1806038
1806077
1806098
1806136
1806170
1806210
1806243
1806279
1806301
1806331
1806369
1806428
1806463
1806501
1806537
1806569
1806588
1806622
1806662
1806703
1806732
1806768
1806809
1806847
1806883
1806925
1806966
1807005
1807047
1807082
1807119
1807160
1807198
1807230
1807274
1807315
1807355
1807398
1807435
1807461
1807501
1807537
1807577
1807617
1807648
1807669
1807709
1807748
1807782
1807810
1807853
1807889
1807931
1807971
1807992
1808028
1808066
1808086
1808127
1808168
1808206
1808243
1808273
1808317
1808344
1808384
1808436
1808476
1808520
1808558
1808602
1808624
1808667
1808703
1808740
1808784
1808821
1808838
1808882
1808925
1808965
1809010
1809037
1809070
1809111
1809142
1809168
1809200
1809235
1809279
1809316
1809356
1809400
1809427
1809471
1809513
1809533
1809571
1809609
1809636
1809677
1809717
1809754
1809792
1809831
1809870
1809911
1809950
1809979
1810005
1810044
1810082
1810122
1810162
1810201
1810226
1810243
1810321
1810345
1810382
1810403
1810442
1810482
1810522
1810554
1810587
1810618
1810648
1810684
1810719
1810760
1810801
1810841
1810877
1810905
1810944
1810957
1810993
1811005
1811044
1811084
1811119
1811157
1811194
1811236
1811276
1811312
1811342
1811381
1811403
1811437
1811474
1811513
1811554
1811577
1811615
1811654
1811682
1811722
1811734
1811766
1811795
1811837
1811867
1811910
1811948
1811988
1812023
1812047
1812071
1812096
1812138
1812184
1812218
1812254
1812293
1812328
1812362
1812407
1812447
1812482
1812513
1812546
1812583
1812613
1812651
1812681
1812704
1812741
1812772
1812807
1812847
1812887
1812929
1812968
1813004
1813016
1813057
1813087
1813128
1813154
1813185
1813208
1813251
1813294
1813336
1813365
1813407
1813433
1813472
1813511
1813541
1813578
1813597
1813638
1813646
1813689
1813704
1813739
1813781
1813822
1813855
1813900
1813942
1813963
1814006
1814049
1814087
1814133
1814161
1814201
1814234
1814272
1814308
1814342
1814378
1814408
1814441
1814471
1814500
1814542
1814567
1814606
1814641
1814660
1814701
1814755
1814793
1814822
1814859
1814899
1814934
1814970
1814992
1815015
1815048
1815087
1815121
1815153
1815177
1815219
1815240
1815270
1815305
1815346
1815388
1815426
1815463
1815503
1815539
1815570
1815601
1815638
1815672
1815712
1815750
1815781
1815818
1815857
1815898
1815906
1815947
1815961
1815994
1816031
1816074
1816111
1816148
1816178
1816214
1816237
1816279
1816321
1816348
1816390
1816430
1816466
1816491
1816524
1816588
1816615
1816646
1816684
1816724
1816756
1816787
1816826
1816855
1816896
1816931
1816969
1817042
1817075
1817104
1817137
1817199
1817230
1817256
1817292
1817334
1817386
1817422
1817441
1817468
1817518
1817554
1817591
1817624
1817657
1817682
1817719
1817758
1817790
1817831
1817868
1817890
1817923
1817955
1817997
1818031
1818060
1818097
1818138
1818156
1818193
1818267
1818290
1818317
1818334
1818374
1818410
1818452
1818494
1818527
1818562
1818590
1818630
1818646
1818688
1818705
1818737
1818760
1818784
1818823
1818851
1818892
1818923
1818956
1818999
1819039
1819077
1819107
1819140
1819178
1819207
1819275
1819305
1819345
1819365
1819398
1819427
1819462
1819498
1819537
1819568
1819601
1819642
1819677
1819711
1819749
1819777
1819810
1819848
1819906
1819946
1819988
1820022
1820042
1820073
1820109
1820132
1820163
1820202
1820243
1820276
1820316
1820351
1820370
1820409
1820438
1820470
1820506
1820547
1820589
1820629
1820654
1820682
1820713
1820755
1820794
1820836
1820878
1820906
1820939
1820978
1821002
1821043
1821072
1821091
1821131
1821169
1821206
1821246
1821283
1821325
1821353
1821386
1821417
1821456
1821490
1821511
1821550
1821591
1821627
1821666
1821705
1821746
1821775
1821809
1821845
1821880
1821904
1821943
1821980
1822016
1822053
1822064
1822095
1822134
1822174
1822210
1822249
1822290
1822331
1822367
1822405
1822433
1822456
1822490
1822507
1822543
1822579
1822606
1822646
1822725
1822761
1822796
1822822
1822856
1822895
1822931
1822972
1823005
1823046
1823080
1823109
1823143
1823183
1823219
1823255
1823281
1823309
1823346
1823385
1823423
1823446
1823474
1823509
1823548
1823580
1823620
1823657
1823675
1823715
1823744
1823777
1823817
1823855
1823886
1823925
1823947
1823974
1824014
1824040
1824110
1824146
1824187
1824230
1824269
1824310
1824363
1824406
1824448
1824486
1824526
1824565
1824607
1824643
1824675
1824714
1824755
1824789
1824821
1824845
1824885
1824909
1824951
1824994
1825027
1825067
1825103
1825128
1825167
1825197
1825226
1825268
1825304
1825320
1825363
1825398
1825440
1825466
1825508
1825544
1825566
1825598
1825633
1825657
1825686
1825700
1825735
1825773
1825798
1825832
1825873
1825911
1825945
1825961
1825999
1826025
1826055
1826093
1826106
1826144
1826185
1826214
1826250
1826280
1826319
1826336
1826375
1826415
1826455
1826488
1826530
1826554
1826595
1826638
1826679
1826694
1826723
1826761
1826802
1826841
1826873
1826891
1826932
1826965
1826994
1827037
1827066
1827107
1827133
1827161
1827201
1827236
1827266
1827306
1827327
1827364
1827377
1827416
1827456
1827480
1827520
1827560
1827589
1827628
1827662
1827700
1827737
1827755
1827785
1827807
1827846
1827867
1827899
1827925
1827953
1827995
1828033
1828073
1828103
1828130
1828161
1828198
1828238
1828265
1828307
1828340
1828365
1828399
1828429
1828470
1828496
1828538
1828578
1828615
1828637
1828677
1828719
1828752
1828793
1828834
1828876
1828918
1828953
1828989
1829019
1829059
1829094
1829133
1829172
1829206
1829237
1829264
1829300
1829327
1829346
1829373
1829406
1829437
1829478
1829506
1829533
1829551
1829592
1829625
1829653
1829695
1829721
1829762
1829799
1829836
1829878
1829901
1829944
1829985
1830026
1830062
1830101
1830141
1830162
1830202
1830243
1830283
1830295
1830334
1830375
1830417
1830454
1830495
1830537
1830574
1830610
1830641
1830684
1830713
1830754
1830781
1830812
1830853
1830893
1830933
1830947
1830988
1831017
1831050
1831083
1831095
1831132
1831173
1831214
1831250
1831279
1831310
1831339
1831360
1831403
1831438
1831474
1831515
1831543
1831576
1831605
1831643
1831661
1831697
1831728
1831769
1831795
1831835
1831852
1831893
1831946
1831979
1832007
1832043
1832083
1832120
1832157
1832196
1832229
1832265
1832306
1832349
1832369
1832407
1832445
1832475
1832514
1832549
1832591
1832633
1832649
1832690
1832728
1832770
1832793
1832823
1832849
1832890
1832929
1832965
1832991
1833020
1833063
1833093
1833130
1833157
1833183
1833225
1833258
1833280
1833317
1833359
1833382
1833412
1833452
1833486
1833518
1833557
1833594
1833635
1833677
1833716
1833751
1833786
1833820
1833858
1833888
1833930
1833973
1834005
1834050
1834094
1834139
1834182
1834207
1834244
1834278
1834305
1834332
1834363
1834397
1834426
1834463
1834503
1834543
1834576
1834611
1834640
1834681
1834723
1834763
1834792
1834814
1834853
1834885
1834916
1834955
1834991
1835011
1835045
1835080
1835103
1835141
1835176
1835209
1835253
1835288
1835317
1835358
1835398
1835437
1835463
1835503
1835543
1835581
1835619
1835660
1835690
1835730
1835763
1835797
1835833
1835869
1835888
1835926
1835969
1836010
1836047
1836071
1836102
1836128
1836157
1836181
1836221
1836249
1836272
1836290
1836325
1836335
1836372
1836411
1836447
1836487
1836519
1836558
1836591
1836617
1836647
1836668
1836712
1836752
1836792
1836824
1836848
1836886
1836926
1836937
1836979
1837010
1837041
1837082
1837126
1837160
1837197
1837235
1837277
1837317
1837357
1837377
1837410
1837430
1837470
1837513
1837533
1837576
1837619
1837664
1837707
1837741
1837760
1837801
1837843
1837870
1837914
1837958
1837997
1838028
1838070
1838091
1838133
1838165
1838205
1838240
1838261
1838299
1838342
1838379
1838411
1838447
1838491
1838527
1838568
1838613
1838648
1838671
1838711
1838732
1838770
1838797
1838830
1838867
1838906
1838948
1838991
1839035
1839069
1839112
1839152
1839172
1839209
1839250
1839282
1839326
1839359
1839397
1839437
1839447
1839490
1839528
1839571
1839605
1839646
1839684
1839719
1839756
1839796
1839836
1839874
1839904
1839945
1839983
1840025
1840069
1840111
1840137
1840168
1840201
1840237
1840267
1840307
1840328
1840367
1840402
1840441
1840490
1840534
1840576
1840611
1840642
1840682
1840702
1840739
1840773
1840812
1840850
1840892
1840929
1841003
1841056
1841097
1841134
1841170
1841193
1841234
1841243
1841283
1841323
1841357
1841397
1841438
1841477
1841512
1841545
1841583
1841624
1841661
1841699
1841739
1841782
1841795
1841835
1841876
1841905
1841933
1841962
1842005
1842041
1842079
1842109
1842147
1842165
1842205
1842245
1842281
1842318
1842361
1842405
1842443
1842480
1842514
1842531
1842556
1842589
1842613
1842648
1842688
1842715
1842754
1842781
1842822
1842863
1842904
1842943
1842975
1843015
1843047
1843089
1843125
1843159
1843200
1843206
1843242
1843279
1843319
1843362
1843402
1843433
1843468
1843496
1843531
1843563
1843603
1843642
1843677
1843709
1843744
1843781
1843822
1843848
1843868
1843898
1843939
1843975
1844003
1844023
1844054
1844081
1844124
1844155
1844195
1844226
1844261
1844294
1844326
1844359
1844379
1844420
1844455
1844476
1844519
1844558
1844587
1844625
1844656
1844696
1844737
1844767
1844800
1844830
1844862
1844898
1844939
1844967
1845002
1845038
1845063
1845099
1845140
1845160
1845201
1845235
1845262
1845287
1845310
1845335
1845373
1845403
1845433
1845458
1845486
1845528
1845589
1845630
1845670
1845711
1845751
1845787
1845821
1845854
1845894
1845937
1845972
1846011
1846028
1846066
1846103
1846137
1846181
1846220
1846260
1846302
1846340
1846381
1846423
1846459
1846493
1846523
1846563
1846588
1846625
1846667
1846678
1846716
1846759
1846798
1846820
1846896
1846931
1846950
1846985
1847023
1847042
1847071
1847111
1847137
1847156
1847184
1847261
1847303
1847344
1847372
1847409
1847430
1847471
1847512
1847554
1847587
1847628
1847647
1847680
1847718
1847749
1847781
1847819
1847848
1847888
1847906
1847945
1848005
1848044
1848067
1848102
1848144
1848178
1848222
1848263
1848304
1848345
1848380
1848420
1848461
1848500
1848535
1848577
1848619
1848642
1848674
1848694
1848747
1848780
1848821
1848928
1848970
1848994
1849026
1849061
1849100
1849141
1849177
1849216
1849258
1849317
1849348
1849372
1849405
1849429
1849459
1849490
1849531
1849566
1849595
1849628
1849663
1849697
1849729
1849748
1849787
1849802
1849843
1849878
1849904
1849941
1849977
1850019
1850055
1850093
1850113
1850153
1850193
1850253
1850283
1850324
1850348
1850387
1850418
1850458
1850514
1850545
1850591
1850632
1850672
1850708
1850748
1850783
1850807
1850842
1850880
1850917
1850956
1850994
1851030
1851068
1851108
1851141
1851162
1851233
1851268
1851306
1851334
1851373
1851411
1851455
1851482
1851518
1851538
1851574
1851613
1851645
1851685
1851724
1851761
1851799
1851833
1851871
1851885
1851925
1851967
1852006
1852036
1852057
1852084
1852117
1852155
1852193
1852232
1852272
1852315
1852338
1852377
1852400
1852426
1852448
1852489
1852534
1852556
1852585
1852615
1852659
1852689
1852729
1852756
1852800
1852842
1852880
1852912
1852949
1852979
1853010
1853042
1853075
1853112
1853142
1853176
1853193
1853224
1853250
1853280
1853312
1853342
1853376
1853402
1853436
1853468
1853503
1853528
1853562
1853593
1853626
1853654
1853686
1853720
1853749
1853783
1853818
1853851
1853884
1853917
1853948
1853982
1854014
1854049
1854081
1854115
1854147
1854178
1854208
1854242
1854275
1854309
1854343
1854367
1854401
1854427
1854463
1854499
1854535
1854568
1854599
1854634
1854670
1854699
1854737
1854773
1854809
1854837
1854871
1854905
1854939
1854974
1855010
1855038
1855069
1855103
1855132
1855167
1855200
1855233
1855268
1855302
1855331
1855362
1855386
1855422
1855456
1855491
1855527
1855562
1855596
1855629
1855651
1855685
1855718
1855753
1855781
1855814
1855849
1855880
1855908
1855932
1855964
1855995
1856028
1856064
1856092
1856119
1856155
1856195
1856227
1856261
1856295
1856317
1856347
1856380
1856394
1856425
1856464
1856498
1856529
1856562
1856596
1856623
1856655
1856687
1856721
1856728
1856761
1856801
1856867
1856900
1856928
1856959
1856987
1857013
1857045
1857074
1857109
1857138
1857168
1857194
1857219
1857244
1857269
1857291
1857316
1857336
1857356
1857375
1857409
1857437
1857468
1857504
1857526
1857544
1857563
1857581
1857602
1857619
1857638
1857655
1857676
1857708
1857745
1857777
1857811
1857836
1857856
1857887
1857914
1857941
1857962
1857997
1858027
1858061
1858097
1858111
1858134
1858159
1858186
1858217
1858246
1858281
1858309
1858338
1858369
1858401
1858435
1858466
1858492
1858522
1858550
1858581
1858608
1858633
1858659
1858682
1858707
1858733
1858760
1858781
1858809
1858845
1858882
1858912
1858936
1858967
1858993
1859018
1859049
1859082
1859110
1859131
1859155
1859180
1859207
1859243
1859278
1859312
1859345
1859366
1859388
1859404
1859428
1859449
1859467
1859487
1859508
1859541
1859578
1859615
1859647
1859664
1859686
1859703
1859724
1859756
1859773
1859791
1859823
1859856
1859892
1859922
1859940
1859959
1859977
1859997
1860028
1860057
1860086
1860113
1860143
1860177
1860211
1860244
1860277
1860305
1860333
1860366
1860398
1860432
1860463
1860493
1860518
1860542
1860574
1860604
1860634
1860668
1860701
1860732
1860763
1860791
1860824
1860859
1860890
1860916
1860947
1860979
1861011
1861041
1861070
1861101
1861128
1861158
1861193
1861226
1861257
1861293
1861329
1861362
1861395
1861421
1861447
1861475
1861496
1861522
1861552
1861586
1861620
1861650
1861678
1861706
1861736
1861759
1861795
1861830
1861864
1861898
1861926
1861958
1861987
1862018
1862052
1862082
1862114
1862136
1862172
1862205
1862236
1862261
1862288
1862309
1862340
1862375
1862409
1862443
1862473
1862503
1862538
1862572
1862606
1862638
1862674
1862711
1862742
1862775
1862808
1862844
1862876
1862905
1862936
1862967
1862989
1863017
1863052
1863087
1863122
1863160
1863194
1863229
1863259
1863293
1863328
1863361
1863392
1863422
1863450
1863485
1863512
1863541
1863575
1863609
1863638
1863664
1863697
1863727
1863755
1863789
1863817
1863852
1863881
1863916
1863951
1863982
1864017
1864051
1864084
1864119
1864150
1864185
1864214
1864250
1864279
1864310
1864342
1864377
1864412
1864445
1864482
1864514
1864550
1864583
1864619
1864649
1864676
1864707
1864743
1864778
1864809
1864836
1864869
1864901
1864934
1864966
1864993
1865025
1865051
1865083
1865111
1865144
1865179
1865213
1865237
1865272
1865306
1865339
1865372
1865406
1865439
1865466
1865499
1865533
1865565
1865595
1865629
1865662
1865694
1865724
1865758
1865788
1865825
1865860
1865896
1865929
1865964
1865992
1866014
1866048
1866084
1866115
1866141
1866171
1866202
1866227
1866256
1866288
1866317
1866342
1866365
1866401
1866434
1866468
1866502
1866537
1866571
1866601
1866637
1866669
1866701
1866735
1866768
1866799
1866832
1866887
1866917
1866947
1866980
1867009
1867038
1867071
1867105
1867140
1867176
1867202
1867237
1867269
1867303
1867334
1867367
1867401
1867426
1867459
1867494
1867523
1867556
1867590
1867623
1867657
1867686
1867718
1867741
1867774
1867810
1867843
1867877
1867905
1867956
1867982
1868018
1868050
1868080
1868113
1868146
1868179
1868212
1868244
1868257
1868290
1868327
1868363
1868399
1868433
1868464
1868495
1868527
1868555
1868588
1868620
1868646
1868673
1868703
1868738
1868773
1868801
1868836
1868870
1868904
1868939
1868972
1869003
1869039
1869073
1869090
1869120
1869155
1869188
1869222
1869258
1869279
1869296
1869323
1869352
1869402
1869424
1869453
1869488
1869523
1869545
1869580
1869609
1869640
1869673
1869758
1869785
1869861
1869894
1869919
1869982
1870120
1870236
1870259
1870285
1870313
1870385
1870418
1870450
1870480
1870495
1870527
1870560
1870593
1870626
1870660
1870747
1870753
1870861
1870892
1870916
1870946
1870975
1870989
1871026
1871041
1871077
1871104
1871148
1871190
1871219
1871240
1871281
1871322
1871361
1871406
1871440
1871480
1871521
1871551
1871595
1871638
1871682
1871721
1871762
1871797
1871838
1871868
1871906
1871949
1871986
1872001
1872045
1872082
1872119
1872162
1872197
1872222
1872266
1872299
1872342
1872388
1872423
1872449
1872495
1872529
1872567
1872591
1872628
1872672
1872716
1872755
1872799
1872843
1872884
1872927
1872970
1872994
1873036
1873080
1873131
1873176
1873215
1873259
1873284
1873323
1873332
1873376
1873420
1873460
1873485
1873525
1873562
1873574
1873614
1873656
1873693
1873705
1873782
1873827
1873859
1873898
1873939
1873965
1874006
1874048
1874085
1874114
1874152
1874207
1874251
1874281
1874322
1874365
1874382
1874420
1874462
1874504
1874544
1874586
1874626
1874667
1874703
1874734
1874767
1874799
1874826
1874865
1874908
1874920
1874958
1874996
1875040
1875075
1875113
1875146
1875162
1875198
1875243
1875284
1875327
1875369
1875403
1875444
1875471
1875498
1875538
1875570
1875612
1875653
1875689
1875726
1875766
1875803
1875843
1875882
1875921
1875964
1875975
1876013
1876051
1876076
1876104
1876146
1876182
1876218
1876259
1876303
1876339
1876372
1876416
1876453
1876491
1876534
1876559
1876597
1876638
1876673
1876716
1876781
1876818
1876846
1876877
1876903
1876938
1876978
1877000
1877042
1877083
1877100
1877137
1877148
1877189
1877231
1877256
1877314
1877358
1877401
1877446
1877465
1877509
1877545
1877591
1877598
1877639
1877650
1877693
1877714
1877755
1877787
1877830
1877869
1877911
1877955
1877995
1878035
1878064
1878101
1878145
1878164
1878204
1878278
1878464
1878528
1878579
1878925
1878949
1878977
1879009
1879048
1879084
1879125
1879162
1879199
1879239
1879280
1879293
1879327
1879360
1879401
1879438
1879475
1879510
1879547
1879559
1879601
1879643
1879677
1879718
1879754
1879794
1879837
1879880
1879922
1879961
1880004
1880042
1880082
1880127
1880171
1880179
1880219
1880255
1880296
1880332
1880372
1880412
1880446
1880489
1880521
1880548
1880579
1880619
1880663
1880706
1880749
1880775
1880814
1880849
1880882
1880925
1880967
1880977
1881020
1881034
1881076
1881093
1881133
1881165
1881200
1881233
1881254
1881277
1881312
1881344
1881379
1881419
1881449
1881479
1881518
1881558
1881596
1881631
1881668
1881707
1881735
1881770
1881805
1881848
1881877
1881916
1881955
1881997
1882039
1882075
1882106
1882145
1882187
1882229
1882269
1882304
1882345
1882382
1882409
1882449
1882490
1882519
1882553
1882581
1882617
1882642
1882671
1882705
1882724
1882767
1882797
1882833
1882873
1882891
1882924
1882961
1882992
1883037
1883078
1883115
1883158
1883201
1883247
1883289
1883334
1883375
1883416
1883457
1883497
1883519
1883559
1883606
1883679
1883718
1883760
1883794
1883818
1883841
1883878
1883895
1883936
1883975
1884008
1884026
1884054
1884090
1884120
1884160
1884202
1884277
1884300
1884340
1884385
1884425
1884468
1884506
1884544
1884589
1884633
1884671
1884705
1884742
1884755
1884795
1884836
1884876
1884892
1884929
1884961
1884974
1885019
1885058
1885099
1885124
1885166
1885206
1885222
1885263
1885304
1885325
1885365
1885379
1885416
1885455
1885490
1885521
1885563
1885606
1885647
1885685
1885709
1885750
1885764
1885806
1885848
1885867
1885904
1885921
1885956
1885991
1886035
1886081
1886094
1886135
1886163
1886203
1886241
1886280
1886287
1886323
1886363
1886390
1886424
1886461
1886499
1886542
1886583
1886624
1886665
1886706
1886748
1886793
1886837
1886863
1886891
1886931
1886963
1886996
1887040
1887069
1887102
1887144
1887184
1887230
1887274
1887293
1887335
1887359
1887386
1887428
1887465
1887506
1887545
1887586
1887625
1887648
1887675
1887713
1887740
1887785
1887823
1887851
1887891
1887927
1887965
1887980
1888015
1888043
1888082
1888121
1888144
1888184
1888207
1888247
1888289
1888333
1888376
1888415
1888447
1888482
1888499
1888541
1888578
1888615
1888653
1888685
1888713
1888752
1888785
1888826
1888867
1888911
1888946
1888985
1889026
1889032
1889076
1889114
1889142
1889164
1889191
1889231
1889270
1889298
1889340
1889377
1889419
1889464
1889502
1889544
1889582
1889623
1889650
1889686
1889701
1889736
1889762
1889806
1889848
1889878
1889914
1889954
1889992
1890026
1890055
1890094
1890123
1890160
1890189
1890226
1890267
1890279
1890317
1890341
1890383
1890426
1890471
1890507
1890529
1890564
1890593
1890632
1890673
1890686
1890714
1890739
1890782
1890827
1890864
1890887
1890923
1890947
1890984
1891020
1891044
1891082
1891118
1891155
1891183
1891216
1891294
1891332
1891374
1891380
1891422
1891463
1891475
1891518
1891562
1891591
1891630
1891666
1891696
1891739
1891761
1891803
1891817
1891857
1891882
1891917
1891960
1891985
1892014
1892056
1892086
1892129
1892173
1892197
1892239
1892278
1892323
1892366
1892402
1892438
1892453
1892498
1892516
1892554
1892599
1892634
1892667
1892705
1892739
1892774
1892803
1892845
1892872
1892905
1892946
1892973
1893014
1893052
1893088
1893125
1893160
1893190
1893223
1893261
1893280
1893310
1893348
1893385
1893416
1893454
1893477
1893526
1893563
1893597
1893635
1893675
1893714
1893747
1893776
1893808
1893830
1893872
1893890
1893918
1893948
1893972
1894012
1894044
1894086
1894095
1894133
1894168
1894205
1894213
1894251
1894293
1894336
1894378
1894417
1894451
1894482
1894507
1894535
1894574
1894612
1894648
1894686
1894712
1894752
1894771
1894798
1894813
1894844
1894880
1894913
1894958
1894998
1895038
1895075
1895117
1895159
1895189
1895209
1895248
1895290
1895332
1895355
1895394
1895428
1895468
1895502
1895541
1895583
1895625
1895668
1895701
1895731
1895772
1895809
1895844
1895879
1895921
1895958
1895990
1896034
1896067
1896101
1896139
1896176
1896211
1896252
1896274
1896310
1896343
1896384
1896407
1896441
1896479
1896512
1896542
1896583
1896623
1896659
1896692
1896733
1896772
1896813
1896841
1896876
1896906
1896944
1896967
1897009
1897042
1897073
1897114
1897152
1897181
1897218
1897261
1897283
1897324
1897340
1897379
1897413
1897436
1897460
1897497
1897537
1897580
1897614
1897645
1897682
1897725
1897764
1897809
1897836
1897861
1897890
1897934
1897978
1898020
1898045
1898082
1898122
1898159
1898203
1898248
1898282
1898316
1898340
1898381
1898419
1898432
1898467
1898506
1898547
1898591
1898632
1898670
1898697
1898739
1898775
1898817
1898859
1898903
1898943
1898972
1899013
1899056
1899089
1899113
1899150
1899191
1899230
1899269
1899309
1899349
1899387
1899398
1899440
1899468
1899509
1899523
1899565
1899600
1899636
1899674
1899713
1899756
1899796
1899831
1899847
1899879
1899898
1899942
1899970
1900013
1900043
1900088
1900125
1900166
1900207
1900231
1900269
1900340
1900374
1900405
1900444
1900482
1900523
1900547
1900576
1900618
1900661
1900688
1900709
1900740
1900784
1900816
1900857
1900898
1900944
1900986
1901033
1901082
1901121
1901148
1901186
1901217
1901253
1901287
1901327
1901366
1901406
1901444
1901485
1901529
1901571
1901607
1901635
1901662
1901704
1901745
1901785
1901829
1901872
1901902
1901925
1901965
1901996
1902026
1902060
1902085
1902125
1902169
1902262
1902300
1902340
1902379
1902421
1902458
1902500
1902539
1902585
1902626
1902667
1902733
1902776
1902815
1902856
1902893
1902934
1902963
1903008
1903052
1903077
1903116
1903158
1903199
1903233
1903262
1903301
1903329
1903370
1903395
1903437
1903478
1903516
1903558
1903597
1903636
1903675
1903715
1903749
1903785
1903825
1903879
1903917
1903988
1904036
1904079
1904118
1904149
1904172
1904211
1904247
1904285
1904327
1904361
1904402
1904428
1904467
1904508
1904546
1904585
1904621
1904659
1904698
1904737
1904781
1904810
1904852
1904874
1904916
1904957
1905001
1905038
1905082
1905107
1905144
1905168
1905212
1905238
1905281
1905325
1905364
1905397
1905437
1905473
1905515
1905535
1905578
1905618
1905634
1905680
1905709
1905751
1905791
1905834
1905865
1905905
1905948
1905976
1906014
1906025
1906062
1906106
1906128
1906172
1906179
1906220
1906245
1906274
1906319
1906360
1906401
1906433
1906475
1906516
1906555
1906597
1906639
1906682
1906722
1906763
1906799
1906834
1906860
1906904
1906945
1906989
1907026
1907051
1907094
1907134
1907173
1907216
1907231
1907271
1907297
1907328
1907360
1907400
1907440
1907457
1907493
1907535
1907562
1907588
1907630
1907673
1907711
1907762
1907805
1907824
1907866
1907896
1907995
1908028
1908054
1908094
1908126
1908167
1908190
1908231
1908271
1908311
1908337
1908370
1908410
1908452
1908485
1908506
1908546
1908587
1908622
1908645
1908671
1908691
1908717
1908756
1908782
1908821
1908836
1908875
1908901
1908944
1908983
1909024
1909059
1909084
1909122
1909153
1909191
1909229
1909260
1909301
1909344
1909382
1909411
1909450
1909493
1909532
1909556
1909592
1909629
1909669
1909708
1909726
1909765
1909789
1909818
1909853
1909894
1909932
1909974
1910006
1910029
1910069
1910109
1910148
1910186
1910226
1910254
1910292
1910329
1910361
1910402
1910448
1910458
1910493
1910518
1910554
1910594
1910632
1910676
1910722
1910749
1910778
1910815
1910852
1910890
1910911
1910950
1910976
1910999
1911025
1911055
1911090
1911126
1911151
1911176
1911218
1911246
1911269
1911308
1911351
1911387
1911417
1911457
1911501
1911544
1911586
1911632
1911669
1911708
1911746
1911776
1911808
1911838
1911870
1911903
1911943
1911972
1912010
1912039
1912078
1912082
1912123
1912157
1912194
1912232
1912267
1912306
1912341
1912377
1912413
1912453
1912492
1912518
1912555
1912587
1912613
1912654
1912681
1912722
1912750
1912775
1912815
1912854
1912888
1912918
1912956
1912992
1913022
1913044
1913077
1913112
1913153
1913164
1913196
1913240
1913245
1913286
1913298
1913335
1913357
1913416
1913455
1913469
1913503
1913545
1913584
1913624
1913664
1913703
1913740
1913783
1913823
1913862
1913901
1913940
1913984
1914055
1914092
1914114
1914154
1914196
1914236
1914251
1914288
1914309
1914346
1914386
1914427
1914469
1914510
1914621
1914631
1914675
1914712
1914734
1914774
1914815
1914886
1914929
1914962
1914975
1915013
1915054
1915081
1915121
1915162
1915206
1915236
1915274
1915310
1915350
1915390
1915427
1915467
1915492
1915535
1915574
1915613
1915654
1915680
1915749
1915786
1915815
1915851
1915865
1915905
1915945
1915987
1916018
1916059
1916087
1916131
1916177
1916221
1916267
1916307
1916352
1916392
1916431
1916461
1916502
1916545
1916585
1916618
1916648
1916687
1916727
1916740
1916775
1916817
1916857
1916886
1916928
1916960
1916996
1917022
1917053
1917081
1917114
1917146
1917186
1917225
1917258
1917298
1917331
1917362
1917401
1917442
1917483
1917522
1917560
1917592
1917623
1917657
1917687
1917710
1917784
1917824
1917866
1917903
1917943
1917976
1918017
1918051
1918085
1918115
1918156
1918197
1918240
1918280
1918297
1918336
1918368
1918406
1918432
1918473
1918514
1918553
1918581
1918606
1918646
1918680
1918721
1918762
1918804
1918840
1918878
1918897
1918931
1918964
1918997
1919018
1919056
1919081
1919119
1919155
1919193
1919237
1919277
1919317
1919356
1919381
1919414
1919445
1919479
1919520
1919560
1919601
1919644
1919685
1919726
1919767
1919801
1919827
1919869
1919913
1919958
1920001
1920029
1920052
1920089
1920126
1920163
1920181
1920219
1920263
1920296
1920339
1920352
1920395
1920430
1920468
1920499
1920532
1920574
1920599
1920633
1920661
1920705
1920743
1920855
1920892
1920932
1920966
1921001
1921021
1921061
1921098
1921121
1921161
1921188
1921231
1921259
1921291
1921324
1921364
1921398
1921421
1921464
1921486
1921527
1921564
1921605
1921637
1921671
1921711
1921754
1921792
1921813
1921854
1921896
1921922
1921968
1922005
1922048
1922084
1922124
1922167
1922178
1922221
1922264
1922288
1922328
1922356
1922384
1922421
1922459
1922485
1922528
1922545
1922587
1922624
1922662
1922698
1922733
1922769
1922802
1922832
1922868
1922905
1922974
1923037
1923065
1923105
1923142
1923170
1923212
1923254
1923293
1923316
1923359
1923398
1923444
1923490
1923535
1923579
1923614
1923631
1923674
1923700
1923740
1923779
1923797
1923837
1923850
1923889
1923931
1923956
1923981
1924009
1924052
1924095
1924114
1924153
1924191
1924233
1924273
1924316
1924342
1924386
1924402
1924444
1924453
1924492
1924537
1924583
1924622
1924657
1924702
1924746
1924783
1924821
1924839
1924872
1924917
1924960
1924999
1925034
1925078
1925116
1925144
1925188
1925225
1925264
1925302
1925326
1925349
1925387
1925417
1925455
1925468
1925510
1925551
1925585
1925609
1925646
1925687
1925723
1925754
1925771
1925811
1925842
1925863
1925898
1925939
1925951
1925992
1926006
1926045
1926076
1926116
1926143
1926185
1926217
1926249
1926290
1926311
1926340
1926382
1926424
1926460
1926503
1926544
1926573
1926615
1926655
1926700
1926741
1926786
1926819
1926865
1926906
1926947
1926989
1927016
1927058
1927087
1927113
1927153
1927185
1927228
1927270
1927283
1927321
1927351
1927387
1927407
1927449
1927483
1927524
1927563
1927589
1927620
1927652
1927690
1927732
1927753
1927785
1927815
1927834
1927875
1927904
1927939
1927979
1928021
1928060
1928100
1928137
1928179
1928219
1928263
1928266
1928307
1928333
1928363
1928388
1928422
1928451
1928490
1928531
1928573
1928610
1928637
1928680
1928701
1928735
1928766
1928806
1928840
1928865
1928894
1928935
1928969
1929000
1929031
1929066
1929100
1929124
1929164
1929205
1929247
1929291
1929324
1929348
1929388
1929428
1929472
1929514
1929555
1929598
1929615
1929652
1929689
1929705
1929748
1929788
1929826
1929871
1929892
1929930
1929971
1930007
1930047
1930067
1930110
1930150
1930186
1930229
1930271
1930313
1930345
1930388
1930404
1930446
1930487
1930530
1930566
1930600
1930640
1930680
1930710
1930750
1930782
1930812
1930855
1930892
1930921
1930963
1931005
1931042
1931081
1931114
1931154
1931190
1931231
1931262
1931298
1931335
1931358
1931391
1931428
1931471
1931510
1931552
1931595
1931629
1931667
1931711
1931724
1931766
1931799
1931831
1931869
1931905
1931926
1931966
1932011
1932036
1932073
1932099
1932143
1932186
1932229
1932239
1932282
1932325
1932367
1932394
1932436
1932479
1932522
1932545
1932590
1932631
1932674
1932684
1932726
1932746
1932774
1932817
1932858
1932892
1932936
1932979
1932992
1933037
1933079
1933120
1933155
1933191
1933230
1933273
1933314
1933361
1933388
1933431
1933463
1933500
1933539
1933555
1933589
1933619
1933652
1933694
1933730
1933761
1933805
1933823
1933867
1933908
1933932
1933975
1934005
1934043
1934081
1934122
1934163
1934180
1934218
1934256
1934297
1934338
1934381
1934408
1934448
1934490
1934524
1934562
1934581
1934607
1934647
1934687
1934707
1934742
1934783
1934823
1934866
1934903
1934934
1934975
1935010
1935046
1935058
1935093
1935118
1935149
1935177
1935210
1935250
1935276
1935316
1935362
1935392
1935433
1935476
1935517
1935560
1935603
1935645
1935669
1935710
1935739
1935778
1935805
1935844
1935874
1935915
1935959
1935980
1936014
1936030
1936070
1936113
1936132
1936174
1936216
1936258
1936298
1936332
1936358
1936404
1936427
1936471
1936509
1936551
1936597
1936622
1936663
1936706
1936747
1936793
1936819
1936864
1936889
1936914
1936954
1936981
1937027
1937070
1937115
1937157
1937195
1937240
1937281
1937317
1937353
1937391
1937410
1937441
1937481
1937517
1937555
1937596
1937637
1937661
1937694
1937738
1937782
1937801
1937839
1937884
1937923
1937938
1937983
1938028
1938067
1938109
1938128
1938168
1938209
1938247
1938288
1938322
1938366
1938410
1938449
1938461
1938502
1938545
1938585
1938618
1938660
1938681
1938741
1938778
1938820
1938849
1938890
1938929
1938952
1938989
1939028
1939066
1939110
1939149
1939190
1939222
1939247
1939287
1939332
1939367
1939407
1939439
1939467
1939496
1939539
1939571
1939596
1939638
1939689
1939723
1939751
1939783
1939824
1939858
1939895
1939934
1939965
1940003
1940036
1940080
1940117
1940159
1940202
1940248
1940263
1940306
1940332
1940376
1940421
1940450
1940496
1940537
1940566
1940598
1940637
1940663
1940694
1940726
1940764
1940805
1940841
1940876
1940918
1940953
1940998
1941028
1941060
1941297
1941389
1941519
1941713
1941839
1941923
1942423
1942641
1942682
1942725
1942745
1942792
1942816
1942857
1942890
1942932
1942957
1942994
1943029
1943066
1943101
1943128
1943155
1943184
1943223
1943251
1943285
1943309
1943347
1943384
1943420
1943466
1943512
1943551
1943584
1943625
1943665
1943684
1943756
1943768
1943805
1943829
1943852
1943883
1943923
1943964
1943992
1944033
1944071
1944093
1944135
1944172
1944206
1944244
1944314
1944339
1944372
1944404
1944446
1944516
1944547
1944580
1944644
1944685
1944721
1944763
1944806
1944835
1944876
1944918
1944928
1944967
1944990
1945031
1945075
1945119
1945164
1945209
1945231
1945274
1945306
1945381
1945422
1945457
1945493
1945520
1945719
1945757
1945909
1945950
1945986
1946021
1946063
1946091
1946131
1946166
1946192
1946233
1946301
1946338
1946381
1946404
1946457
1946488
1946506
1946547
1946572
1946597
1946634
1946664
1946682
1946723
1946762
1946800
1946909
1946948
1946987
1947029
1947110
1947144
1947179
1947218
1947316
1947365
1947402
1947438
1947462
1947496
1947518
1947556
1947596
1947625
1947657
1947730
1947766
1947795
1947833
1947867
1947907
1947950
1947988
1948021
1948047
1948090
1948130
1948163
1948179
1948219
1948229
1948269
1948279
1948322
1948363
1948425
1948455
1948493
1948535
1948545
1948586
1948624
1948664
1948708
1948752
1948795
1948836
1948881
1948940
1948983
1949012
1949057
1949083
1949124
1949152
1949189
1949226
1949268
1949311
1949350
1949390
1949416
1949450
1949480
1949513
1949554
1949592
1949617
1949653
1949695
1949731
1949763
1949809
1949852
1949865
1949896
1949936
1949948
1949983
1950023
1950049
1950089
1950110
1950154
1950198
1950241
1950281
1950323
1950363
1950386
1950424
1950445
1950483
1950528
1950569
1950614
1950639
1950681
1950698
1950744
1950786
1950827
1950872
1950918
1950961
1951007
1951015
1951059
1951093
1951139
1951179
1951221
1951251
1951285
1951327
1951363
1951408
1951449
1951464
1951505
1951528
1951571
1951612
1951648
1951689
1951710
1951751
1951796
1951835
1951885
1951924
1951956
1951986
1952018
1952053
1952081
1952124
1952160
1952204
1952222
1952260
1952302
1952344
1952382
1952423
1952456
1952499
1952516
1952558
1952574
1952613
1952650
1952691
1952720
1952759
1952800
1952842
1952880
1952915
1952944
1952987
1953018
1953050
1953082
1953123
1953159
1953197
1953234
1953275
1953312
1953351
1953394
1953436
1953478
1953504
1953544
1953582
1953623
1953659
1953701
1953742
1953783
1953821
1953861
1953904
1953936
1953965
1954004
1954045
1954086
1954123
1954149
1954190
1954226
1954259
1954291
1954325
1954361
1954397
1954426
1954456
1954561
1954589
1954665
1954702
1954741
1954781
1954823
1954861
1954896
1954930
1954953
1954988
1955017
1955060
1955081
1955122
1955162
1955184
1955216
1955243
1955283
1955316
1955352
1955391
1955430
1955451
1955493
1955535
1955575
1955613
1955649
1955728
1955771
1955780
1955822
1955932
1955965
1955997
1956022
1956059
1956100
1956183
1956221
1956247
1956272
1956303
1956345
1956387
1956428
1956471
1956513
1956555
1956579
1956616
1956658
1956694
1956736
1956774
1956806
1956836
1956861
1956899
1956941
1956982
1957023
1957060
1957095
1957172
1957214
1957245
1957284
1957296
1957337
1957372
1957404
1957429
1957470
1957501
1957542
1957573
1957613
1957656
1957697
1957723
1957748
1957779
1957818
1957844
1957884
1957925
1957965
1958019
1958057
1958094
1958162
1958200
1958241
1958282
1958326
1958365
1958405
1958443
1958484
1958523
1958555
1958594
1958662
1958697
1958834
1958863
1958932
1958963
1959026
1959078
1959120
1959158
1959189
1959227
1959254
1959287
1959324
1959390
1959431
1959474
1959502
1959541
1959581
1959621
1959642
1959672
1959701
1959738
1959779
1959820
1959859
1959873
1959906
1959938
1960014
1960044
1960071
1960109
1960180
1960220
1960265
1960307
1960340
1960379
1960420
1960443
1960485
1960525
1960563
1960608
1960613
1960649
1960691
1960730
1960773
1960815
1960848
1960953
1961036
1961063
1961103
1961134
1961155
1961193
1961232
1961256
1961292
1961334
1961362
1961387
1961420
1961458
1961500
1961539
1961553
1961591
1961627
1961636
1961670
1961708
1961746
1961781
1961813
1961833
1961876
1961919
1961948
1961984
1962025
1962055
1962088
1962130
1962173
1962216
1962225
1962267
1962309
1962320
1962363
1962401
1962444
1962476
1962554
1962595
1962627
1962660
1962700
1962731
1962759
1962800
1962828
1962856
1962918
1962951
1962994
1963016
1963044
1963086
1963112
1963149
1963191
1963217
1963256
1963284
1963324
1963367
1963395
1963427
1963468
1963544
1963569
1963608
1963649
1963686
1963718
1963750
1963775
1963812
1963855
1963896
1963917
1963951
1963994
1964027
1964058
1964100
1964136
1964173
1964213
1964259
1964299
1964340
1964401
1964419
1964455
1965513
1965551
1965578
1965613
1965652
1965691
1965731
1965772
1965814
1965853
1965891
1965928
1965969
1966004
1966038
1966096
1966134
1966163
1966180
1966218
1966237
1966267
1966302
1966340
1966354
1966393
1966465
1966500
1966542
1966581
1966608
1966647
1966688
1966725
1966774
1966806
1966844
1966881
1966915
1966954
1966990
1967025
1967063
1967091
1967116
1967155
1967189
1967223
1967261
1967294
1967389
1967425
1967464
1967497
1967530
1967554
1967592
1967626
1967651
1967689
1967728
1967864
1967903
1967929
1967966
1968024
1968096
1968134
1968169
1968208
1968244
1968269
1968304
1968342
1968409
1968444
1968477
1968542
1968577
1968612
1968650
1968690
1968711
1968743
1968779
1968818
1968870
1968909
1968937
1968973
1969012
1969047
1969107
1969145
1969184
1969213
1969249
1969261
1969319
1969347
1969380
1969410
1969436
1969488
1969547
1969584
1969608
1969647
1969681
1969720
1969758
1969787
1969818
1969840
1969876
1969916
1969955
1969991
1970099
1970138
1970202
1970237
1970273
1970291
1970315
1970427
1970466
1970505
1970544
1970583
1970624
1970662
1970701
1970736
1970754
1970789
1970847
1970884
1970924
1970961
1970993
1971013
1971045
1971075
1971116
1971149
1971185
1971221
1971247
1971285
1971325
1971357
1971394
1971425
1971456
1971481
1971515
1971544
1971645
1971673
1971707
1971746
1971787
1971859
1971896
1971924
1971961
1971995
1972034
1972062
1972099
1972139
1972179
1972209
1972227
1972267
1972302
1972331
1972367
1972399
1972419
1972480
1972517
1972554
1972585
1972620
1972658
1972683
1972745
1972779
1972815
1972876
1972943
1972981
1973030
1973069
1973097
1973128
1973165
1973196
1973233
1973259
1973285
1973318
1973357
1973433
1973471
1973549
1973577
1973606
1973646
1973740
1973778
1973804
1973845
1973878
1973916
1973941
1973975
1974006
1974041
1974062
1974090
1974123
1974187
1974223
1974244
1974283
1974324
1974381
1974414
1974467
1974504
1974537
1974575
1974614
1974643
1974747
1974786
1974858
1974889
1974903
1974941
1974994
1975034
1975073
1975092
1975129
1975154
1975181
1975271
1975289
1975329
1975362
1975397
1975434
1975466
1975505
1975542
1975582
1975621
1975658
1975687
1975723
1975781
1975845
1975871
1975904
1975941
1975978
1975985
1976037
1976076
1976114
1976153
1976184
1976222
1976259
1976292
1976331
1976355
1976395
1976428
1976464
1976503
1976543
1976561
1976601
1976654
1976696
1976736
1976770
1976809
1976847
1976885
1976906
1976945
1976985
1977008
1977062
1977140
1977168
1977195
1977235
1977266
1977299
1977338
1977369
1977390
1977428
1977465
1977492
1977529
1977608
1977646
1977685
1977707
1977740
1977779
1977807
1977847
1977884
1977925
1977961
1977979
1978018
1978059
1978096
1978129
1978167
1978176
1978209
1978247
1978343
1978379
1978418
1978456
1978480
1978516
1978555
1978587
1978612
1978651
1978678
1978742
1978781
1978813
1978851
1978881
1978911
1978931
1978998
1979037
1979050
1979089
1979130
1979246
1979281
1979319
1979357
1979396
1979462
1979501
1979538
1979592
1979616
1979657
1979691
1979726
1979792
1979832
1979870
1979935
1979975
1980013
1980055
1980092
1980133
1980217
1980293
1980386
1980424
1980456
1980549
1980584
1980612
1980635
1980675
1980715
1980746
1980784
1980823
1980853
1980892
1980925
1980960
1981001
1981036
1981074
1981113
1981211
1981246
1981282
1981319
1981377
1981409
1981446
1981485
1981523
1981543
1981758
1981799
1981820
1981855
1981911
1981950
1981983
1982036
1982073
1982111
1982141
1982169
1982209
1982265
1982332
1982365
1982402
1982440
1982470
1982506
1982544
1982574
1982612
1982638
1982677
1982714
1982744
1982783
1982815
1982851
1982887
1982923
1982952
1982987
1983028
1983051
1983080
1983119
1983138
1983176
1983212
1983244
1983283
1983316
1983352
1983387
1983425
1983442
1983483
1983502
1983543
1983583
1983620
1983651
1983684
1983716
1983757
1983792
1983832
1983867
1983908
1983947
1983980
1984001
1984042
1984077
1984118
1984152
1984193
1984230
1984323
1984355
1984393
1984451
1984487
1984524
1984558
1984591
1984625
1984640
1984742
1984772
1984792
1984828
1984854
1984874
1984911
1984941
1984979
1985005
1985043
1985081
1985115
1985156
1985197
1985234
1985268
1985310
1985361
1985401
1985429
1985470
1985493
1985529
1985568
1985605
1985641
1985714
1985754
1985790
1985824
1985852
1985882
1985917
1985948
1985984
1986010
1986041
1986076
1986111
1986148
1986185
1986218
1986252
1986289
1986320
1986354
1986387
1986448
1986485
1986522
1986557
1986597
1986629
1986670
1986705
1986740
1986762
1986802
1986812
1986907
1986946
1986986
1987020
1987060
1987087
1987109
1987141
1987179
1987215
1987273
1987308
1987393
1987431
1987477
1987512
1987546
1987586
1987618
1987645
1987685
1987720
1987756
1987826
1987862
1987900
1987941
1987951
1987991
1988054
1988092
1988157
1988191
1988229
1988266
1988306
1988346
1988377
1988416
1988434
1988503
1988520
1988561
1988602
1988641
1988679
1988716
1988751
1988768
1988805
1988839
1988879
1988917
1988947
1988988
1989009
1989047
1989086
1989120
1989160
1989181
1989220
1989254
1989287
1989322
1989354
1989373
1989410
1989427
1989464
1989503
1989532
1989565
1989605
1989644
1989665
1989700
1989740
1989771
1989809
1989842
1989864
1989900
1989930
1989968
1990007
1990050
1990083
1990116
1990149
1990189
1990230
1990270
1990306
1990344
1990378
1990406
1990438
1990453
1990489
1990520
1990561
1990592
1990630
1990662
1990701
1990711
1990750
1990771
1990810
1990843
1990876
1990937
1990962
1991003
1991035
1991072
1991107
1991142
1991179
1991207
1991241
1991261
1991300
1991340
1991378
1991418
1991456
1991484
1991498
1991538
1991570
1991608
1991648
1991679
1991708
1991741
1991781
1991809
1991844
1991869
1991893
1991932
1991963
1991990
1992030
1992077
1992116
1992188
1992227
1992246
1992286
1992327
1992367
1992407
1992433
1992461
1992492
1992528
1992555
1992575
1992608
1992645
1992684
1992718
1992751
1992773
1992813
1992852
1992893
1992925
1992961
1993001
1993069
1993092
1993127
1993156
1993194
1993230
1993252
1993291
1993335
1993372
1993407
1993439
1993478
1993516
1993544
1993565
1993604
1993638
1993647
1993681
1993754
1993789
1993815
1993844
1993883
1993917
1993948
1993984
1994019
1994053
1994080
1994120
1994160
1994197
1994237
1994268
1994284
1994323
1994363
1994403
1994441
1994476
1994515
1994545
1994568
1994602
1994639
1994679
1994715
1994788
1994823
1994860
1994900
1994939
1994978
1995007
1995044
1995084
1995122
1995145
1995167
1995203
1995244
1995279
1995311
1995349
1995390
1995429
1995470
1995509
1995538
1995564
1995604
1995632
1995671
1995710
1995744
1995782
1995820
1995860
1995899
1995917
1995957
1995997
1996014
1996053
1996082
1996109
1996147
1996183
1996222
1996261
1996274
1996313
1996353
1996392
1996429
1996452
1996489
1996530
1996611
1996649
1996687
1996725
1996756
1996799
1996836
1996877
1996897
1996939
1996980
1997021
1997059
1997097
1997139
1997176
1997215
1997249
1997285
1997302
1997337
1997365
1997403
1997441
1997479
1997517
1997552
1997584
1997622
1997637
1997678
1997712
1997751
1997789
1997823
1997977
1998067
1998167
1998191
1998218
1998260
1998293
1998329
1998353
1998395
1998434
1998451
1998491
1998529
1998564
1998600
1998635
1998678
1998721
1998759
1998791
1998833
1998872
1998910
1998943
1999008
1999047
1999088
1999148
1999180
1999213
1999248
1999275
1999314
1999355
1999393
1999433
1999470
1999504
1999544
1999578
1999619
1999661
1999689
1999721
1999758
1999801
1999835
1999875
1999903
1999929
1999970
2000003
2000044
2000085
2000126
2000167
2000189
2000213
2000255
2000289
2000325
2000366
2000372
2000414
2000457
2000529
2000567
2000588
2000669
2000703
2000722
2000759
2000792
2000835
2000876
2000908
2000932
2000971
2001003
2001045
2001083
2001121
2001224
2001255
2001298
2001334
2001374
2001404
2001424
2001465
2001501
2001542
2001557
2001597
2001637
2001671
2001708
2001732
2001774
2001797
2001836
2001875
2001917
2001955
2001994
2002078
2002120
2002153
2002195
2002207
2002248
2002274
2002316
2002355
2002394
2002438
2002471
2002551
2002586
2002601
2002640
2002682
2002726
2002752
2002789
2002830
2002872
2002909
2002937
2002969
2003010
2003031
2003059
2003097
2003135
2003176
2003217
2003257
2003290
2003331
2003371
2003411
2003446
2003469
2003511
2003554
2003599
2003640
2003681
2003723
2003755
2003774
2003806
2003836
2003849
2003887
2003918
2003950
2003976
2004016
2004029
2004066
2004103
2004128
2004162
2004184
2004220
2004258
2004292
2004329
2004364
2004396
2004408
2004451
2004476
2004515
2004555
2004584
2004624
2004662
2004705
2004747
2004788
2004830
2004868
2004891
2004932
2004949
2004990
2005005
2005044
2005066
2005107
2005147
2005180
2005197
2005237
2005275
2005307
2005344
2005384
2005415
2005458
2005500
2005537
2005575
2005603
2005644
2005683
2005724
2005763
2005800
2005842
2005884
2005920
2005961
2006037
2006078
2006118
2006160
2006201
2006239
2006280
2006315
2006354
2006383
2006421
2006455
2006467
2006505
2006547
2006572
2006599
2006637
2006740
2006777
2006810
2006841
2006875
2006907
2006945
2006985
2007026
2007059
2007102
2007119
2007159
2007193
2007230
2007273
2007315
2007356
2007399
2007441
2007472
2007506
2007546
2007587
2007618
2007658
2007699
2007736
2007777
2007820
2007855
2007886
2007918
2007953
2007994
2008034
2008073
2008112
2008154
2008174
2008214
2008242
2008278
2008310
2008342
2008369
2008410
2008450
2008490
2008533
2008542
2008584
2008603
2008643
2008667
2008705
2008742
2008776
2008806
2008834
2008876
2008915
2008955
2008998
2009038
2009080
2009124
2009136
2009181
2009199
2009232
2009265
2009296
2009325
2009368
2009412
2009434
2009473
2009511
2009552
2009592
2009624
2009663
2009703
2009731
2009772
2009813
2009848
2009892
2009915
2009947
2009960
2010000
2010034
2010068
2010111
2010148
2010167
2010199
2010240
2010270
2010296
2010339
2010375
2010446
2010484
2010517
2010552
2010589
2010620
2010651
2010691
2010729
2010764
2010798
2010839
2010876
2010915
2010946
2010986
2011030
2011063
2011102
2011138
2011172
2011215
2011232
2011276
2011318
2011338
2011375
2011393
2011436
2011477
2011522
2011562
2011607
2011640
2011677
2011711
2011757
2011777
2011821
2011864
2011891
2011923
2011968
2012010
2012053
2012096
2012118
2012151
2012192
2012201
2012241
2012275
2012303
2012338
2012352
2012383
2012403
2012440
2012477
2012507
2012549
2012580
2012610
2012640
2012679
2012721
2012766
2012810
2012849
2012883
2012924
2012965
2012987
2013029
2013053
2013091
2013133
2013177
2013219
2013251
2013294
2013310
2013343
2013387
2013424
2013469
2013488
2013524
2013564
2013604
2013648
2013690
2013715
2013745
2013788
2013815
2013840
2013884
2013919
2013953
2013970
2014002
2014038
2014080
2014113
2014134
2014178
2014222
2014262
2014302
2014341
2014383
2014427
2014460
2014506
2014585
2014619
2014655
2014678
2014704
2014740
2014780
2014816
2014853
2014881
2014925
2014957
2014994
2015032
2015057
2015087
2015117
2015141
2015177
2015216
2015247
2015270
2015312
2015329
2015362
2015403
2015411
2015451
2015494
2015509
2015546
2015579
2015604
2015642
2015678
2015711
2015783
2015816
2015845
2015880
2015930
2015960
2015998
2016036
2016059
2016094
2016132
2016173
2016212
2016237
2016276
2016314
2016348
2016369
2016413
2016450
2016482
2016514
2016555
2016571
2016613
2016641
2016682
2016705
2016747
2016781
2016816
2016859
2016897
2016937
2016968
2017005
2017043
2017079
2017112
2017136
2017171
2017196
2017232
2017270
2017302
2017345
2017361
2017404
2017444
2017458
2017497
2017606
2017646
2017688
2017729
2017757
2017791
2017835
2017862
2017887
2017917
2017963
2017998
2018036
2018074
2018117
2018150
2018183
2018222
2018268
2018287
2018328
2018348
2018384
2018424
2018466
2018505
2018541
2018557
2018601
2018640
2018664
2018714
2018747
2018786
2018809
2018857
2018893
2018918
2018958
2018982
2019018
2019056
2019097
2019117
2019154
2019195
2019232
2019274
2019307
2019320
2019359
2019402
2019442
2019484
2019523
2019551
2019576
2019616
2019659
2019696
2019730
2019763
2019806
2019850
2019895
2019936
2019977
2020022
2020065
2020105
2020139
2020154
2020197
2020240
2020277
2020319
2020349
2020369
2020405
2020449
2020459
2020502
2020544
2020579
2020612
2020655
2020670
2020709
2020738
2020779
2020856
2020888
2020931
2020970
2020993
2021031
2021070
2021110
2021140
2021179
2021215
2021256
2021294
2021336
2021373
2021393
2021434
2021472
2021514
2021549
2021574
2021601
2021643
2021672
2021709
2021743
2021775
2021804
2021839
2021861
2021924
2021966
2022012
2022052
2022106
2022147
2022200
2022239
2022278
2022299
2022332
2022365
2022398
2022432
2022457
2022484
2022517
2022537
2022563
2022590
2022620
2022649
2022664
2022700
2022726
2022756
2022783
2022798
2022832
2022869
2022908
2022911
2023007
2023037
2023067
2023109
2023136
2023162
2023193
2023236
2023278
2023317
2023340
2023370
2023391
2023428
2023452
2023492
2023535
2023561
2023604
2023623
2023657
2023697
2023736
2023806
2023824
2023866
2023899
2023929
2023970
2024004
2024041
2024086
2024124
2024168
2024198
2024240
2024274
2024314
2024344
2024387
2024425
2024465
2024505
2024527
2024557
2024618
2024659
2024691
2024718
2024747
2024781
2024806
2024838
2024861
2024901
2024941
2024964
2025008
2025047
2025083
2025122
2025154
2025187
2025228
2025262
2025296
2025307
2025341
2025379
2025412
2025453
2025528
2025555
2025592
2025633
2025655
2025696
2025731
2025745
2025783
2025811
2025832
2025871
2025897
2025936
2025969
2026004
2026046
2026076
2026113
2026146
2026182
2026227
2026268
2026310
2026347
2026375
2026415
2026457
2026500
2026540
2026575
2026687
2026721
2026745
2026773
2026856
2026917
2026949
2026984
2027023
2027032
2027074
2027112
2027145
2027179
2027215
2027257
2027297
2027323
2027364
2027388
2027420
2027462
2027501
2027525
2027567
2027580
2027623
2027662
2027680
2027711
2027755
2027781
2027825
2027864
2027906
2027929
2027968
2028008
2028030
2028073
2028113
2028132
2028175
2028212
2028244
2028260
2028296
2028331
2028372
2028407
2028430
2028475
2028502
2028537
2028559
2028615
2028657
2028690
2028711
2028740
2028768
2028809
2028848
2028859
2028901
2028939
2028955
2028995
2029028
2029071
2029112
2029153
2029193
2029233
2029276
2029315
2029367
2029403
2029441
2029457
2029500
2029528
2029571
2029590
2029632
2029673
2029709
2029736
2029769
2029805
2029843
2029883
2029920
2029961
2029997
2030021
2030064
2030088
2030131
2030168
2030201
2030241
2030285
2030322
2030361
2030394
2030435
2030469
2030498
2030535
2030548
2030587
2030626
2030649
2030687
2030726
2030756
2030787
2030820
2030853
2030890
2030929
2030969
2031006
2031040
2031068
2031095
2031132
2031164
2031201
2031234
2031260
2031295
2031334
2031375
2031413
2031446
2031487
2031521
2031561
2031581
2031623
2031666
2031706
2031738
2031772
2031793
2031831
2031865
2031883
2031917
2031945
2031983
2032020
2032054
2032080
2032107
2032140
2032175
2032209
2032259
2032294
2032330
2032363
2032395
2032424
2032459
2032501
2032526
2032568
2032612
2032623
2032661
2032703
2032746
2032758
2032799
2032834
2032871
2032901
2032977
2033006
2033046
2033086
2033113
2033146
2033184
2033213
2033242
2033285
2033324
2033361
2033401
2033460
2033503
2033542
2033559
2033593
2033635
2033669
2033695
2033734
2033773
2033812
2033843
2033860
2033890
2033926
2033953
2033988
2034023
2034063
2034099
2034132
2034168
2034209
2034223
2034252
2034282
2034311
2034349
2034375
2034403
2034420
2034456
2034491
2034520
2034556
2034592
2034663
2034671
2034710
2034735
2034767
2034807
2034846
2034875
2034914
2034938
2034974
2035003
2035039
2035049
2035089
2035130
2035165
2035197
2035234
2035269
2035308
2035347
2035386
2035425
2035466
2035501
2035514
2035547
2035581
2035625
2035659
2035700
2035743
2035751
2035790
2035829
2035866
2035908
2035950
2035992
2036028
2036070
2036105
2036145
2036177
2036215
2036252
2036273
2036313
2036352
2036395
2036434
2036463
2036495
2036538
2036574
2036613
2036648
2036685
2036725
2036766
2036808
2036851
2036880
2036925
2036971
2037006
2037028
2037072
2037093
2037134
2037166
2037205
2037247
2037277
2037314
2037352
2037395
2037438
2037472
2037515
2037556
2037599
2037643
2037665
2037691
2037721
2037798
2037845
2037873
2037905
2037925
2037951
2037978
2038011
2038023
2038055
2038084
2038115
2038150
2038192
2038234
2038257
2038298
2038325
2038364
2038390
2038433
2038476
2038519
2038555
2038594
2038638
2038682
2038729
2038770
2038835
2038868
2038907
2038948
2038990
2039029
2039063
2039095
2039135
2039170
2039200
2039241
2039262
2039302
2039340
2039396
2039434
2039473
2039517
2039557
2039594
2039634
2039671
2039730
2039808
2039845
2039879
2039918
2039965
2040008
2040045
2040081
2040112
2040149
2040193
2040210
2040252
2040280
2040323
2040365
2040374
2040416
2040461
2040502
2040542
2040572
2040615
2040627
2040662
2040701
2040737
2040775
2040851
2040868
2040913
2040949
2040985
2041017
2041056
2041093
2041121
2041157
2041197
2041237
2041273
2041316
2041352
2041396
2041449
2041490
2041525
2041568
2041611
2041645
2041686
2041727
2041748
2041789
2041831
2041844
2041889
2041958
2042024
2042064
2042090
2042131
2042175
2042218
2042250
2042292
2042315
2042357
2042399
2042438
2042468
2042511
2042537
2042575
2042610
2042652
2042688
2042727
2042747
2042810
2042840
2042869
2042913
2042954
2042985
2043011
2043051
2043093
2043115
2043145
2043186
2043229
2043270
2043309
2043350
2043382
2043410
2043452
2043476
2043500
2043533
2043568
2043605
2043638
2043679
2043698
2043737
2043775
2043790
2043827
2043853
2043874
2043914
2043946
2043987
2044019
2044056
2044098
2044120
2044162
2044194
2044215
2044256
2044295
2044320
2044364
2044388
2044430
2044471
2044508
2044542
2044581
2044621
2044654
2044697
2044745
2044783
2044822
2044865
2044880
2044920
2044963
2044988
2045027
2045050
2045079
2045115
2045158
2045194
2045233
2045250
2045288
2045328
2045369
2045412
2045431
2045473
2045493
2045518
2045558
2045582
2045623
2045668
2045708
2045752
2045796
2045819
2045861
2045898
2045937
2045946
2045984
2046023
2046064
2046097
2046111
2046152
2046194
2046225
2046267
2046303
2046344
2046384
2046408
2046453
2046479
2046521
2046533
2046573
2046612
2046641
2046678
2046720
2046761
2046783
2046826
2046855
2046886
2046929
2046970
2046981
2047021
2047065
2047102
2047140
2047181
2047220
2047264
2047301
2047342
2047365
2047385
2047423
2047463
2047493
2047531
2047568
2047603
2047647
2047691
2047730
2047772
2047817
2047866
2047904
2047945
2047979
2048020
2048057
2048092
2048136
2048158
2048192
2048225
2048264
2048303
2048343
2048386
2048427
2048468
2048509
2048549
2048577
2048621
2048659
2048692
2048729
2048771
2048792
2048835
2048876
2048919
2048957
2048990
2049024
2049042
2049086
2049132
2049170
2049208
2049253
2049294
2049318
2049353
2049385
2049439
2049475
2049494
2049539
2049578
2049619
2049663
2049695
2049737
2049766
2049809
2049853
2049878
2049920
2049962
2049988
2050034
2050072
2050116
2050150
2050183
2050222
2050243
2050279
2050322
2050365
2050407
2050440
2050480
2050519
2050592
2050635
2050660
2050696
2050737
2050777
2050792
2050834
2050870
2050943
2050979
2051003
2051044
2051067
2051107
2051136
2051173
2051195
2051240
2051266
2051310
2051333
2051376
2051414
2051458
2051497
2051518
2051557
2051658
2051698
2051732
2051791
2051834
2051866
2051903
2051935
2051978
2051992
2052026
2052052
2052087
2052116
2052156
2052194
2052232
2052271
2052315
2052356
2052397
2052440
2052479
2052511
2052551
2052582
2052626
2052663
2052701
2052729
2052768
2052787
2052828
2052868
2052901
2052914
2052953
2052963
2053001
2053026
2053063
2053122
2053149
2053191
2053206
2053249
2053279
2053297
2053336
2053380
2053421
2053461
2053487
2053513
2053577
2053608
2053641
2053678
2053716
2053751
2053788
2053828
2053864
2053902
2053940
2053967
2054009
2054082
2054108
2054168
2054208
2054241
2054283
2054320
2054344
2054394
2054434
2054447
2054484
2054519
2054552
2054590
2054628
2054644
2054674
2054708
2054736
2054799
2054832
2054890
2054922
2054961
2055000
2055037
2055071
2055099
2055133
2055172
2055211
2055242
2055274
2055314
2055342
2055381
2055418
2055458
2055474
2055513
2055546
2055585
2055591
2055631
2055668
2055711
2055745
2055784
2055825
2055864
2055905
2055928
2055965
2056004
2056029
2056060
2056102
2056139
2056176
2056208
2056249
2056287
2056319
2056361
2056402
2056435
2056477
2056506
2056534
2056574
2056595
2056629
2056671
2056677
2056720
2056758
2056780
2056822
2056856
2056890
2056918
2056960
2056991
2057032
2057074
2057118
2057159
2057188
2057230
2057247
2057287
2057317
2057357
2057399
2057444
2057461
2057503
2057545
2057589
2057612
2057653
2057688
2057728
2057771
2057800
2057843
2057873
2057910
2057952
2057994
2058033
2058078
2058114
2058156
2058194
2058231
2058254
2058298
2058308
2058350
2058381
2058414
2058450
2058479
2058521
2058559
2058594
2058631
2058670
2058705
2058741
2058763
2058805
2058839
2058878
2058919
2058962
2059004
2059018
2059058
2059083
2059123
2059155
2059170
2059208
2059244
2059281
2059306
2059348
2059377
2059399
2059438
2059452
2059495
2059522
2059551
2059587
2059629
2059669
2059712
2059753
2059770
2059809
2059851
2059892
2059930
2059966
2059995
2060038
2060079
2060109
2060148
2060169
2060212
2060241
2060284
2060321
2060344
2060384
2060409
2060448
2060491
2060521
2060566
2060590
2060615
2060660
2060703
2060746
2060772
2060795
2060830
2060862
2060897
2060938
2060968
2060998
2061037
2061077
2061117
2061155
2061188
2061229
2061266
2061305
2061349
2061390
2061425
2061449
2061488
2061527
2061568
2061610
2061645
2061675
2061715
2061756
2061797
2061821
2061859
2061884
2061914
2061944
2061968
2062004
2062042
2062073
2062103
2062143
2062183
2062221
2062255
2062287
2062320
2062362
2062405
2062441
2062484
2062528
2062564
2062606
2062648
2062678
2062701
2062729
2062760
2062802
2062831
2062872
2062903
2062946
2062990
2062997
2063038
2063075
2063096
2063135
2063171
2063205
2063247
2063285
2063315
2063346
2063371
2063409
2063425
2063464
2063476
2063516
2063546
2063586
2063622
2063666
2063703
2063735
2063777
2063804
2063844
2063881
2063917
2063956
2063967
2064006
2064034
2064070
2064101
2064145
2064184
2064223
2064264
2064307
2064335
2064372
2064417
2064428
2064465
2064478
2064520
2064541
2064580
2064625
2064635
2064678
2064720
2064764
2064802
2064844
2064874
2064903
2064941
2064966
2065010
2065054
2065080
2065122
2065166
2065198
2065224
2065263
2065290
2065331
2065374
2065414
2065434
2065469
2065512
2065550
2065583
2065624
2065666
2065705
2065749
2065780
2065825
2065868
2065887
2065927
2065962
2065994
2066032
2066059
2066094
2066130
2066151
2066186
2066226
2066267
2066307
2066332
2066375
2066414
2066432
2066464
2066502
2066532
2066548
2066579
2066614
2066648
2066687
2066720
2066760
2066794
2066835
2066871
2066909
2066945
2066965
2067020
2067057
2067102
2067142
2067167
2067188
2067219
2067260
2067280
2067314
2067328
2067371
2067403
2067437
2067479
2067521
2067631
2067671
2067711
2067765
2067799
2067841
2067875
2067916
2067957
2068001
2068043
2068064
2068101
2068140
2068179
2068219
2068251
2068290
2068330
2068366
2068407
2068442
2068483
2068522
2068558
2068583
2068625
2068642
2068683
2068713
2068756
2068789
2068828
2068871
2068917
2068957
2068995
2069028
2069070
2069113
2069130
2069165
2069204
2069234
2069273
2069314
2069350
2069389
2069416
2069454
2069496
2069513
2069552
2069584
2069617
2069640
2069673
2069711
2069749
2069779
2069812
2069852
2069885
2069925
2069961
2069996
2070032
2070080
2070119
2070138
2070173
2070208
2070249
2070265
2070306
2070345
2070389
2070421
2070457
2070495
2070537
2070577
2070620
2070651
2070684
2070725
2070756
2070796
2070839
2070875
2070906
2070934
2070973
2071003
2071036
2071069
2071112
2071148
2071168
2071209
2071250
2071286
2071325
2071359
2071389
2071429
2071466
2071496
2071533
2071574
2071613
2071654
2071695
2071737
2071779
2071816
2071850
2071866
2071901
2071939
2071963
2071998
2072035
2072078
2072089
2072120
2072161
2072197
2072278
2072326
2072367
2072408
2072447
2072488
2072520
2072555
2072591
2072618
2072660
2072698
2072717
2072754
2072791
2072833
2072912
2072950
2072981
2073022
2073054
2073089
2073102
2073142
2073185
2073223
2073265
2073301
2073344
2073378
2073407
2073449
2073491
2073527
2073568
2073601
2073643
2073685
2073719
2073759
2073801
2073844
2073889
2073933
2073969
2074000
2074022
2074060
2074082
2074116
2074159
2074179
2074221
2074248
2074284
2074323
2074364
2074404
2074441
2074482
2074518
2074561
2074593
2074634
2074674
2074714
2074755
2074789
2074825
2074858
2074893
2074913
2074955
2074973
2075014
2075055
2075099
2075142
2075177
2075214
2075260
2075303
2075345
2075384
2075425
2075446
2075480
2075519
2075551
2075588
2075612
2075652
2075682
2075720
2075757
2075777
2075810
2075845
2075885
2075923
2075965
2075978
2076022
2076041
2076074
2076103
2076145
2076186
2076220
2076261
2076304
2076344
2076359
2076402
2076439
2076481
2076514
2076546
2076583
2076607
2076678
2076705
2076742
2076782
2076807
2076846
2076856
2076898
2076925
2076960
2077000
2077035
2077061
2077103
2077140
2077181
2077219
2077256
2077292
2077318
2077376
2077415
2077531
2077567
2077604
2077646
2077685
2077722
2077741
2077783
2077802
2077839
2077882
2077923
2077960
2078005
2078042
2078080
2078116
2078157
2078167
2078208
2078244
2078278
2078315
2078355
2078370
2078398
2078439
2078469
2078504
2078536
2078573
2078613
2078664
2078681
2078719
2078759
2078776
2078817
2078891
2078932
2078964
2079009
2079043
2079060
2079099
2079142
2079174
2079211
2079234
2079295
2079338
2079380
2079414
2079453
2079489
2079524
2079568
2079591
2079630
2079671
2079701
2079726
2079764
2079807
2079845
2079879
2079917
2079952
2079998
2080038
2080077
2080117
2080157
2080194
2080216
2080252
2080292
2080302
2080345
2080365
2080401
2080439
2080485
2080512
2080555
2080597
2080639
2080674
2080710
2080747
2080788
2080827
2080846
2080885
2080919
2080960
2081002
2081042
2081055
2081096
2081138
2081180
2081220
2081262
2081289
2081326
2081359
2081373
2081405
2081430
2081473
2081517
2081528
2081569
2081587
2081630
2081652
2081689
2081726
2081765
2081805
2081839
2081885
2081904
2081949
2081972
2082015
2082057
2082089
2082135
2082180
2082215
2082232
2082273
2082307
2082348
2082372
2082415
2082456
2082498
2082538
2082574
2082611
2082652
2082695
2082738
2082775
2082818
2082861
2082875
2082915
2082949
2082989
2083031
2083070
2083111
2083153
2083191
2083233
2083272
2083302
2083321
2083359
2083398
2083441
2083474
2083498
2083523
2083552
2083578
2083619
2083653
2083695
2083737
2083775
2083817
2083837
2083878
2083917
2083947
2083986
2084013
2084044
2084070
2084109
2084149
2084179
2084199
2084224
2084258
2084293
2084303
2084339
2084368
2084409
2084452
2084493
2084534
2084562
2084588
2084624
2084667
2084706
2084743
2084771
2084798
2084840
2084876
2084913
2084954
2084988
2085025
2085054
2085076
2085114
2085127
2085159
2085200
2085211
2085251
2085281
2085318
2085354
2085386
2085418
2085460
2085495
2085526
2085560
2085603
2085648
2085684
2085723
2085767
2085791
2085834
2085875
2085906
2085941
2085957
2085994
2086007
2086047
2086065
2086108
2086124
2086166
2086209
2086252
2086287
2086311
2086354
2086389
2086435
2086474
2086484
2086521
2086552
2086629
2086668
2086710
2086746
2086786
2086823
2086865
2086905
2086927
2086963
2086986
2087015
2087059
2087095
2087133
2087160
2087195
2087234
2087252
2087294
2087334
2087374
2087411
2087435
2087468
2087496
2087528
2087557
2087597
2087635
2087673
2087708
2087734
2087777
2087803
2087841
2087880
2087918
2087924
2087961
2087995
2088026
2088066
2088096
2088135
2088174
2088185
2088216
2088256
2088297
2088327
2088372
2088412
2088456
2088502
2088511
2088553
2088594
2088635
2088666
2088700
2088734
2088773
2088819
2088836
2088880
2088924
2088962
2089004
2089037
2089066
2089102
2089138
2089181
2089225
2089253
2089284
2089318
2089355
2089396
2089432
2089469
2089508
2089548
2089586
2089626
2089661
2089693
2089730
2089771
2089812
2089851
2089883
2089928
2089952
2089995
2090035
2090065
2090085
2090123
2090131
2090170
2090208
2090246
2090290
2090326
2090364
2090408
2090450
2090494
2090538
2090577
2090617
2090657
2090699
2090725
2090751
2090793
2090836
2090842
2090886
2090914
2090950
2090972
2091011
2091050
2091068
2091103
2091141
2091164
2091204
2091238
2091251
2091289
2091324
2091348
2091377
2091417
2091451
2091480
2091522
2091559
2091590
2091627
2091668
2091689
2091729
2091751
2091776
2091811
2091846
2091867
2091900
2091934
2091971
2092013
2092049
2092092
2092129
2092169
2092192
2092231
2092275
2092309
2092336
2092358
2092391
2092430
2092470
2092509
2092550
2092585
2092626
2092662
2092682
2092711
2092741
2092779
2092821
2092836
2092876
2092917
2092958
2092999
2093040
2093079
2093103
2093138
2093180
2093213
2093241
2093272
2093296
2093321
2093378
2093417
2093450
2093481
2093517
2093552
2093589
2093626
2093652
2093686
2093713
2093750
2093768
2093831
2093871
2093905
2093944
2093971
2094007
2094029
2094069
2094097
2094114
2094142
2094183
2094245
2094284
2094305
2094334
2094351
2094380
2094420
2094448
2094472
2094500
2094526
2094562
2094591
2094632
2094671
2094706
2094735
2094768
2094801
2094835
2094865
2094904
2094929
2095007
2095048
2095080
2095117
2095153
2095182
2095211
2095235
2095269
2095292
2095317
2095344
2095385
2095419
2095457
2095487
2095517
2095557
2095584
2095610
2095631
2095669
2095691
2095731
2095761
2095796
2095834
2095874
2095901
2095941
2095979
2096018
2096045
2096084
2096106
2096144
2096185
2096222
2096232
2096269
2096309
2096341
2096376
2096417
2096458
2096499
2096539
2096579
2096620
2096661
2096695
2096736
2096762
2096802
2096840
2096879
2096920
2096948
2096989
2097030
2097066
2097100
2097171
2097209
2097243
2097272
2097288
2097325
2097363
2097392
2097433
2097477
2097517
2097553
2097587
2097603
2097642
2097703
2097742
2097781
2097820
2097846
2097872
2097913
2097944
2097979
2098019
2098059
2098097
2098135
2098153
2098181
2098219
2098258
2098310
2098341
2098378
2098404
2098441
2098462
2098496
2098515
2098554
2098586
2098613
2098642
2098680
2098718
2098759
2098793
2098833
2098867
2098883
2098920
2098976
2099007
2099048
2099065
2099102
2099140
2099158
2099197
2099234
2099272
2099310
2099343
2099369
2099402
2099439
2099482
2099522
2099563
2099583
2099615
2099655
2099679
2099719
2099757
2099794
2099812
2099844
2099875
2099914
2099953
2099992
2100031
2100070
2100098
2100133
2100171
2100189
2100226
2100268
2100307
2100329
2100370
2100395
2100427
2100467
2100502
2100526
2100569
2100590
2100630
2100660
2100700
2100738
2100777
2100818
2100826
2100862
2100876
2100916
2100955
2100993
2101021
2101047
2101106
2101136
2101150
2101180
2101221
2101263
2101301
2101334
2101372
2101414
2101450
2101490
2101524
2101558
2101599
2101637
2101665
2101698
2101731
2101771
2101812
2101854
2101889
2101926
2101960
2102000
2102031
2102068
2102095
2102138
2102171
2102216
2102259
2102302
2102330
2102351
2102392
2102472
2102510
2102548
2102582
2102609
2102653
2102698
2102737
2102784
2102828
2102862
2102903
2102911
2102955
2102993
2103028
2103070
2103099
2103142
2103187
2103229
2103276
2103307
2103351
2103391
2103429
2103471
2103513
2103557
2103586
2103609
2103653
2103698
2103743
2103790
2103810
2103851
2103871
2103913
2103954
2104001
2104046
2104072
2104118
2104127
2104171
2104215
2104260
2104286
2104328
2104357
2104402
2104450
2104496
2104531
2104577
2104622
2104671
2104710
2104745
2104772
2104817
2104864
2104887
2104933
2104978
2105004
2105037
2105067
2105112
2105144
2105187
2105227
2105265
2105313
2105342
2105390
2105426
2105470
2105514
2105562
2105609
2105632
2105678
2105707
2105752
2105797
2105841
2105873
2105908
2105936
2105979
2106008
2106051
2106097
2106141
2106188
2106231
2106251
2106297
2106343
2106378
2106421
2106464
2106501
2106545
2106593
2106638
2106673
2106718
2106762
2106783
2106829
2106853
2106883
2106930
2106972
2107005
2107051
2107093
2107136
2107180
2107213
2107254
2107298
2107338
2107382
2107396
2107436
2107478
2107491
2107528
2107550
2107580
2107621
2107667
2107694
2107740
2107786
2107832
2107877
2107923
2107952
2107996
2108037
2108096
2108171
2108217
2108259
2108290
2108332
2108364
2108402
2108433
2108459
2108505
2108532
2108575
2108621
2108636
2108679
2108716
2108736
2108780
2108816
2108856
2108891
2108937
2108959
2109002
2109043
2109079
2109120
2109162
2109225
2109271
2109310
2109342
2109387
2109429
2109466
2109499
2109522
2109549
2109576
2109620
2109661
2109700
2109739
2109779
2109811
2109838
2109882
2109926
2109969
2109993
2110029
2110064
2110096
2110139
2110182
2110227
2110271
2110313
2110352
2110387
2110421
2110464
2110507
2110551
2110592
2110636
2110675
2110711
2110744
2110786
2110824
2110857
2110897
2110942
2110986
2111028
2111070
2111114
2111159
2111197
2111231
2111272
2111309
2111346
2111390
2111426
2111461
2111496
2111539
2111568
2111607
2111646
2111688
2111729
2111765
2111796
2111835
2111877
2111919
2111959
2111994
2112016
2112058
2112088
2112133
2112174
2112216
2112252
2112297
2112336
2112380
2112421
2112466
2112497
2112529
2112571
2112584
2112626
2112635
2112679
2112716
2112759
2112799
2112810
2112855
2112897
2112941
2112983
2113014
2113047
2113088
2113124
2113156
2113199
2113233
2113270
2113309
2113343
2113377
2113421
2113454
2113485
2113526
2113568
2113613
2113644
2113670
2113704
2113741
2113769
2113806
2113841
2113881
2113922
2113956
2113998
2114040
2114078
2114104
2114144
2114188
2114228
2114262
2114293
2114337
2114381
2114402
2114435
2114477
2114519
2114546
2114592
2114647
2114687
2114727
2114758
2114796
2114839
2114866
2114899
2114942
2114981
2115026
2115071
2115085
2115122
2115159
2115201
2115235
2115275
2115314
2115336
2115378
2115396
2115424
2115454
2115478
2115518
2115557
2115599
2115640
2115682
2115715
2115744
2115765
2115808
2115849
2115893
2115936
2115976
2116007
2116037
2116071
2116096
2116136
2116178
2116220
2116242
2116286
2116308
2116348
2116389
2116423
2116458
2116499
2116536
2116574
2116613
2116653
2116691
2116728
2116772
2116815
2116854
2116892
2116934
2116972
2117016
2117058
2117101
2117144
2117178
2117220
2117237
2117269
2117310
2117318
2117358
2117383
2117411
2117445
2117469
2117506
2117547
2117567
2117608
2117652
2117688
2117714
2117751
2117774
2117810
2117842
2117879
2117923
2117939
2117983
2118022
2118056
2118101
2118144
2118177
2118218
2118260
2118302
2118345
2118378
2118418
2118438
2118478
2118521
2118544
2118576
2118619
2118658
2118692
2118717
2118746
2118767
2118809
2118849
2118888
2118904
2118945
2118989
2119032
2119075
2119117
2119127
2119170
2119201
2119240
2119276
2119313
2119338
2119375
2119415
2119452
2119492
2119532
2119573
2119617
2119659
2119683
2119721
2119766
2119788
2119815
2119858
2119879
2119906
2119949
2119991
2120011
2120053
2120095
2120132
2120146
2120188
2120212
2120253
2120271
2120308
2120349
2120371
2120414
2120459
2120501
2120535
2120581
2120627
2120665
2120709
2120746
2120792
2120838
2120872
2120916
2120959
2121004
2121044
2121083
2121125
2121165
2121204
2121248
2121290
2121320
2121350
2121389
2121435
2121476
2121509
2121549
2121595
2121635
2121701
2121746
2121792
2121830
2121849
2121882
2121927
2121963
2121999
2122042
2122082
2122128
2122174
2122204
2122248
2122284
2122314
2122353
2122391
2122429
2122471
2122505
2122532
2122576
2122605
2122647
2122685
2122723
2122768
2122793
2122834
2122857
2122902
2122937
2122982
2123021
2123061
2123099
2123133
2123149
2123188
2123233
2123278
2123322
2123365
2123399
2123441
2123486
2123530
2123564
2123604
2123615
2123661
2123698
2123720
2123764
2123809
2123848
2123890
2123929
2123973
2124012
2124053
2124095
2124136
2124152
2124192
2124230
2124274
2124313
2124353
2124398
2124442
2124478
2124523
2124560
2124601
2124647
2124691
2124731
2124773
2124810
2124846
2124884
2124920
2124959
2124990
2125032
2125076
2125110
2125155
2125183
2125218
2125253
2125298
2125324
2125367
2125403
2125447
2125470
2125514
2125558
2125599
2125641
2125671
2125705
2125744
2125774
2125816
2125839
2125879
2125921
2125962
2126004
2126027
2126066
2126111
2126139
2126183
2126221
2126260
2126287
2126330
2126364
2126401
2126439
2126456
2126496
2126536
2126569
2126603
2126649
2126674
2126710
2126744
2126789
2126830
2126870
2126915
2126959
2126967
2127007
2127049
2127078
2127121
2127149
2127182
2127220
2127250
2127294
2127339
2127382
2127413
2127454
2127498
2127543
2127578
2127595
2127639
2127647
2127690
2127713
2127743
2127767
2127808
2127849
2127894
2127939
2127984
2128027
2128070
2128105
2128132
2128163
2128204
2128235
2128276
2128294
2128326
2128348
2128372
2128402
2128445
2128490
2128506
2128544
2128581
2128625
2128664
2128710
2128748
2128790
2128833
2128870
2128901
2128943
2128988
2129027
2129070
2129100
2129135
2129171
2129212
2129253
2129296
2129341
2129382
2129423
2129450
2129491
2129530
2129559
2129601
2129644
2129669
2129713
2129754
2129797
2129840
2129874
2129917
2129961
2129992
2130023
2130067
2130109
2130153
2130180
2130222
2130262
2130288
2130332
2130365
2130401
2130446
2130476
2130515
2130545
2130579
2130613
2130651
2130692
2130737
2130776
2130818
2130860
2130903
2130946
2130991
2131027
2131066
2131086
2131120
2131165
2131192
2131230
2131267
2131294
2131333
2131377
2131413
2131456
2131500
2131543
2131578
2131607
2131650
2131694
2131719
2131762
2131793
2131825
2131868
2131908
2131952
2131997
2132040
2132076
2132119
2132146
2132184
2132216
2132245
2132268
2132313
2132336
2132376
2132406
2132448
2132491
2132536
2132572
2132611
2132636
2132673
2132712
2132745
2132784
2132819
2132863
2132890
2132920
2132957
2132998
2133034
2133070
2133111
2133154
2133199
2133239
2133282
2133318
2133362
2133394
2133434
2133476
2133517
2133549
2133593
2133626
2133668
2133715
2133759
2133807
2133851
2133892
2133933
2133958
2134000
2134041
2134081
2134123
2134149
2134185
2134227
2134272
2134314
2134356
2134402
2134447
2134475
2134505
2134547
2134583
2134629
2134674
2134712
2134748
2134793
2134825
2134864
2134906
2134944
2134987
2135024
2135052
2135091
2135135
2135180
2135193
2135233
2135278
2135305
2135345
2135389
2135432
2135456
2135488
2135532
2135564
2135609
2135646
2135672
2135717
2135763
2135804
2135849
2135891
2135935
2135980
2136024
2136068
2136107
2136135
2136175
2136217
2136257
2136284
2136321
2136358
2136388
2136424
2136447
2136489
2136530
2136566
2136604
2136615
2136654
2136680
2136723
2136768
2136807
2136846
2136887
2136913
2136944
2136984
2137029
2137054
2137098
2137119
2137153
2137197
2137241
2137282
2137307
2137350
2137392
2137436
2137482
2137526
2137565
2137593
2137618
2137648
2137672
2137715
2137758
2137791
2137828
2137870
2137899
2137942
2137972
2138015
2138049
2138095
2138101
2138139
2138175
2138199
2138237
2138280
2138324
2138347
2138390
2138426
2138459
2138501
2138513
2138558
2138604
2138649
2138690
2138726
2138768
2138811
2138853
2138895
2138939
2138976
2138988
2139026
2139070
2139113
2139157
2139221
2139262
2139290
2139331
2139359
2139398
2139444
2139477
2139515
2139557
2139597
2139633
2139673
2139716
2139751
2139778
2139819
2139863
2139908
2139940
2139971
2140002
2140044
2140084
2140124
2140167
2140201
2140246
2140284
2140328
2140361
2140403
2140445
2140470
2140515
2140555
2140585
2140628
2140670
2140714
2140744
2140782
2140826
2140858
2140885
2140924
2140962
2140991
2141010
2141044
2141085
2141128
2141136
2141175
2141214
2141251
2141293
2141335
2141362
2141405
2141451
2141486
2141517
2141550
2141568
2141605
2141650
2141695
2141716
2141750
2141786
2141831
2141877
2141905
2141939
2141981
2142025
2142063
2142108
2142146
2142186
2142222
2142264
2142297
2142338
2142383
2142423
2142459
2142500
2142543
2142587
2142630
2142661
2142699
2142743
2142776
2142813
2142853
2142898
2142943
2142983
2143012
2143044
2143087
2143130
2143149
2143192
2143220
2143262
2143307
2143351
2143378
2143411
2143433
2143475
2143514
2143556
2143584
2143622
2143668
2143706
2143745
2143790
2143836
2143858
2143903
2143933
2143977
2144020
2144062
2144104
2144148
2144185
2144226
2144234
2144277
2144318
2144361
2144404
2144446
2144479
2144523
2144544
2144581
2144608
2144649
2144695
2144738
2144767
2144804
2144846
2144890
2144949
2144991
2145006
2145040
2145082
2145110
2145154
2145200
2145246
2145292
2145338
2145376
2145397
2145441
2145483
2145508
2145557
2145599
2145640
2145687
2145731
2145771
2145819
2145864
2145907
2145955
2146002
2146046
2146087
2146127
2146171
2146191
2146237
2146283
2146329
2146364
2146409
2146444
2146487
2146538
2146583
2146617
2146660
2146692
2146735
2146777
2146821
2146863
2146904
2146951
2146995
2147038
2147086
2147132
2147174
2147219
2147264
2147308
2147351
2147396
2147438
2147482
2147526
2147562
2147590
2147624
2147661
2147706
2147741
2147774
2147821
2147829
2147877
2147894
2147938
2147982
2148005
2148047
2148089
2148119
2148161
2148176
2148222
2148268
2148315
2148357
2148380
2148425
2148468
2148505
2148551
2148576
2148621
2148667
2148692
2148733
2148779
2148826
2148857
2148904
2148949
2148986
2149034
2149080
2149088
2149129
2149157
2149198
2149222
2149266
2149309
2149342
2149381
2149422
2149463
2149497
2149535
2149575
2149618
2149652
2149697
2149737
2149779
2149817
2149860
2149901
2149939
2149985
2150009
2150051
2150096
2150141
2150177
2150213
2150254
2150294
2150326
2150357
2150400
2150450
2150495
2150543
2150586
2150630
2150664
2150708
2150751
2150798
2150846
2150891
2150928
2150970
2151015
2151060
2151103
2151150
2151199
2151247
2151293
2151337
2151383
2151428
2151469
2151512
2151553
2151598
2151639
2151676
2151716
2151758
2151801
2151847
2151893
2151937
2151947
2151995
2152034
2152076
2152092
2152132
2152163
2152184
2152231
2152274
2152305
2152334
2152378
2152420
2152440
2152483
2152515
2152562
2152598
2152637
2152676
2152723
2152765
2152808
2152851
2152881
2152925
2152968
2153011
2153050
2153095
2153136
2153181
2153222
2153265
2153297
2153320
2153366
2153412
2153458
2153500
2153530
2153577
2153609
2153655
2153699
2153743
2153787
2153808
2153855
2153897
2153928
2153975
2154018
2154061
2154107
2154154
2154200
2154240
2154282
2154327
2154373
2154393
2154434
2154473
2154520
2154550
2154591
2154608
2154651
2154685
2154731
2154775
2154821
2154859
2154906
2154951
2154998
2155040
2155086
2155128
2155169
2155211
2155257
2155294
2155330
2155359
2155405
2155453
2155469
2155509
2155544
2155585
2155628
2155656
2155698
2155738
2155780
2155819
2155854
2155889
2155927
2155970
2156012
2156027
2156073
2156103
2156138
2156170
2156207
2156231
2156271
2156301
2156339
2156351
2156389
2156422
2156466
2156485
2156525
2156573
2156619
2156667
2156683
2156726
2156768
2156816
2156863
2156873
2156920
2156967
2156991
2157032
2157077
2157114
2157157
2157195
2157240
2157266
2157305
2157354
2157369
2157414
2157444
2157480
2157521
2157535
2157571
2157602
2157647
2157679
2157716
2157760
2157793
2157831
2157875
2157917
2157953
2157982
2158032
2158075
2158115
2158160
2158202
2158239
2158260
2158304
2158348
2158388
2158426
2158474
2158521
2158567
2158612
2158651
2158694
2158727
2158752
2158799
2158841
2158866
2158899
2158947
2158994
2159035
2159071
2159110
2159158
2159205
2159247
2159293
2159338
2159384
2159430
2159471
2159512
2159538
2159563
2159609
2159652
2159693
2159724
2159771
2159781
2159822
2159851
2159880
2159909
2159951
2159962
2160004
2160040
2160082
2160120
2160162
2160198
2160236
2160271
2160309
2160337
2160357
2160399
2160430
2160461
2160485
2160514
2160546
2160586
2160621
2160685
2160725
2160754
2160795
2160834
2160868
2160886
2160920
2160960
2160979
2161015
2161051
2161078
2161105
2161136
2161171
2161201
2161238
2161276
2161319
2161352
2161395
2161439
2161474
2161496
2161534
2161559
2161599
2161620
2161689
2161730
2161772
2161790
2161825
2161865
2161901
2161943
2161974
2162012
2162040
2162082
2162124
2162158
2162198
2162239
2162281
2162305
2162345
2162386
2162426
2162458
2162493
2162533
2162564
2162602
2162618
2162661
2162693
2162735
2162767
2162805
2162847
2162876
2162913
2162956
2162982
2163023
2163065
2163104
2163135
2163168
2163211
2163236
2163276
2163296
2163337
2163370
2163391
2163433
2163472
2163527
2163548
2163588
2163628
2163669
2163703
2163733
2163758
2163794
2163821
2163853
2163885
2163920
2163965
2164002
2164032
2164059
2164088
2164110
2164147
2164176
2164209
2164238
2164275
2164304
2164338
2164363
2164398
2164431
2164461
2164501
2164540
2164573
2164615
2164649
2164691
2164730
2164764
2164799
2164841
2164857
2164898
2164939
2164950
2164992
2165017
2165051
2165093
2165126
2165168
2165184
2165217
2165260
2165301
2165329
2165363
2165403
2165443
2165471
2165505
2165535
2165573
2165611
2165648
2165680
2165723
2165925
2165961
2166002
2166041
2166079
2166118
2166156
2166199
2166243
2166275
2166319
2166353
2166384
2166422
2166459
2166492
2166524
2166565
2166600
2166630
2166668
2166694
2166732
2166770
2166791
2166816
2166850
2166874
2166914
2166955
2166981
2167004
2167043
2167075
2167107
2167121
2167159
2167175
2167213
2167238
2167280
2167319
2167348
2167383
2167426
2167453
2167488
2167515
2167555
2167577
2167614
2167659
2167674
2167716
2167747
2167787
2167806
2167840
2167872
2167908
2167948
2167965
2168009
2168034
2168075
2168112
2168152
2168193
2168227
2168262
2168296
2168337
2168369
2168392
2168430
2168470
2168505
2168548
2168594
2168632
2168669
2168694
2168726
2168758
2168797
2168838
2168882
2168918
2168961
2168990
2169022
2169054
2169090
2169101
2169133
2169168
2169208
2169248
2169290
2169329
2169367
2169403
2169448
2169486
2169529
2169569
2169590
2169625
2169657
2169698
2169738
2169775
2169813
2169855
2169896
2169934
2169973
2170012
2170034
2170066
2170094
2170136
2170179
2170219
2170259
2170285
2170327
2170347
2170380
2170413
2170448
2170484
2170529
2170556
2170585
2170626
2170634
2170677
2170705
2170773
2170816
2170855
2170878
2170920
2170946
2170980
2171021
2171060
2171098
2171139
2171178
2171219
2171247
2171288
2171323
2171366
2171409
2171439
2171472
2171503
2171536
2171574
2171594
2171620
2171659
2171689
2171726
2171769
2171810
2171854
2171892
2171923
2171955
2171993
2172034
2172060
2172103
2172135
2172172
2172205
2172237
2172251
2172293
2172330
2172367
2172408
2172437
2172464
2172506
2172549
2172588
2172629
2172655
2172688
2172717
2172759
2172800
2172841
2172862
2172897
2172920
2172958
2173001
2173036
2173072
2173113
2173146
2173178
2173197
2173239
2173277
2173286
2173330
2173371
2173411
2173452
2173492
2173523
2173554
2173592
2173618
2173653
2173690
2173732
2173770
2173803
2173838
2173863
2173897
2173930
2173965
2174005
2174047
2174085
2174121
2174162
2174176
2174206
2174223
2174265
2174298
2174328
2174363
2174399
2174437
2174479
2174511
2174543
2174569
2174610
2174649
2174666
2174707
2174743
2174763
2174809
2174837
2174876
2174912
2174951
2174995
2175016
2175057
2175097
2175132
2175155
2175195
2175232
2175276
2175318
2175346
2175387
2175429
2175458
2175487
2175508
2175548
2175591
2175635
2175672
2175716
2175739
2175781
2175823
2175866
2175882
2175925
2175954
2175998
2176029
2176071
2176100
2176125
2176164
2176206
2176230
2176257
2176293
2176443
2176480
2176510
2176580
2176619
2176643
2176683
2176722
2176753
2176793
2176831
2176867
2176906
2176932
2176976
2176997
2177038
2177058
2177093
2177133
2177168
2177201
2177235
2177271
2177307
2177346
2177385
2177419
2177466
2177497
2177529
2177571
2177613
2177656
2177698
2177738
2177789
2177812
2177849
2177891
2177928
2177965
2178004
2178042
2178081
2178120
2178163
2178207
2178232
2178271
2178298
2178337
2178374
2178397
2178435
2178463
2178501
2178528
2178557
2178588
2178618
2178657
2178695
2178728
2178762
2178798
2178824
2178846
2178874
2178915
2178935
2178976
2179019
2179079
2179122
2179130
2179170
2179198
2179226
2179267
2179288
2179313
2179348
2179376
2179394
2179430
2179456
2179498
2179535
2179576
2179616
2179648
2179685
2179717
2179753
2179790
2179822
2179860
2179902
2179932
2179955
2179994
2180033
2180073
2180097
2180133
2180169
2180208
2180249
2180287
2180403
2180441
2180484
2180522
2180565
2180607
2180642
2180676
2180716
2180742
2180816
2180879
2180918
2180953
2180986
2181022
2181061
2181089
2181128
2181164
2181189
2181229
2181268
2181302
2181329
2181366
2181385
2181425
2181447
2181481
2181519
2181561
2181604
2181646
2181663
2181700
2181743
2181784
2181829
2181866
2181902
2181940
2181974
2182015
2182055
2182119
2182155
2182195
2182235
2182265
2182303
2182338
2182374
2182398
2182427
2182463
2182499
2182541
2182585
2182617
2182660
2182700
2182723
2182796
2182830
2182870
2182912
2182950
2182967
2183001
2183045
2183079
2183092
2183128
2183164
2183201
2183241
2183267
2183347
2183383
2183402
2183430
2183473
2183510
2183563
2183599
2183626
2183700
2183743
2183810
2183847
2183888
2183918
2183953
2183994
2184032
2184073
2184115
2184132
2184174
2184211
2184246
2184280
2184315
2184355
2184383
2184426
2184454
2184475
2184508
2184544
2184580
2184605
2184647
2184686
2184722
2184752
2184795
2184837
2184877
2184916
2184930
2184966
2184985
2185027
2185068
2185106
2185144
2185183
2185214
2185255
2185299
2185320
2185362
2185396
2185442
2185484
2185527
2185582
2185602
2185646
2185684
2185721
2185758
2185801
2185857
2185898
2185933
2185975
2186011
2186039
2186089
2186131
2186169
2186200
2186223
2186247
2186282
2186321
2186363
2186416
2186444
2186484
2186518
2186545
2186588
2186621
2186660
2186694
2186736
2186779
2186819
2186853
2186895
2186932
2186972
2187015
2187055
2187097
2187137
2187173
2187183
2187221
2187254
2187288
2187331
2187368
2187407
2187444
2187484
2187529
2187575
2187616
2187662
2187708
2187754
2187795
2187839
2187855
2187893
2187925
2187962
2187996
2188035
2188074
2188105
2188121
2188149
2188179
2188198
2188228
2188245
2188278
2188316
2188356
2188390
2188434
2188474
2188513
2188553
2188592
2188615
2188648
2188689
2188703
2188744
2188786
2188826
2188864
2188901
2188934
2189003
2189046
2189060
2189100
2189136
2189176
2189214
2189249
2189287
2189328
2189348
2189385
2189425
2189464
2189492
2189530
2189573
2189613
2189657
2189694
2189735
2189763
2189787
2189824
2189870
2189885
2189924
2189960
2189975
2190013
2190047
2190085
2190119
2190158
2190192
2190228
2190266
2190304
2190341
2190355
2190396
2190432
2190453
2190475
2190517
2190556
2190585
2190620
2190641
2190664
2190704
2190725
2190755
2190776
2190813
2190843
2190904
2190924
2190965
2190999
2191037
2191073
2191091
2191121
2191145
2191182
2191204
2191228
2191262
2191303
2191341
2191391
2191429
2191470
2191506
2191545
2191569
2191602
2191638
2191671
2191712
2191744
2191784
2191822
2191864
2191880
2191919
2191957
2191990
2192027
2192070
2192098
2192126
2192168
2192210
2192249
2192288
2192329
2192372
2192403
2192438
2192469
2192506
2192529
2192557
2192600
2192641
2192677
2192699
2192731
2192762
2192797
2192832
2192866
2192893
2192930
2192961
2192994
2193028
2193061
2193098
2193126
2193170
2193202
2193220
2193253
2193282
2193313
2193345
2193379
2193406
2193428
2193466
2193504
2193539
2193577
2193614
2193651
2193692
2193714
2193755
2193796
2193839
2193884
2193929
2193964
2194007
2194045
2194086
2194118
2194155
2194195
2194237
2194281
2194326
2194367
2194404
2194448
2194487
2194529
2194570
2194596
2194638
2194650
2194694
2194736
2194772
2194800
2194841
2194863
2194898
2194943
2194982
2195019
2195054
2195078
2195123
2195166
2195200
2195245
2195288
2195328
2195371
2195416
2195445
2195471
2195494
2195508
2195521
2195548
2195574
2195593
2195615
2195640
2195666
2195688
2195702
2195728
2195753
2195782
2195794
2195828
2195839
2207307
2207337
2207363
2207389
2207422
2207462
2207503
2207537
2207575
2207595
2207624
2207651
2207679
2207716
2207746
2207775
2207809
2207841
2207879
2207908
2207953
2207981
2208012
2208041
2208059
2208094
2208125
2208154
2208191
2208228
2208265
2208292
2208325
2208360
2208396
2208434
2208476
2208480
2208522
2208547
2208585
2208611
2208639
2208678
2208717
2208757
2208794
2208818
2208854
2208889
2208930
2208944
2208990
2209029
2209067
2209097
2209136
2209177
2209213
2209254
2209290
2209326
2209369
2209387
2209415
2209446
2209467
2209499
2209535
2209568
2209607
2209633
2209663
2209698
2209721
2209753
2209790
2209825
2209864
2209906
2209933
2209964
2210000
2210042
2210077
2210115
2210157
2210188
2210200
2210240
2210280
2210304
2210339
2210381
2210419
2210458
2210479
2210520
2210561
2210587
2210622
2210666
2210703
2210723
2210764
2210806
2210841
2210858
2210898
2210925
2210954
2210981
2211019
2211051
2211092
2211127
2211167
2211204
2211244
2211284
2211317
2211356
2211397
2211440
2211483
2211515
2211557
2211594
2211612
2211652
2211684
2211710
2211740
2211778
2211819
2211846
2211884
2211920
2211957
2211996
2212011
2212049
2212093
2212127
2212166
2212186
2212226
2212249
2212288
2212311
2212351
2212388
2212401
2212438
2212470
2212491
2212534
2212577
2212614
2212654
2212697
2212738
2212777
2212820
2212858
2212896
2212937
2212979
2213013
2213035
2213076
2213095
2213134
2213178
2213207
2213219
2213259
2213297
2213339
2213373
2213393
2213430
2213472
2213513
2213554
2213596
2213615
2213658
2213685
2213716
2213742
2213769
2213808
2213825
2213867
2213887
2213925
2213962
2213997
2214039
2214054
2214094
2214110
2214149
2214188
2214217
2214249
2214288
2214324
2214366
2214389
2214428
2214469
2214482
2214514
2214557
2214597
2214638
2214655
2214693
2214736
2214763
2214804
2214844
2214885
2214910
2214946
2214984
2215026
2215059
2215100
2215129
2215168
2215209
2215241
2215283
2215312
2215354
2215392
2215431
2215469
2215509
2215548
2215585
2215622
2215656
2215694
2215713
2215749
2215778
2215820
2215853
2215893
2215930
2215973
2216008
2216043
2216079
2216119
2216146
2216184
2216223
2216261
2216300
2216341
2216378
2216418
2216459
2216480
2216514
2216550
2216591
2216626
2216660
2216683
2216726
2216769
2216796
2216838
2216872
2216910
2216952
2216975
2217014
2217051
2217058
2217103
2217138
2217180
2217209
2217249
2217288
2217327
2217367
2217408
2217445
2217475
2217517
2217561
2217578
2217617
2217656
2217694
2217734
2217776
2217813
2217828
2217871
2217915
2217956
2217978
2217994
2218029
2218069
2218094
2218135
2218166
2218193
2218216
2218232
2218256
2218276
2218303
2218323
2218356
2218394
2218404
2218441
2218484
2218503
2218543
2218579
2218612
2218657
2218685
2218727
2218767
2218806
2218843
2218877
2218914
2218928
2218964
2218974
2219015
2219056
2219097
2219136
2219155
2219199
2219242
2219283
2219323
2219362
2219399
2219440
2219476
2219516
2219553
2219580
2219602
2219637
2219672
2219683
2219717
2219747
2219790
2219829
2219854
2219895
2219930
2219960
2220001
2220042
2220077
2220110
2220141
2220182
2220208
2220239
2220262
2220283
2220317
2220358
2220399
2220415
2220454
2220489
2220530
2220552
2220586
2220608
2220645
2220675
2220689
2220725
2220768
2220797
2220832
2220874
2220903
2220942
2220985
2221001
2221044
2221086
2221103
2221134
2221168
2221199
2221240
2221281
2221322
2221354
2221397
2221436
2221475
2221511
2221549
2221585
2221628
2221672
2221714
2221755
2221794
2221832
2221868
2221911
2221945
2221967
2221997
2222033
2222048
2222081
2222094
2222136
2222169
2222185
2222228
2222267
2222302
2222345
2222387
2222427
2222464
2222497
2222537
2222547
2222583
2222620
2222651
2222694
2222738
2222765
2222786
2222828
2222872
2222891
2222925
2222967
2222983
2223020
2223049
2223090
2223122
2223158
2223180
2223197
2223241
2223269
2223308
2223347
2223385
2223397
2223432
2223475
2223508
2223548
2223573
2223596
2223635
2223666
2223704
2223739
2223759
2223802
2223833
2223865
2223910
2223934
2223976
2224018
2224060
2224083
2224117
2224139
2224180
2224222
2224258
2224301
2224329
2224359
2224382
2224415
2224449
2224466
2224498
2224537
2224572
2224608
2224642
2224677
2224694
2224736
2224774
2224810
2224835
2224871
2224891
2224929
2224964
2224982
2225019
2225059
2225097
2225134
2225176
2225213
2225254
2225287
2225318
2225344
2225383
2225421
2225458
2225488
2225519
2225559
2225585
2225612
2225640
2225671
2225712
2225743
2225783
2225794
2225816
2225830
2225870
2225888
2225927
2225953
2225979
2226016
2226051
2226087
2226123
2226161
2226197
2226229
2226256
2226284
2226317
2226329
2226365
2226408
2226450
2226484
2226526
2226536
2226576
2226608
2226641
2226662
2226704
2226748
2226787
2226825
2226868
2226911
2226953
2226982
2227023
2227050
2227090
2227132
2227178
2227183
2227221
2227226
2227265
2227300
2227323
2227358
2227377
2227416
2227455
2227486
2227528
2227569
2227607
2227633
2227671
2227694
2227726
2227765
2227788
2227820
2227860
2227897
2227905
2227947
2227988
2228018
2228055
2228086
2228118
2228139
2228180
2228201
2228241
2228282
2228318
2228340
2228362
2228400
2228439
2228471
2228496
2228525
2228564
2228599
2228620
2228651
2228676
2228715
2228754
2228769
2228805
2228840
2228879
2228916
2228948
2228983
2229008
2229043
2229079
2229104
2229143
2229168
2229206
2229240
2229262
2229301
2229336
2229377
2229406
2229445
2229476
2229510
2229534
2229574
2229596
2229636
2229673
2229693
2229731
2229769
2229810
2229846
2229875
2229915
2229940
2229979
2230022
2230057
2230086
2230111
2230147
2230175
2230216
2230247
2230287
2230296
2230334
2230369
2230386
2230423
2230455
2230489
2230513
2230552
2230591
2230630
2230670
2230707
2230740
2230781
2230804
2230835
2230872
2230902
2230944
2230974
2231005
2231046
2231053
2231095
2231136
2231177
2231218
2231251
2231284
2231316
2231353
2231370
2231409
2231442
2231481
2231517
2231555
2231590
2231633
2231675
2231717
2231746
2231781
2231822
2231862
2231905
2231928
2231966
2232005
2232047
2232081
2232124
2232140
2232179
2232221
2232257
2232298
2232322
2232361
2232386
2232424
2232460
2232503
2232541
2232577
2232605
2232641
2232680
2232719
2232758
2232795
2232836
2232868
2232902
2232932
2232967
2233005
2233039
2233076
2233096
2233136
2233174
2233212
2233235
2233264
2233296
2233329
2233360
2233392
2233429
2233461
2233497
2233523
2233544
2233578
2233614
2233639
2233672
2233700
2233735
2233768
2233803
2233836
2233860
2233882
2233920
2233924
2233960
2233985
2234017
2234048
2234086
2234122
2234151
2234172
2234213
2234239
2234271
2234297
2234327
2234364
2234389
2234427
2234451
2234487
2234509
2234543
2234557
2234587
2234628
2234668
2234708
2234734
2234765
2234788
2234821
2234837
2234875
2234906
2234935
2234961
2234990
2235025
2235056
2235087
2235125
2235166
2235207
2235235
2235267
2235287
2235318
2235346
2235383
2235417
2235453
2235494
2235516
2235557
2235588
2235625
2235666
2235698
2235741
2235775
2235798
2235839
2235867
2235900
2235937
2235966
2235988
2236029
2236071
2236107
2236148
2236183
2236207
2236243
2236279
2236315
2236348
2236385
2236425
2236462
2236489
2236524
2236556
2236577
2236611
2236649
2236676
2236714
2236755
2236793
2236828
2236859
2236895
2236917
2236957
2236995
2237026
2237066
2237097
2237127
2237165
2237200
2237242
2237283
2237300
2237339
2237362
2237394
2237434
2237470
2237513
2237542
2237577
2237602
2237625
2237666
2237681
2237720
2237737
2237776
2237798
2237834
2237872
2237904
2237931
2237972
2238006
2238021
2238042
2238081
2238120
2238152
2238187
2238219
2238250
2238279
2238313
2238352
2238377
2238411
2238447
2238486
2238525
2238567
2238594
2238629
2238663
2238703
2238740
2238771
2238810
2238850
2238885
2238913
2238942
2238980
2239020
2239050
2239090
2239112
2239144
2239174
2239218
2239257
2239287
2239324
2239365
2239406
2239444
2239478
2239490
2239530
2239569
2239606
2239646
2239678
2239709
2239751
2239781
2239816
2239852
2239892
2239906
2239940
2239971
2240010
2240025
2240065
2240107
2240151
2240187
2240221
2240254
2240291
2240333
2240361
2240398
2240424
2240451
2240483
2240510
2240529
2240555
2240589
2240595
2240635
2240671
2240702
2240741
2240777
2240783
2240818
2240858
2240892
2240901
2240940
2240980
2241011
2241049
2241085
2241122
2241154
2241179
2241219
2241248
2241266
2241302
2241339
2241374
2241413
2241452
2241465
2241489
2241520
2241550
2241581
2241595
2241627
2241659
2241692
2241724
2241753
2241782
2241814
2241844
2241877
2241899
2241911
2241939
2241966
2241993
2242024
2242054
2242072
2242094
2242126
2242153
2242179
2242211
2242242
2242268
2242301
2242329
2242345
2242367
2242397
2242416
2242447
2242469
2242509
2242536
2242572
2242604
2242620
2242653
2242689
2242709
2242735
2242750
2242778
2242813
2242835
2242865
2242901
2242938
2242975
2243014
2243023
2243055
2243091
2243127
2243159
2243194
2243222
2243240
2243275
2243311
2243331
2243367
2243399
2243412
2243448
2243474
2243492
2243528
2243560
2243595
2243614
2243648
2243684
2243720
2243755
2243762
2243792
2243822
2243852
2243881
2243907
2243938
2243961
2243997
2244031
2244065
2244100
2244134
2244166
2244201
2244227
2244263
2244299
2244333
2244353
2244384
2244422
2244440
2244475
2244502
2244536
2244572
2244608
2244637
2244667
2244694
2244734
2244766
2244794
2244830
2244865
2244877
2244912
2244935
2244972
2245014
2245051
2245079
2245113
2245155
2245180
2245221
2245265
2245308
2245329
2245357
2245398
2245437
2245468
2245492
2245527
2245566
2245600
2245639
2245662
2245701
2245740
2245763
2245798
2245826
2245859
2245883
2245907
2245940
2245971
2246009
2246034
2246072
2246104
2246137
2246177
2246219
2246262
2246300
2246337
2246369
2246408
2246448
2246460
2246503
2246520
2246546
2246588
2246627
2246659
2246694
2246719
2246761
2246788
2246813
2246854
2246878
2246916
2246952
2246989
2247022
2247055
2247093
2247119
2247158
2247199
2247234
2247266
2247304
2247326
2247357
2247392
2247432
2247440
2247476
2247514
2247524
2247566
2247603
2247641
2247681
2247719
2247750
2247793
2247805
2247847
2247888
2247931
2247967
2247997
2248029
2248067
2248111
2248153
2248195
2248236
2248260
2248295
2248313
2248353
2248385
2248411
2248441
2248479
2248521
2248539
2248584
2248627
2248644
2248685
2248721
2248755
2248795
2248830
2248870
2248903
2248934
2248974
2249012
2249050
2249092
2249097
2249139
2249181
2249222
2249266
2249306
2249343
2249368
2249406
2249442
2249473
2249514
2249535
2249574
2249612
2249646
2249685
2249726
2249760
2249793
2249832
2249873
2249910
2249951
2249993
2250028
2250068
2250104
2250133
2250169
2250212
2250227
2250252
2250267
2250307
2250345
2250385
2250418
2250460
2250497
2250524
2250553
2250581
2250624
2250657
2250698
2250716
2250755
2250783
2250824
2250844
2250876
2250912
2250953
2250986
2251013
2251056
2251094
2251132
2251167
2251208
2251239
2251269
2251281
2251319
2251356
2251394
2251429
2251468
2251497
2251536
2251577
2251593
2251634
2251674
2251698
2251736
2251762
2251794
2251834
2251874
2251901
2251934
2251955
2251998
2252031
2252068
2252103
2252126
2252149
2252168
2252196
2252204
2252227
2252240
2252268
2252313
2252351
2252391
2252430
2252468
2252509
2252549
2252591
2252625
2252668
2252705
2252747
2252778
2252816
2252854
2252891
2252927
2252961
2252983
2253015
2253054
2253096
2253130
2253169
2253187
2253228
2253266
2253303
2253346
2253372
2253416
2253453
2253482
2253509
2253551
2253593
2253630
2253672
2253704
2253743
2253786
2253825
2253857
2253891
2253917
2253943
2253968
2253999
2254020
2254048
2254084
2254127
2254164
2254200
2254237
2254270
2254300
2254328
2254362
2254402
2254440
2254479
2254516
2254557
2254589
2254610
2254653
2254695
2254740
2254784
2254814
2254854
2254872
2254904
2254939
2254983
2255028
2255072
2255099
2255140
2255144
2255187
2255228
2255257
2255277
2255318
2255354
2255381
2255414
2255454
2255492
2255535
2255561
2255600
2255643
2255681
2255718
2255757
2255793
2255835
2255877
2255915
2255944
2255983
2256024
2256065
2256106
2256122
2256164
2256205
2256246
2256273
2256297
2256338
2256367
2256402
2256442
2256481
2256522
2256564
2256606
2256638
2256678
2256687
2256729
2256772
2256813
2256844
2256869
2256899
2256941
2256980
2257009
2257052
2257067
2257105
2257130
2257167
2257202
2257243
2257286
2257324
2257367
2257408
2257431
2257470
2257495
2257538
2257572
2257607
2257632
2257663
2257699
2257714
2257750
2257788
2257833
2257867
2257903
2257941
2257977
2258012
2258058
2258094
2258125
2258155
2258182
2258205
2258246
2258287
2258312
2258351
2258374
2258416
2258438
2258472
2258482
2258517
2258549
2258583
2258620
2258649
2258685
2258727
2258754
2258782
2258820
2258858
2258896
2258931
2258960
2258999
2259037
2259065
2259100
2259140
2259167
2259209
2259242
2259283
2259289
2259330
2259360
2259402
2259443
2259466
2259507
2259514
2259556
2259593
2259636
2259673
2259715
2259755
2259789
2259828
2259868
2259905
2259943
2259979
2260015
2260052
2260092
2260132
2260165
2260198
2260225
2260248
2260290
2260306
2260344
2260359
2260391
2260421
2260453
2260494
2260520
2260562
2260605
2260644
2260684
2260724
2260759
2260797
2260835
2260877
2260919
2260951
2260972
2261015
2261058
2261096
2261127
2261159
2261194
2261228
2261267
2261304
2261341
2261382
2261423
2261456
2261487
2261529
2261570
2261612
2261633
2261671
2261686
2261721
2261757
2261780
2261811
2261837
2261869
2261885
2261908
2261940
2261967
2261999
2262033
2262063
2262087
2262120
2262154
2262161
2262191
2262225
2262261
2262286
2262314
2262349
2262389
2262417
2262450
2262479
2262504
2262541
2262574
2262603
2262620
2262648
2262687
2262711
2262754
2262773
2262808
2262839
2262883
2262900
2262942
2262981
2263005
2263050
2263087
2263126
2263160
2263200
2263237
2263281
2263322
2263360
2263403
2263436
2263463
2263484
2263508
2263539
2263577
2263615
2263651
2263689
2263721
2263760
2263798
2263836
2263868
2263906
2263948
2263984
2264022
2264060
2264086
2264122
2264152
2264194
2264231
2264273
2264308
2264346
2264386
2264429
2264450
2264484
2264507
2264529
2264566
2264605
2264643
2264676
2264697
2264734
2264773
2264813
2264852
2264889
2264922
2264959
2264989
2265021
2265062
2265087
2265126
2265162
2265189
2265229
2265269
2265293
2265328
2265364
2265393
2265431
2265473
2265499
2265541
2265571
2265593
2265628
2265668
2265690
2265712
2265750
2265789
2265831
2265841
2265882
2265914
2265953
2265990
2266029
2266053
2266096
2266131
2266163
2266205
2266236
2266278
2266284
2266323
2266363
2266405
2266419
2266458
2266475
2266511
2266550
2266587
2266629
2266667
2266700
2266731
2266747
2266786
2266817
2266854
2266880
2266909
2266935
2266973
2267014
2267051
2267088
2267118
2267153
2267185
2267225
2267266
2267275
2267315
2267338
2267379
2267417
2267459
2267486
2267517
2267558
2267598
2267609
2267651
2267680
2267715
2267750
2267778
2267802
2267831
2267874
2267888
2267928
2267938
2267981
2268019
2268059
2268099
2268135
2268176
2268198
2268229
2268267
2268276
2268317
2268357
2268372
2268408
2268445
2268486
2268523
2268539
2268577
2268617
2268649
2268690
2268727
2268768
2268813
2268858
2268898
2268939
2268958
2268999
2269036
2269075
2269103
2269123
2269162
2269193
2269233
2269259
2269298
2269338
2269369
2269405
2269437
2269477
2269509
2269550
2269583
2269611
2269647
2269689
2269726
2269767
2269807
2269846
2269882
2269918
2269948
2269983
2270025
2270060
2270099
2270138
2270179
2270218
2270248
2270277
2270314
2270336
2270374
2270413
2270449
2270485
2270522
2270553
2270583
2270625
2270662
2270706
2270713
2270751
2270774
2270817
2270857
2270872
2270910
2270931
2270974
2271017
2271042
2271077
2271110
2271145
2271168
2271203
2271244
2271285
2271324
2271362
2271393
2271436
2271475
2271511
2271547
2271568
2271605
2271644
2271684
2271723
2271760
2271794
2271821
2271863
2271886
2271926
2271962
2272002
2272035
2272076
2272112
2272142
2272175
2272209
2272243
2272276
2272320
2272360
2272383
2272425
2272461
2272502
2272528
2272564
2272602
2272638
2272657
2272699
2272736
2272767
2272798
2272832
2272873
2272914
2272956
2272990
2273006
2273048
2273083
2273126
2273159
2273196
2273237
2273280
2273321
2273365
2273401
2273434
2273476
2273517
2273559
2273605
2273636
2273672
2273709
2273750
2273784
2273815
2273829
2273869
2273910
2273935
2273971
2274007
2274041
2274080
2274116
2274133
2274174
2274216
2274251
2274288
2274324
2274367
2274378
2274421
2274442
2274477
2274516
2274550
2274582
2274619
2274646
2274674
2274717
2274758
2274797
2274824
2274864
2274901
2274936
2274974
2275004
2275038
2275046
2275084
2275105
2275145
2275160
2275196
2275224
2275263
2275280
2275320
2275363
2275401
2275440
2275468
2275491
2275532
2275572
2275610
2275648
2275661
2275700
2275733
2275770
2275811
2275853
2275889
2275928
2275968
2276012
2276047
2276074
2276118
2276153
2276187
2276219
2276247
2276275
2276316
2276357
2276366
2276410
2276448
2276488
2276524
2276561
2276586
2276625
2276665
2276686
2276719
2276752
2276789
2276825
2276845
2276884
2276922
2276948
2276984
2277018
2277045
2277083
2277117
2277146
2277178
2277216
2277242
2277275
2277305
2277340
2277376
2277403
2277433
2277470
2277510
2277550
2277589
2277625
2277642
2277681
2277716
2277751
2277782
2277822
2277863
2277904
2277942
2277978
2278018
2278050
2278071
2278105
2278117
2278157
2278200
2278230
2278257
2278291
2278333
2278354
2278392
2278403
2278440
2278459
2278488
2278514
2278556
2278587
2278627
2278673
2278718
2278756
2278796
2278836
2278843
2278879
2278910
2278948
2278992
2279028
2279068
2279105
2279126
2279170
2279202
2279245
2279287
2279327
2279365
2279397
2279440
2279449
2279491
2279524
2279563
2279601
2279639
2279671
2279710
2279752
2279793
2279832
2279869
2279898
2279925
2279964
2280005
2280036
2280064
2280101
2280130
2280165
2280193
2280225
2280263
2280276
2280314
2280345
2280379
2280416
2280444
2280478
2280505
2280545
2280577
2280609
2280650
2280689
2280729
2280758
2280785
2280828
2280871
2280904
2280942
2280981
2281025
2281056
2281089
2281130
2281172
2281208
2281251
2281294
2281301
2281343
2281385
2281419
2281453
2281481
2281514
2281555
2281590
2281628
2281669
2281709
2281745
2281777
2281809
2281850
2281878
2281919
2281929
2281967
2281994
2282019
2282058
2282088
2282119
2282155
2282174
2282208
2282249
2282287
2282329
2282370
2282408
2282445
2282483
2282521
2282549
2282572
2282613
2282657
2282698
2282716
2282758
2282796
2282829
2282854
2282878
2282908
2282944
2282984
2283023
2283064
2283099
2283122
2283162
2283198
2283238
2283278
2283318
2283356
2283392
2283435
2283477
2283518
2283541
2283585
2283601
2283636
2283669
2283702
2283735
2283772
2283805
2283842
2283868
2283904
2283918
2283962
2283999
2284034
2284070
2284083
2284114
2284143
2284177
2284216
2284251
2284280
2284302
2284335
2284363
2284383
2284420
2284449
2284485
2284521
2284547
2284582
2284597
2284632
2284660
2284698
2284733
2284767
2284793
2284822
2284861
2284893
2284932
2284959
2284981
2285013
2285045
2285083
2285111
2285148
2285185
2285201
2285237
2285274
2285307
2285331
2285352
2285388
2285421
2285430
2285466
2285499
2285522
2285557
2285593
2285606
2285644
2285675
2285712
2285736
2285750
2285784
2285820
2285859
2285885
2285912
2285949
2285983
2286021
2286057
2286089
2286121
2286153
2286186
2286221
2286260
2286291
2286325
2286359
2286399
2286436
2286472
2286483
2286518
2286542
2286570
2286602
2286645
2286687
2286728
2286772
2286815
2286854
2286871
2286912
2286952
2286973
2287009
2287046
2287073
2287114
2287127
2287169
2287182
2287223
2287243
2287281
2287319
2287358
2287398
2287418
2287450
2287490
2287527
2287568
2287598
2287641
2287679
2287720
2287762
2287799
2287836
2287854
2287895
2287937
2287979
2288002
2288039
2288081
2288104
2288147
2288173
2288196
2288238
2288281
2288322
2288354
2288393
2288434
2288472
2288508
2288549
2288589
2288632
2288671
2288709
2288746
2288781
2288819
2288851
2288893
2288930
2288970
2289013
2289059
2289101
2289141
2289172
2289206
2289244
2289262
2289292
2289326
2289354
2289396
2289430
2289462
2289498
2289533
2289570
2289610
2289642
2289661
2289701
2289741
2289766
2289791
2289829
2289859
2289880
2289913
2289956
2289980
2290019
2290062
2290101
2290130
2290164
2290205
2290247
2290290
2290306
2290345
2290381
2290399
2290438
2290446
2290487
2290523
2290551
2290568
2290610
2290654
2290695
2290710
2290752
2290787
2290820
2290864
2290904
2290946
2290971
2291009
2291050
2291092
2291129
2291174
2291216
2291256
2291263
2291306
2291320
2291357
2291398
2291440
2291457
2291497
2291524
2291553
2291580
2291618
2291657
2291695
2291734
2291776
2291786
2291825
2291862
2291891
2291922
2291954
2291990
2292026
2292069
2292111
2292148
2292186
2292225
2292259
2292293
2292330
2292371
2292411
2292449
2292487
2292500
2292539
2292576
2292612
2292647
2292674
2292710
2292737
2292765
2292802
2292841
2292880
2292912
2292940
2292979
2293008
2293025
2293066
2293091
2293117
2293149
2293187
2293208
2293232
2293265
2293305
2293337
2293379
2293414
2293450
2293493
2293526
2293555
2293585
2293609
2293635
2293672
2293712
2293756
2293800
2293840
2293879
2293917
2293959
2293970
2294005
2294024
2294058
2294098
2294125
2294142
2294181
2294220
2294261
2294299
2294336
2294375
2294406
2294449
2294488
2294525
2294560
2294597
2294636
2294672
2294703
2294745
2294779
2294817
2294837
2294878
2294902
2294944
2294958
2294999
2295039
2295075
2295114
2295144
2295180
2295214
2295255
2295289
2295325
2295330
2295371
2295400
2295439
2295477
2295504
2295519
2295561
2295602
2295641
2295673
2295691
2295729
2295767
2295804
2295830
2295859
2295885
2295923
2295959
2295975
2296016
2296030
2296066
2296108
2296136
2296177
2296214
2296247
2296279
2296320
2296356
2296386
2296419
2296453
2296480
2296510
2296536
2296578
2296610
2296650
2296692
2296730
2296772
2296801
2296841
2296861
2296902
2296921
2296948
2296980
2297021
2297064
2297106
2297147
2297184
2297211
2297238
2297281
2297322
2297337
2297378
2297394
2297430
2297472
2297494
2297531
2297555
2297595
2297624
2297662
2297693
2297730
2297765
2297780
2297812
2297839
2297877
2297906
2297947
2297989
2298031
2298073
2298101
2298142
2298182
2298216
2298261
2298306
2298337
2298376
2298416
2298455
2298465
2298503
2298534
2298571
2298600
2298639
2298675
2298692
2298733
2298775
2298812
2298852
2298885
2298924
2298959
2299000
2299037
2299059
2299086
2299125
2299159
2299192
2299232
2299270
2299309
2299338
2299377
2299415
2299440
2299469
2299498
2299523
2299552
2299589
2299627
2299646
2299676
2299714
2299747
2299790
2299831
2299873
2299912
2299928
2299966
2299994
2300033
2300055
2300094
2300130
2300140
2300182
2300217
2300250
2300279
2300311
2300352
2300381
2300426
2300443
2300472
2300506
2300538
2300567
2300602
2300640
2300680
2300716
2300753
2300795
2300832
2300858
2300891
2300920
2300962
2301004
2301047
2301088
2301123
2301164
2301206
2301246
2301275
2301316
2301357
2301383
2301418
2301460
2301502
2301535
2301576
2301610
2301642
2301673
2301708
2301734
2301774
2301797
2301830
2301857
2301899
2301915
2301957
2301974
2302013
2302054
2302077
2302112
2302130
2302169
2302197
2302234
2302273
2302305
2302343
2302377
2302415
2302454
2302484
2302521
2302562
2302605
2302649
2302653
2302696
2302738
2302775
2302816
2302854
2302897
2302931
2302964
2302998
2303034
2303074
2303112
2303134
2303178
2303219
2303260
2303303
2303328
2303372
2303411
2303435
2303472
2303514
2303542
2303581
2303622
2303659
2303696
2303724
2303757
2303796
2303832
2303863
2303904
2303948
2303977
2304010
2304047
2304091
2304135
2304168
2304203
2304246
2304286
2304328
2304360
2304399
2304437
2304475
2304514
2304541
2304572
2304614
2304655
2304667
2304707
2304750
2304794
2304826
2304869
2304892
2304934
2304961
2304994
2305036
2305074
2305105
2305135
2305176
2305218
2305258
2305288
2305324
2305359
2305396
2305435
2305472
2305486
2305517
2305561
2305580
2305617
2305648
2305683
2305721
2305764
2305790
2305831
2305869
2305905
2305928
2305972
2305997
2306039
2306074
2306095
2306132
2306146
2306180
2306220
2306262
2306293
2306329
2306343
2306380
2306394
2306436
2306472
2306491
2306519
2306543
2306568
2306601
2306642
2306684
2306722
2306762
2306806
2306828
2306868
2306905
2306945
2306971
2307016
2307047
2307083
2307096
2307125
2307167
2307207
2307253
2307295
2307324
2307366
2307409
2307421
2307464
2307486
2307512
2307525
2307562
2307601
2307622
2307658
2307680
2307715
2307748
2307788
2307805
2307843
2307874
2307910
2307932
2307974
2308013
2308045
2308080
2308108
2308148
2308180
2308185
2308230
2308248
2308285
2308300
2308342
2308360
2308395
2308431
2308473
2308513
2308525
2308560
2308598
2308635
2308673
2308716
2308746
2308776
2308812
2308848
2308871
2308899
2308943
2308953
2308993
2309035
2309054
2309086
2309107
2309144
2309185
2309213
2309255
2309291
2309321
2309360
2309392
2309430
2309465
2309508
2309551
2309555
2309596
2309630
2309650
2309688
2309729
2309767
2309811
2309841
2309872
2309903
2309927
2309948
2309985
2310009
2310050
2310092
2310112
2310153
2310193
2310233
2310263
2310305
2310344
2310387
2310427
2310470
2310502
2310527
2310557
2310591
2310625
2310662
2310690
2310735
2310775
2310814
2310836
2310869
2310909
2310952
2310960
2310997
2311011
2311043
2311073
2311113
2311132
2311173
2311206
2311248
2311290
2311324
2311352
2311391
2311408
2311446
2311487
2311529
2311545
2311577
2311607
2311638
2311681
2311715
2311756
2311786
2311826
2311861
2311902
2311930
2311957
2311992
2312003
2312037
2312074
2312115
2312147
2312187
2312224
2312258
2312281
2312315
2312355
2312395
2312429
2312453
2312489
2312502
2312530
2312563
2312586
2312622
2312647
2312669
2312700
2312713
2312747
2312758
2312793
2312818
2312836
2312874
2312908
2312942
2312966
2313009
2313050
2313077
2313114
2313157
2313201
2313222
2313254
2313294
2313312
2313352
2313396
2313417
2313450
2313483
2313522
2313561
2313600
2313634
2313654
2313684
2313717
2313760
2313782
2313824
2313861
2313890
2313928
2313952
2313993
2314034
2314067
2314089
2314122
2314139
2314177
2314216
2314245
2314284
2314321
2314360
2314398
2314437
2314477
2314513
2314532
2314562
2314595
2314627
2314655
2314693
2314733
2314766
2314806
2314845
2314863
2314898
2314938
2314977
2315018
2315042
2315063
2315098
2315129
2315169
2315212
2315250
2315293
2315297
2315336
2315359
2315403
2315446
2315478
2315514
2315543
2315580
2315618
2315627
2315668
2315696
2315734
2315773
2315808
2315848
2315875
2315908
2315926
2315961
2316001
2316017
2316055
2316082
2316123
2316137
2316178
2316202
2316238
2316271
2316309
2316353
2316394
2316402
2316443
2316471
2316514
2316553
2316573
2316611
2316648
2316672
2316713
2316752
2316761
2316801
2316836
2316851
2316887
2316911
2316946
2316981
2317023
2317054
2317092
2317132
2317175
2317218
2317258
2317298
2317337
2317370
2317409
2317440
2317465
2317499
2317515
2317559
2317600
2317637
2317675
2317718
2317760
2317776
2317814
2317851
2317884
2317901
2317931
2317958
2317980
2318014
2318029
2318067
2318105
2318137
2318176
2318205
2318245
2318283
2318324
2318332
2318373
2318387
2318420
2318463
2318504
2318539
2318574
2318612
2318634
2318673
2318711
2318731
2318771
2318809
2318848
2318856
2318898
2318939
2318982
2319017
2319051
2319078
2319119
2319125
2319164
2319196
2319236
2319272
2319312
2319347
2319375
2319416
2319448
2319460
2319500
2319529
2319560
2319602
2319638
2319665
2319702
2319742
2319779
2319802
2319833
2319875
2319921
2319961
2319990
2320018
2320036
2320062
2320094
2320134
2320162
2320190
2320227
2320251
2320282
2320312
2320327
2320370
2320411
2320440
2320480
2320522
2320566
2320606
2320624
2320668
2320698
2320729
2320763
2320799
2320836
2320873
2320904
2320929
2320960
2320986
2321026
2321064
2321092
2321123
2321152
2321190
2321229
2321266
2321294
2321335
2321351
2321387
2321428
2321459
2321499
2321537
2321574
2321615
2321644
2321681
2321710
2321731
2321770
2321803
2321818
2321855
2321888
2321924
2321960
2321995
2322035
2322075
2322088
2322131
2322167
2322207
2322245
2322282
2322322
2322358
2322401
2322437
2322479
2322489
2322529
2322561
2322594
2322612
2322647
2322671
2322700
2322739
2322763
2322796
2322833
2322866
2322898
2322928
2322961
2323001
2323043
2323076
2323117
2323140
2323177
2323207
2323250
2323287
2323323
2323355
2323393
2323433
2323456
2323495
2323528
2323540
2323578
2323609
2323647
2323669
2323709
2323720
2323756
2323796
2323838
2323863
2323902
2323945
2323970
2323976
2324008
2324047
2324087
2324129
2324167
2324210
2324251
2324285
2324329
2324362
2324399
2324434
2324477
2324514
2324549
2324584
2324613
2324633
2324671
2324696
2324734
2324773
2324810
2324851
2324888
2324921
2324945
2324984
2324999
2325033
2325058
2325091
2325116
2325132
2325158
2325178
2325205
2325231
2325252
2325276
2325294
2325327
2325350
2325373
2325402
2325438
2325466
2325497
2325541
2325579
2325616
2325648
2325692
2325731
2325770
2325801
2325840
2325870
2325883
2325919
2325959
2325995
2326035
2326059
2326102
2326108
2326149
2326187
2326229
2326253
2326297
2326337
2326351
2326382
2326419
2326443
2326487
2326529
2326562
2326602
2326640
2326666
2326703
2326738
2326778
2326817
2326855
2326895
2326917
2326954
2326995
2327025
2327053
2327084
2327125
2327166
2327208
2327249
2327287
2327321
2327363
2327394
2327434
2327468
2327508
2327551
2327590
2327625
2327662
2327701
2327741
2327781
2327793
2327825
2327850
2327893
2327913
2327941
2327986
2328008
2328051
2328088
2328133
2328175
2328215
2328262
2328287
2328312
2328357
2328385
2328415
2328453
2328469
2328498
2328541
2328571
2328602
2328633
2328674
2328716
2328749
2328784
2328826
2328862
2328894
2328936
2328969
2329001
2329019
2329059
2329103
2329128
2329165
2329204
2329243
2329279
2329296
2329338
2329369
2329410
2329449
2329492
2329532
2329572
2329604
2329637
2329680
2329716
2329750
2329790
2329827
2329870
2329907
2329942
2329980
2330008
2330049
2330092
2330130
2330167
2330184
2330214
2330253
2330281
2330316
2330358
2330401
2330439
2330477
2330508
2330541
2330581
2330604
2330647
2330664
2330697
2330719
2330752
2330776
2330802
2330826
2330864
2330898
2330930
2330944
2330980
2331014
2331053
2331094
2331124
2331157
2331197
2331223
2331261
2331268
2331306
2331346
2331380
2331401
2331431
2331469
2331505
2331546
2331573
2331611
2331634
2331667
2331698
2331739
2331779
2331817
2331848
2331881
2331924
2331961
2332001
2332039
2332077
2332114
2332128
2332166
2332193
2332226
2332253
2332286
2332319
2332344
2332382
2332397
2332436
2332463
2332500
2332523
2332562
2332590
2332624
2332662
2332703
2332736
2332777
2332808
2332848
2332878
2332908
2332939
2332976
2333014
2333048
2333092
2333125
2333160
2333197
2333234
2333274
2333296
2333333
2333370
2333404
2333436
2333457
2333495
2333511
2333554
2333586
2333617
2333648
2333670
2333706
2333740
2333778
2333788
2333829
2333870
2333906
2333949
2333958
2333998
2334024
2334043
2334083
2334123
2334162
2334186
2334225
2334266
2334299
2334333
2334373
2334412
2334440
2334470
2334495
2334537
2334549
2334587
2334629
2334648
2334688
2334726
2334770
2334800
2334838
2334873
2334903
2334934
2334948
2334990
2335029
2335064
2335088
2335126
2335144
2335180
2335216
2335257
2335277
2335318
2335358
2335397
2335428
2335466
2335504
2335530
2335554
2335584
2335606
2335635
2335665
2335685
2335729
2335742
2335779
2335812
2335844
2335882
2335911
2335945
2335982
2336016
2336046
2336084
2336121
2336156
2336196
2336230
2336272
2336313
2336346
2336383
2336423
2336451
2336481
2336522
2336528
2336571
2336590
2336626
2336664
2336693
2336734
2336770
2336811
2336853
2336889
2336931
2336972
2337013
2337052
2337092
2337115
2337148
2337184
2337223
2337258
2337297
2337339
2337379
2337411
2337442
2337470
2337512
2337555
2337580
2337622
2337656
2337696
2337734
2337773
2337805
2337841
2337874
2337909
2337946
2337975
2337999
2338025
2338054
2338091
2338128
2338169
2338209
2338249
2338289
2338327
2338366
2338397
2338426
2338452
2338477
2338509
2338544
2338569
2338602
2338631
2338661
2338698
2338734
2338766
2338798
2338835
2338869
2338899
2338932
2338966
2338998
2339030
2339065
2339101
2339131
2339164
2339199
2339231
2339264
2339299
2339330
2339362
2339396
2339428
2339464
2339500
2339532
2339569
2339605
2339641
2339673
2339678
2339714
2339748
2339782
2339816
2339832
2339866
2339897
2339909
2339942
2339968
2339986
2340021
2340054
2340088
2340107
2340141
2340155
2340190
2340201
2340237
2340272
2340302
2340336
2340353
2340387
2340406
2340440
2340453
2340485
2340521
2340553
2340560
2340594
2340612
2340647
2340660
2340693
2340727
2340733
2340768
2340805
2340833
2340867
2340873
2340908
2340922
2340954
2340972
2341006
2341039
2341045
2341077
2341094
2341128
2341140
2341172
2341206
2341240
2341272
2341298
2341333
2341338
2341372
2341403
2341430
2341460
2341488
2341520
2341555
2341589
2341623
2341659
2341693
2341718
2341748
2341777
2341804
2341836
2341868
2341891
2341916
2341947
2341980
2342001
2342024
2342048
2342073
2342106
2342128
2342149
2342169
2342199
2342234
2342256
2342276
2342309
2342328
2342360
2342390
2342418
2342451
2342472
2342503
2342528
2342559
2342587
2342614
2342644
2342687
2342720
2342749
2342789
2342820
2342848
2342875
2342910
2342938
2342973
2343010
2343048
2343069
2343109
2343133
2343174
2343210
2343233
2343271
2343302
2343330
2343361
2343393
2343418
2343449
2343481
2343496
2343521
2343554
2343578
2343613
2343637
2343661
2343688
2343722
2343752
2343783
2343810
2343836
2343862
2343880
2343907
2343940
2343967
2343980
2344006
2344022
2344047
2344080
2344104
2344133
2344159
2344192
2344217
2344250
2344283
2344313
2344345
2344374
2344400
2344428
2344456
2344489
2344516
2344551
2344578
2344606
2344633
2344670
2344702
2344723
2344740
2344767
2344794
2344818
2344836
2344856
2344883
2344907
2344933
2344961
2344988
2345017
2345044
2345073
2345098
2345130
2345155
2345182
2345206
2345229
2345246
2345277
2345310
2345331
2345367
2345400
2345440
2345481
2345524
2345561
2345602
2345628
2345667
2345700
2345727
2345768
2345788
2345829
2345860
2345890
2345928
2345954
2345979
2346019
2346049
2346082
2346114
2346152
2346183
2346215
2346238
2346272
2346298
2346331
2346341
2346372
2346403
2346437
2346468
2346496
2346525
2346554
2346583
2346615
2346638
2346671
2346700
2346725
2346758
2346784
2346802
2346823
2346854
2346876
2346901
2346932
2346962
2346986
2347016
2347042
2347058
2347079
2347100
2347129
2347167
2347204
2347233
2347269
2347298
2347335
2347365
2347401
2347438
2347474
2347500
2347514
2347544
2347573
2347592
2347629
2347640
2347664
2347687
2347717
2347751
2347788
2347817
2347841
2347875
2347910
2347947
2347969
2348005
2348043
2348059
2348098
2348131
2348165
2348194
2348228
2348244
2348280
2348311
2348332
2348348
2348373
2348399
2348417
2348438
2348468
2348497
2348524
2348553
2348577
2348602
2348626
2348656
2348684
2348706
2348720
2348749
2348764
2348784
2348811
2348837
2348861
2348889
2348913
2348935
2348952
2348973
2349001
2349023
2349039
2349067
2349095
2349123
2349134
2349160
2349176
2349199
2349228
2349245
2349273
2349287
2349315
2349341
2349364
2349383
2349410
2349434
2349462
2349489
2349517
2349546
2349572
2349590
2349611
2349628
2349656
2349685
2349705
2349729
2349757
2349785
2349816
2349833
2349860
2349874
2349895
2349922
2349948
2349961
2349993
2350004
2350031
2350059
2350089
2350110
2350141
2350168
2350193
2350220
2350236
2350265
2350295
2350324
2350339
2350368
2350397
2350426
2350454
2350483
2350519
2350544
2350565
2350590
2350610
2350637
2350663
2350684
2350719
2350759
2350792
2350820
2350854
2350893
2350913
2350941
2350962
2350979
2351006
2351033
2351056
2351074
2351094
2351121
2351145
2351171
2351199
2351226
2351255
2351281
2351310
2351331
2351360
2351384
2351408
2351431
2351454
2351485
2351516
2351551
2351587
2351622
2351657
2351691
2351725
2351745
2351780
2351808
2351839
2351874
2351905
2351938
2351961
2351984
2352016
2352049
2352080
2352113
2352137
2352171
2352204
2352225
2352258
2352294
2352315
2352341
2352376
2352414
2352453
2352484
2352516
2352552
2352592
2352632
2352668
2352703
2352729
2352766
2352803
2352822
2352863
2352904
2352941
2352965
2353001
2353033
2353063
2353097
2353132
2353169
2353207
2353225
2353257
2353301
2353331
2353374
2353406
2353443
2353485
2353518
2353553
2353582
2353624
2353665
2353706
2353746
2353781
2353815
2353853
2353893
2353935
2353969
2353991
2354030
2354039
2354081
2354122
2354157
2354165
2354208
2354240
2354278
2354304
2354326
2354365
2354407
2354445
2354482
2354518
2354548
2354579
2354603
2354620
2354664
2354680
2354723
2354748
2354761
2354800
2354837
2354878
2354900
2354941
2354956
2354995
2355033
2355063
2355105
2355148
2355159
2355202
2355232
2355268
2355310
2355350
2355388
2355421
2355464
2355491
2355530
2355561
2355601
2355633
2355654
2355689
2355733
2355766
2355805
2355839
2355856
2355890
2355936
2355980
2356021
2356060
2356096
2356120
2356156
2356189
2356213
2356238
2356269
2356312
2356349
2356362
2356394
2356431
2356465
2356487
2356526
2356535
2356578
2356589
2356631
2356656
2356699
2356738
2356780
2356812
2356854
2356875
2356915
2356949
2356971
2356987
2357024
2357040
2357068
2357106
2357125
2357161
2357196
2357232
2357264
2357295
2357330
2357363
2357398
2357434
2357469
2357490
2357523
2357532
2357567
2357605
2357637
2357670
2357703
2357733
2357766
2357802
2357824
2357859
2357899
2357931
2357966
2358004
2358047
2358074
2358116
2358150
2358195
2358230
2358242
2358281
2358318
2358351
2358386
2358430
2358465
2358507
2358551
2358585
2358625
2358638
2358675
2358714
2358744
2358780
2358800
2358841
2358866
2358906
2358943
2358985
2359022
2359062
2359096
2359127
2359165
2359208
2359249
2359292
2359335
2359374
2359418
2359462
2359504
2359544
2359562
2359599
2359640
2359678
2359722
2359758
2359795
2359834
2359870
2359898
2359938
2359971
2360013
2360053
2360075
2360101
2360130
2360167
2360211
2360230
2360272
2360289
2360317
2360351
2360387
2360405
2360424
2360459
2360492
2360525
2360538
2360576
2360605
2360625
2360659
2360692
2360714
2360741
2360775
2360811
2360836
2360870
2360883
2360915
2360952
2360989
2361021
2361055
2361092
2361131
2361166
2361203
2361232
2361270
2361309
2361346
2361374
2361403
2361416
2361453
2361487
2361528
2361571
2361612
2361649
2361658
2361686
2361719
2361749
2361786
2361822
2361857
2361892
2361932
2361969
2362010
2362034
2362074
2362113
2362147
2362174
2362192
2362230
2362236
2362275
2362313
2362356
2362395
2362436
2362454
2362497
2362534
2362575
2362617
2362656
2362697
2362728
2362754
2362786
2362810
2362833
2362871
2362900
2362919
2362961
2362998
2363029
2363060
2363094
2363137
2363172
2363212
2363239
2363274
2363308
2363349
2363387
2363424
2363465
2363507
2363547
2363577
2363611
2363651
2363673
2363715
2363751
2363783
2363815
2363851
2363882
2363916
2363959
2364002
2364034
2364079
2364123
2364130
2364172
2364187
2364231
2364272
2364313
2364354
2364397
2364442
2364455
2364495
2364520
2364551
2364585
2364622
2364660
2364703
2364744
2364787
2364829
2364851
2364891
2364931
2364955
2364990
2365034
2365055
2365096
2365137
2365163
2365198
2365242
2365280
2365315
2365332
2365372
2365399
2365428
2365455
2365493
2365525
2365564
2365604
2365641
2365681
2365709
2365752
2365795
2365830
2365867
2365894
2365936
2365957
2365992
2366010
2366040
2366059
2366098
2366140
2366175
2366216
2366250
2366289
2366326
2366361
2366403
2366447
2366490
2366534
2366573
2366591
2366622
2366658
2366677
2366717
2366758
2366792
2366832
2366850
2366886
2366928
2366956
2366996
2367037
2367062
2367098
2367117
2367146
2367164
2367204
2367222
2367253
2367294
2367328
2367365
2367406
2367447
2367480
2367517
2367543
2367581
2367622
2367667
2367703
2367739
2367745
2367790
2367832
2367873
2367917
2367960
2368003
2368040
2368081
2368106
2368152
2368190
2368232
2368265
2368307
2368319
2368350
2368387
2368405
2368448
2368494
2368537
2368568
2368612
2368646
2368687
2368717
2368750
2368797
2368838
2368880
2368914
2368953
2368973
2369016
2369034
2369077
2369123
2369156
2369201
2369241
2369284
2369323
2369363
2369407
2369430
2369474
2369515
2369549
2369586
2369622
2369658
2369702
2369740
2369786
2369828
2369848
2369892
2369922
2369959
2370001
2370036
2370069
2370112
2370151
2370173
2370199
2370240
2370277
2370319
2370363
2370384
2370421
2370458
2370480
2370514
2370547
2370590
2370634
2370677
2370722
2370762
2370805
2370850
2370892
2370920
2370956
2370991
2371031
2371074
2371102
2371138
2371175
2371210
2371250
2371269
2371313
2371344
2371382
2371419
2371459
2371497
2371525
2371555
2371591
2371626
2371666
2371684
2371722
2371766
2371809
2371843
2371881
2371922
2371933
2371974
2372017
2372042
2372084
2372109
2372151
2372172
2372203
2372242
2372279
2372310
2372329
2372371
2372406
2372431
2372469
2372510
2372555
2372590
2372622
2372641
2372683
2372724
2372743
2372782
2372803
2372842
2372878
2372912
2372946
2372985
2373012
2373035
2373074
2373119
2373153
2373185
2373218
2373253
2373276
2373308
2373343
2373382
2373413
2373444
2373466
2373493
2373532
2373558
2373596
2373633
2373670
2373713
2373745
2373786
2373822
2373861
2373904
2373942
2373978
2374018
2374059
2374099
2374128
2374159
2374203
2374246
2374290
2374327
2374367
2374397
2374433
2374476
2374505
2374540
2374571
2374611
2374650
2374694
2374736
2374760
2374799
2374842
2374872
2374916
2374945
2374986
2375021
2375061
2375106
2375139
2375179
2375199
2375234
2375271
2375303
2375342
2375387
2375416
2375459
2375488
2375523
2375560
2375587
2375620
2375659
2375703
2375739
2375768
2375804
2375840
2375878
2375916
2375953
2375983
2376025
2376061
2376098
2376111
2376149
2376180
2376221
2376257
2376283
2376314
2376353
2376395
2376409
2376453
2376490
2376528
2376564
2376605
2376647
2376690
2376735
2376766
2376792
2376828
2376871
2376914
2376947
2376984
2377025
2377054
2377094
2377126
2377152
2377182
2377220
2377246
2377291
2377335
2377380
2377418
2377435
2377477
2377494
2377532
2377568
2377580
2377619
2377662
2377689
2377720
2377756
2377790
2377829
2377858
2377886
2377906
2377944
2377985
2378027
2378069
2378105
2378147
2378150
2378192
2378228
2378261
2378302
2378344
2378389
2378426
2378468
2378498
2378526
2378567
2378600
2378628
2378663
2378706
2378731
2378774
2378789
2378824
2378866
2378907
2378933
2378971
2379011
2379033
2379073
2379104
2379140
2379163
2379198
2379229
2379252
2379295
2379326
2379355
2379386
2379422
2379459
2379497
2379533
2379572
2379601
2379623
2379654
2379696
2379734
2379768
2379809
2379836
2379870
2379906
2379945
2379978
2379998
2380033
2380073
2380108
2380148
2380190
2380226
2380267
2380308
2380346
2380387
2380427
2380434
2380474
2380510
2380547
2380585
2380623
2380659
2380697
2380736
2380775
2380810
2380837
2380874
2380908
2380946
2380977
2381016
2381057
2381099
2381141
2381178
2381194
2381236
2381265
2381306
2381346
2381384
2381404
2381441
2381463
2381501
2381533
2381571
2381608
2381622
2381660
2381689
2381729
2381771
2381789
2381829
2381866
2381902
2381942
2381969
2382005
2382035
2382066
2382099
2382113
2382151
2382181
2382216
2382255
2382284
2382324
2382364
2382377
2382419
2382451
2382488
2382525
2382531
2382572
2382609
2382651
2382683
2382721
2382758
2382798
2382833
2382873
2382912
2382947
2382978
2383001
2383039
2383066
2383105
2383149
2383188
2383228
2383272
2383294
2383333
2383363
2383397
2383441
2383478
2383507
2383545
2383578
2383618
2383659
2383697
2383718
2383755
2383794
2383836
2383877
2383894
2383935
2383967
2384006
2384048
2384084
2384121
2384148
2384177
2384221
2384266
2384308
2384346
2384387
2384433
2384476
2384501
2384540
2384575
2384609
2384652
2384693
2384714
2384755
2384796
2384841
2384885
2384922
2384944
2384982
2385022
2385057
2385099
2385123
2385165
2385210
2385243
2385285
2385316
2385353
2385396
2385432
2385469
2385511
2385547
2385588
2385633
2385676
2385711
2385749
2385792
2385837
2385880
2385921
2385960
2385990
2386031
2386073
2386111
2386154
2386196
2386239
2386279
2386309
2386349
2386372
2386415
2386460
2386490
2386533
2386572
2386613
2386645
2386660
2386700
2386744
2386776
2386819
2386864
2386902
2386932
2386964
2387001
2387036
2387079
2387096
2387130
2387142
2387182
2387224
2387248
2387279
2387316
2387360
2387401
2387425
2387466
2387498
2387536
2387575
2387618
2387650
2387692
2387695
2387737
2387763
2387797
2387840
2387877
2387914
2387955
2387990
2388026
2388057
2388100
2388141
2388183
2388225
2388266
2388308
2388344
2388386
2388430
2388469
2388509
2388532
2388577
2388619
2388646
2388690
2388734
2388778
2388814
2388850
2388894
2388936
2388977
2389017
2389057
2389096
2389138
2389181
2389221
2389262
2389299
2389337
2389382
2389426
2389451
2389494
2389510
2389551
2389586
2389622
2389649
2389668
2389706
2389748
2389790
2389834
2389876
2389921
2389965
2389992
2390032
2390067
2390109
2390147
2390180
2390222
2390259
2390285
2390314
2390340
2390378
2390417
2390454
2390484
2390527
2390552
2390593
2390626
2390669
2390713
2390720
2390762
2390803
2390845
2390879
2390913
2390953
2390995
2391005
2391048
2391089
2391125
2391169
2391208
2391244
2391282
2391326
2391368
2391406
2391429
2391469
2391509
2391540
2391554
2391593
2391617
2391653
2391690
2391726
2391766
2391797
2391838
2391879
2391922
2391955
2391996
2392036
2392077
2392113
2392156
2392197
2392240
2392281
2392309
2392352
2392396
2392440
2392483
2392513
2392554
2392598
2392639
2392676
2392716
2392752
2392784
2392821
2392860
2392900
2392939
2392976
2393010
2393049
2393093
2393129
2393149
2393190
2393226
2393256
2393289
2393323
2393364
2393407
2393449
2393472
2393498
2393540
2393575
2393615
2393646
2393688
2393725
2393756
2393787
2393821
2393856
2393882
2393926
2393964
2393999
2394042
2394086
2394130
2394175
2394204
2394240
2394282
2394314
2394352
2394389
2394422
2394436
2394481
2394517
2394554
2394595
2394635
2394673
2394711
2394724
2394763
2394804
2394842
2394878
2394920
2394937
2394980
2395011
2395055
2395094
2395138
2395181
2395204
2395244
2395280
2395301
2395343
2395387
2395423
2395467
2395484
2395527
2395570
2395598
2395635
2395680
2395722
2395758
2395798
2395819
2395863
2395895
2395938
2395981
2396024
2396066
2396101
2396143
2396180
2396225
2396269
2396311
2396355
2396378
2396412
2396448
2396488
2396532
2396575
2396618
2396651
2396685
2396712
2396749
2396773
2396807
2396851
2396889
2396926
2396964
2397006
2397045
2397089
2397129
2397141
2397186
2397208
2397253
2397298
2397329
2397355
2397389
2397428
2397470
2397499
2397541
2397577
2397620
2397644
2397678
2397702
2397742
2397777
2397818
2397851
2397891
2397928
2397972
2398016
2398052
2398094
2398119
2398156
2398199
2398235
2398263
2398306
2398347
2398365
2398405
2398448
2398493
2398523
2398560
2398593
2398625
2398652
2398677
2398712
2398737
2398775
2398817
2398832
2398872
2398907
2398944
2398986
2399029
2399058
2399094
2399132
2399177
2399212
2399245
2399289
2399333
2399375
2399403
2399443
2399468
2399512
2399551
2399592
2399622
2399665
2399705
2399748
2399792
2399833
2399846
2399882
2399925
2399961
2399999
2400035
2400066
2400103
2400142
2400172
2400196
2400237
2400271
2400296
2400340
2400384
2400408
2400447
2400485
2400526
2400566
2400610
2400622
2400664
2400707
2400747
2400785
2400821
2400861
2400899
2400931
2400976
2401018
2401056
2401096
2401129
2401154
2401196
2401237
2401268
2401301
2401332
2401368
2401410
2401454
2401490
2401518
2401558
2401601
2401633
2401660
2401702
2401739
2401762
2401797
2401838
2401877
2401917
2401955
2401982
2402022
2402061
2402072
2402113
2402125
2402164
2402197
2402226
2402254
2402287
2402302
2402343
2402350
2402394
2402435
2402473
2402509
2402545
2402574
2402617
2402655
2402689
2402733
2402774
2402803
2402845
2402886
2402920
2402965
2403006
2403048
2403090
2403133
2403170
2403204
2403240
2403281
2403325
2403365
2403404
2403448
2403491
2403526
2403569
2403613
2403656
2403697
2403734
2403767
2403811
2403841
2403882
2403925
2403968
2404012
2404028
2404071
2404104
2404146
2404191
2404227
2404268
2404306
2404352
2404383
2404419
2404464
2404507
2404551
2404594
2404634
2404674
2404703
2404746
2404788
2404830
2404872
2404899
2404941
2404979
2405020
2405060
2405092
2405134
2405170
2405213
2405254
2405293
2405330
2405371
2405389
2405427
2405466
2405500
2405537
2405581
2405614
2405636
2405680
2405723
2405763
2405801
2405829
2405861
2405896
2405930
2405963
2405997
2406036
2406047
2406083
2406113
2406148
2406183
2406224
2406262
2406306
2406344
2406388
2406426
2406447
2406476
2406506
2406544
2406574
2406617
2406658
2406685
2406722
2406765
2406808
2406853
2406893
2406928
2406966
2406986
2407026
2407047
2407090
2407131
2407169
2407208
2407233
2407274
2407315
2407357
2407397
2407439
2407461
2407506
2407541
2407580
2407611
2407656
2407674
2407707
2407728
2407773
2407819
2407865
2407902
2407943
2407986
2408030
2408055
2408094
2408134
2408152
2408195
2408232
2408275
2408314
2408355
2408394
2408432
2408474
2408513
2408545
2408565
2408600
2408640
2408684
2408696
2408737
2408763
2408800
2408836
2408866
2408900
2408929
2408972
2409005
2409038
2409070
2409108
2409148
2409167
2409207
2409249
2409291
2409325
2409336
2409377
2409421
2409459
2409502
2409537
2409560
2409593
2409636
2409681
2409719
2409740
2409771
2409793
2409822
2409862
2409897
2409941
2409969
2409995
2410034
2410057
2410101
2410143
2410166
2410195
2410234
2410255
2410293
2410334
2410373
2410407
2410442
2410458
2410502
2410545
2410578
2410620
2410652
2410680
2410725
2410747
2410790
2410827
2410872
2410914
2410954
2411001
2411026
2411051
2411096
2411124
2411154
2411192
2411211
2411248
2411292
2411314
2411347
2411381
2411406
2411448
2411464
2411501
2411522
2411566
2411607
2411646
2411691
2411736
2411778
2411823
2411858
2411888
2411916
2411957
2411995
2412026
2412062
2412103
2412118
2412156
2412189
2412229
2412252
2412284
2412313
2412331
2412361
2412398
2412439
2412480
2412500
2412540
2412565
2412591
2412628
2412669
2412710
2412746
2412779
2412820
2412860
2412893
2412933
2412974
2413015
2413056
2413098
2413103
2413141
2413166
2413205
2413248
2413285
2413323
2413365
2413403
2413435
2413462
2413502
2413543
2413579
2413618
2413661
2413702
2413740
2413760
2413800
2413825
2413866
2413884
2413919
2413959
2413997
2414039
2414058
2414090
2414120
2414149
2414170
2414211
2414246
2414287
2414325
2414335
2414373
2414409
2414440
2414478
2414500
2414537
2414575
2414616
2414642
2414677
2414711
2414746
2414775
2414813
2414844
2414870
2414891
2414932
2414968
2414984
2415029
2415051
2415090
2415128
2415172
2415216
2415252
2415277
2415318
2415353
2415378
2415420
2415466
2415506
2415527
2415569
2415599
2415635
2415674
2415708
2415751
2415769
2415813
2415854
2415899
2415937
2415978
2416019
2416065
2416108
2416149
2416191
2416228
2416243
2416284
2416321
2416364
2416404
2416439
2416478
2416522
2416547
2416582
2416624
2416649
2416683
2416722
2416764
2416796
2416830
2416869
2416906
2416951
2416987
2417011
2417054
2417086
2417115
2417158
2417196
2417231
2417264
2417265
2417308
2417339
2417381
2417421
2417451
2417494
2417534
2417577
2417622
2417657
2417701
2417744
2417785
2417821
2417860
2417890
2417934
2417979
2418017
2418061
2418098
2418119
2418150
2418192
2418229
2418242
2418286
2418321
2418357
2418372
2418407
2418450
2418491
2418537
2418576
2418615
2418657
2418702
2418745
2418787
2418820
2418864
2418907
2418934
2418975
2419018
2419057
2419096
2419129
2419163
2419206
2419242
2419284
2419327
2419370
2419414
2419456
2419496
2419541
2419562
2419603
2419641
2419665
2419706
2419735
2419771
2419812
2419851
2419890
2419929
2419960
2420000
2420035
2420073
2420109
2420154
2420196
2420241
2420282
2420321
2420355
2420394
2420434
2420478
2420516
2420555
2420578
2420622
2420660
2420701
2420734
2420768
2420809
2420846
2420886
2420924
2420962
2421005
2421047
2421089
2421106
2421150
2421188
2421231
2421273
2421314
2421351
2421366
2421398
2421435
2421475
2421515
2421558
2421597
2421638
2421681
2421724
2421767
2421812
2421833
2421875
2421916
2421960
2422003
2422046
2422071
2422112
2422156
2422199
2422238
2422275
2422315
2422345
2422389
2422424
2422460
2422499
2422540
2422569
2422604
2422627
2422670
2422710
2422746
2422791
2422815
2422847
2422880
2422921
2422940
2422978
2423007
2423039
2423077
2423113
2423145
2423187
2423230
2423275
2423308
2423341
2423363
2423393
2423429
2423469
2423512
2423551
2423587
2423624
2423662
2423702
2423730
2423771
2423790
2423830
2423873
2423903
2423927
2423960
2423996
2424025
2424069
2424106
2424141
2424182
2424221
2424260
2424295
2424311
2424349
2424367
2424401
2424432
2424466
2424489
2424525
2424558
2424592
2424620
2424652
2424675
2424702
2424729
2424753
2424785
2424816
2424846
2424877
2424900
2424924
2424947
2424982
2425001
2425026
2425061
2425092
2425128
2425160
2425203
2425243
2425283
2425326
2425363
2425388
2425421
2425459
2425501
2425538
2425572
2425606
2425640
2425673
2425709
2425737
2425774
2425811
2425847
2425880
2425914
2425943
2425969
2425998
2426037
2426049
2426085
2426120
2426155
2426192
2426221
2426245
2426280
2426318
2426355
2426365
2426407
2426447
2426476
2426510
2426545
2426582
2426597
2426635
2426675
2426716
2426757
2426777
2426817
2426853
2426879
2426905
2426937
2426969
2427000
2427037
2427058
2427087
2427130
2427173
2427218
2427251
2427292
2427330
2427348
2427392
2427421
2427460
2427498
2427526
2427565
2427602
2427635
2427652
2427691
2427733
2427777
2427815
2427858
2427896
2427920
2427948
2427983
2428002
2428046
2428090
2428111
2428153
2428198
2428231
2428271
2428313
2428355
2428391
2428432
2428450
2428491
2428528
2428566
2428602
2428640
2428680
2428716
2428756
2428790
2428830
2428871
2428909
2428920
2428955
2428996
2429017
2429058
2429086
2429121
2429159
2429191
2429233
2429268
2429304
2429340
2429349
2429388
2429418
2429451
2429491
2429533
2429569
2429602
2429632
2429660
2429701
2429729
2429769
2429808
2429846
2429873
2429912
2429950
2429991
2430026
2430062
2430092
2430131
2430175
2430199
2430239
2430271
2430309
2430346
2430384
2430396
2430438
2430466
2430497
2430536
2430572
2430612
2430652
2430681
2430721
2430762
2430792
2430830
2430848
2430882
2430912
2430952
2430985
2431027
2431036
2431074
2431109
2431152
2431191
2431232
2431273
2431311
2431350
2431383
2431424
2431463
2431501
2431529
2431551
2431569
2431601
2431626
2431659
2431697
2431734
2431774
2431811
2431852
2431885
2431905
2431947
2431981
2432013
2432049
2432081
2432111
2432154
2432182
2432216
2432248
2432277
2432319
2432357
2432394
2432432
2432471
2432503
2432542
2432574
2432612
2432651
2432694
2432729
2432765
2432806
2432850
2432891
2432926
2432969
2432996
2433036
2433069
2433113
2433156
2433174
2433217
2433261
2433293
2433323
2433360
2433402
2433445
2433480
2433510
2433539
2433572
2433613
2433843
2433908
2435610
2435875
2435955
2435983
2465317
2465344
2465369
2465402
2465429
2465458
2465494
2465524
2465547
2465570
2465604
2465634
2465666
2465698
2465734
2465763
2465788
2465821
2465847
2465887
2465925
2465957
2465992
2466024
2466065
2466106
2466146
2466185
2466213
2466243
2466279
2466304
2466336
2466368
2466373
2466411
2466450
2466480
2466512
2466530
2466564
2466586
2466615
2466638
2466678
2466687
2466716
2466748
2466775
2466799
2466829
2466910
2466941
2466973
2467166
2467182
2467216
2467258
2467289
2467318
2467350
2467389
2467427
2467468
2467508
2467545
2467583
2467609
2467644
2467678
2467703
2467738
2467769
2467791
2467831
2467870
2467899
2467937
2467972
2468001
2468042
2468082
2468117
2468123
2468162
2468184
2468217
2468255
2468272
2468308
2468347
2468380
2468409
2468429
2468463
2468480
2468508
2468542
2468555
2468584
2468621
2468643
2468682
2468721
2468757
2468790
2468831
2468857
2468897
2468920
2468959
2468998
2469030
2469062
2469091
2469125
2469153
2469180
2469217
2469249
2469263
2469302
2469332
2469367
2469401
2469439
2469468
2469500
2469530
2469568
2469597
2469627
2469664
2469686
2469721
2469755
2469769
2469805
2469834
2469845
2469886
2469922
2469954
2469971
2470000
2470023
2470058
2470085
2470120
2470163
2470181
2470208
2470244
2470279
2470313
2470353
2470364
2470398
2470417
2470458
2470484
2470521
2470559
2470597
2470631
2470669
2470701
2470724
2470761
2470801
2470836
2470876
2470880
2470919
2470954
2470990
2471028
2471054
2471088
2471113
2471151
2471182
2471213
2471244
2471280
2471312
2471340
2471363
2471388
2471420
2471458
2471484
2471522
2471560
2471592
2471613
2471644
2471680
2471713
2471745
2471784
2471801
2471837
2471867
2471892
2471923
2471950
2471969
2471993
2472031
2472051
2472067
2472093
2472133
2472153
2472185
2472205
2472231
2472258
2472291
2472325
2472358
2472392
2472422
2472447
2472474
2472502
2472540
2472579
2472587
2472617
2472646
2472679
2472711
2472731
2472755
2472824
2472857
2472950
2472981
2473012
2473034
2473065
2473096
2473143
2473177
2473220
2473254
2473287
2473322
2473350
2473366
2473390
2473405
2473430
2473462
2473482
2473506
2473575
2473608
2473701
2473732
2473763
2473785
2473816
2473847
2473894
2473928
2473971
2474005
2474038
2474076
2474110
2474144
2474179
2474187
2474223
2474253
2474284
2474315
2474352
2474392
2474426
2474458
2474469
2474502
2474538
2474548
2474584
2474620
2474660
2474697
2474736
2474771
2474811
2474849
2474863
2474899
2474936
2474969
2475005
2475039
2475075
2475110
2475139
2475176
2475213
2475244
2475280
2475300
2475338
2475363
2475394
2475421
2475461
2475486
2475522
2475552
2475589
2475605
2475643
2475681
2475717
2475748
2475760
2475793
2475833
2475868
2475899
2475927
2475958
2476009
2476045
2476088
2476117
2476144
2476164
2476198
2476232
2476266
2476305
2476339
2476370
2476407
2476443
2476479
2476518
2476557
2476570
2476608
2476640
2476655
2476690
2476719
2476750
2476767
2476801
2476838
2476871
2476898
2476921
2476951
2476978
2477003
2477039
2477061
2477098
2477128
2477153
2477188
2477225
2477264
2477299
2477332
2477363
2477399
2477435
2477461
2477488
2477519
2477542
2477576
2477599
2477628
2477657
2477691
2477705
2477731
2477767
2477801
2477807
2477843
2477858
2477893
2477928
2477956
2477994
2478029
2478059
2478099
2478133
2478164
2478190
2478222
2478255
2478296
2478324
2478349
2478372
2478394
2478423
2478478
2478506
2478539
2478568
2478587
2478616
2478647
2478681
2478713
2478743
2478760
2478792
2478824
2478855
2478869
2478901
2478932
2478963
2478973
2479003
2479035
2479065
2479124
2479153
2479182
2479215
2479222
2479248
2479273
2479299
2479332
2479359
2479384
2479415
2479462
2479494
2479521
2479545
2479566
2479600
2479637
2479669
2479700
2479735
2479773
2479798
2479834
2479869
2479905
2479912
2479951
2479986
2480019
2480050
2480067
2480094
2480132
2480157
2480193
2480231
2480259
2480292
2480326
2480362
2480395
2480420
2480457
2480491
2480521
2480555
2480580
2480613
2480639
2480673
2480707
2480736
2480768
2480798
2480836
2480871
2480876
2480909
2480940
2480958
2480992
2481025
2481064
2481076
2481107
2481135
2481165
2481199
2481230
2481267
2481294
2481328
2481353
2481390
2481424
2481462
2481491
2481525
2481553
2481592
2481620
2481658
2481692
2481720
2481759
2481789
2481817
2481852
2481887
2481917
2481952
2481985
2482007
2482041
2482069
2482099
2482125
2482157
2482192
2482227
2482256
2482292
2482327
2482352
2482385
2482425
2482445
2482475
2482505
2482539
2482567
2482596
2482629
2482663
2482695
2482726
2482760
2482779
2482815
2482829
2482866
2482901
2482935
2482954
2482993
2483029
2483062
2483097
2483131
2483159
2483170
2483207
2483243
2483283
2483321
2483348
2483375
2483408
2483425
2483461
2483490
2483520
2483546
2483578
2483605
2483639
2483656
2483691
2483721
2483759
2483798
2483833
2483866
2483890
2483906
2483940
2483960
2483996
2484030
2484060
2484086
2484107
2484142
2484169
2484201
2484235
2484253
2484285
2484315
2484352
2484386
2484416
2484449
2484487
2484522
2484560
2484594
2484631
2484648
2484686
2484695
2484729
2484744
2484782
2484821
2484857
2484887
2484917
2484952
2484989
2485018
2485052
2485088
2485123
2485145
2485174
2485213
2485234
2485264
2485283
2485311
2485343
2485365
2485385
2485416
2485442
2485470
2485500
2485535
2485569
2485592
2485623
2485654
2485670
2485696
2485734
2485772
2485811
2485834
2485872
2485898
2485931
2485956
2485992
2486025
2486061
2486093
2486128
2486148
2486179
2486214
2486247
2486278
2486308
2486341
2486374
2486410
2486436
2486470
2486506
2486521
2486552
2486577
2486615
2486642
2486677
2486708
2486741
2486773
2486806
2486841
2486873
2486901
2486928
2486966
2486990
2487025
2487065
2487093
2487126
2487165
2487197
2487229
2487267
2487299
2487332
2487367
2487404
2487440
2487472
2487510
2487546
2487585
2487605
2487629
2487663
2487686
2487721
2487756
2487779
2487813
2487841
2487872
2487904
2487925
2487960
2487994
2488002
2488042
2488075
2488110
2488145
2488166
2488187
2488217
2488251
2488289
2488321
2488348
2488367
2488397
2488433
2488466
2488501
2488522
2488544
2488580
2488608
2488644
2488683
2488718
2488745
2488770
2488800
2488832
2488861
2488892
2488928
2488960
2488987
2489023
2489050
2489085
2489120
2489156
2489187
2489215
2489243
2489283
2489302
2489329
2489360
2489385
2489416
2489430
2489467
2489498
2489532
2489540
2489578
2489603
2489638
2489674
2489696
2489729
2489757
2489790
2489822
2489851
2489882
2489904
2489942
2489978
2490011
2490040
2490081
2490115
2490145
2490164
2490195
2490230
2490264
2490281
2490308
2490335
2490354
2490387
2490419
2490454
2490466
2490504
2490541
2490577
2490583
2490622
2490658
2490695
2490745
2490770
2492328
2568298
2572577
2572604
2572631
2572655
2572682
2572709
2572739
2572759
2572813
2572846
2572872
2572905
2572939
2572972
2572994
2573025
2573055
2573067
2573096
2573127
2573165
2573187
2573228
2573267
2573303
2573333
2573363
2573399
2573436
2573462
2573502
2573506
2573550
2573588
2573626
2573665
2573681
2573724
2573765
2573803
2573841
2573883
2573922
2573952
2573984
2574026
2574067
2574135
2574174
2574217
2574258
2574287
2574315
2574357
2574399
2574438
2574456
2574490
2574527
2574570
2574606
2574639
2574679
2574711
2574741
2574782
2574825
2574854
2574894
2574919
2574955
2574997
2575037
2575078
2575097
2575139
2575159
2575198
2575231
2575265
2575280
2575320
2575360
2575399
2575425
2575449
2575477
2575517
2575555
2575581
2575622
2575661
2575701
2575743
2575777
2575811
2575846
2575877
2575914
2575948
2575989
2576016
2576041
2576105
2576158
2576193
2576206
2576247
2576257
2576298
2576336
2576375
2576416
2576445
2576482
2576504
2576526
2576552
2576591
2576618
2576656
2576681
2576704
2576737
2576757
2576799
2576838
2576876
2576898
2576928
2576973
2577011
2577050
2577104
2577140
2577162
2577195
2577230
2577382
2577554
2577583
2577612
2577647
2577847
2577939
2578043
2578081
2578116
2578146
2578179
2578213
2578236
2578278
2578300
2578325
2578358
2578399
2578437
2578468
2578508
2578544
2578560
2578599
2578637
2578656
2578685
2578722
2578760
2578798
2578826
2578862
2578885
2578915
2578953
2578985
2579021
2579062
2579079
2579105
2579142
2579181
2579221
2579254
2579292
2579333
2579373
2579413
2579451
2579492
2579533
2579563
2579595
2579617
2579657
2579699
2579721
2579761
2579801
2579839
2579876
2579898
2579940
2579982
2580018
2580058
2580101
2580130
2580171
2580208
2580236
2580266
2580306
2580349
2580391
2580420
2580463
2580503
2580533
2580559
2580601
2580634
2580671
2580710
2580748
2580790
2580832
2580873
2580913
2580951
2580989
2581029
2581042
2581083
2581095
2581134
2581154
2581187
2581226
2581268
2581303
2581336
2581377
2581419
2581458
2581496
2581537
2581575
2581603
2581642
2581676
2581717
2581722
2581757
2581794
2581829
2581871
2581911
2581950
2581987
2582029
2582066
2582102
2582129
2582166
2582203
2582238
2582275
2582289
2582327
2582369
2582409
2582441
2582478
2582508
2582539
2582581
2582619
2582655
2582683
2582705
2582739
2582778
2582813
2582844
2582880
2582915
2582953
2583007
2583036
2583068
2583108
2583146
2583182
2583216
2583257
2583300
2583341
2583358
2583393
2583415
2583453
2583467
2583510
2583548
2583590
2583625
2583668
2583710
2583751
2583790
2583831
2583864
2583901
2583959
2583978
2584017
2584021
2584061
2584091
2584122
2584164
2584205
2584248
2584282
2584310
2584343
2584377
2584400
2584439
2584475
2584515
2584556
2584592
2584609
2584649
2584679
2584717
2584759
2584776
2584817
2584848
2584889
2584929
2584970
2585000
2585040
2585076
2585102
2585139
2585180
2585215
2585254
2585291
2585327
2585369
2585407
2585471
2585508
2585544
2585565
2585597
2585622
2585654
2585690
2585728
2585764
2585798
2585834
2585914
2585957
2585995
2586034
2586075
2586115
2586154
2586195
2586231
2586265
2586299
2586337
2586372
2586413
2586446
2586480
2586522
2586560
2586595
2586637
2586679
2586722
2586756
2586782
2586818
2586859
2586884
2586923
2586962
2587003
2587014
2587051
2587073
2587103
2587141
2587176
2587216
2587238
2587279
2587317
2587358
2587381
2587424
2587447
2587484
2587513
2587555
2587594
2587628
2587653
2587688
2587729
2587756
2587793
2587821
2587862
2587902
2587911
2587946
2587972
2587995
2588026
2588065
2588104
2588144
2588186
2588215
2588250
2588284
2588299
2588336
2588363
2588401
2588442
2588464
2588502
2588520
2588563
2588597
2588639
2588657
2588690
2588701
2588742
2588784
2588822
2588858
2588893
2588933
2588943
2588975
2589014
2589037
2589075
2589115
2589152
2589189
2589226
2589269
2589310
2589345
2589372
2589412
2589451
2589466
2589498
2589538
2589575
2589608
2589646
2589682
2589724
2589762
2589799
2589828
2589869
2589907
2589950
2589981
2590003
2590040
2590074
2590110
2590127
2590162
2590182
2590223
2590263
2590272
2590311
2590352
2590390
2590420
2590460
2590472
2590515
2590528
2590570
2590611
2590695
2590760
2590792
2590860
2590891
2591032
2591076
2591150
2591185
2591211
2591248
2591284
2591322
2591356
2591397
2591422
2591456
2591494
2591665
2591732
2591840
2591881
2591919
2591993
2592030
2592067
2592104
2592146
2592176
2592218
2592256
2592292
2592325
2592335
2592374
2592405
2592446
2592485
2592522
2592558
2592585
2592620
2592652
2592690
2592702
2592739
2592761
2592798
2592823
2592863
2592904
2592965
2593015
2593050
2593117
2593175
2593204
2593222
2593262
2593337
2593372
2593412
2593442
2593464
2593502
2593541
2593583
2593620
2593651
2593688
2593714
2593754
2593793
2593830
2593869
2593908
2593949
2593984
2594015
2594051
2594092
2594130
2594160
2594201
2594233
2594252
2594294
2594331
2594363
2594397
2594438
2594473
2594507
2594540
2594578
2594619
2594646
2594689
2594732
2594769
2594797
2594832
2594865
2594903
2594929
2594969
2595009
2595049
2595082
2595114
2595129
2595161
2595202
2595224
2595259
2595298
2595322
2595358
2595370
2595405
2595442
2595471
2595507
2595545
2595587
2595622
2595658
2595695
2595724
2595760
2595800
2595832
2595862
2595891
2595903
2595933
2595967
2595991
2596019
2596034
2596064
2596096
2596128
2596157
2596176
2596199
2596232
2596266
2596302
2596328
2596359
2596396
2596428
2596449
2596484
2596518
2596553
2596594
2596623
2596665
2596701
2596738
2596779
2596820
2596853
2596894
2596934
2596971
2597012
2597043
2597084
2597108
2597147
2597170
2597210
2597245
2597281
2597292
2597327
2597347
2597385
2597414
2597450
2597473
2597513
2597537
2597573
2597611
2597629
2597663
2597744
2597769
2597797
2597840
2597866
2597934
2597960
2597982
2598047
2598090
2598101
2598126
2598156
2598182
2598203
2598232
2598261
2598282
2598309
2598339
2598343
2598372
2598394
2598413
2598441
2598468
2598502
2598533
2598570
2598606
2598637
2598673
2598690
2598719
2598726
2598758
2598769
2598795
2598819
2598844
2598874
2598904
2598934
2598961
2598989
2599016
2599047
2599061
2599088
2599114
2599139
2599167
2599186
2599216
2599249
2599273
2599285
2599316
2599348
2599377
2599405
2599437
2599465
2599493
2599523
2599554
2599584
2599606
2599636
2599665
2599693
2599713
2599744
2599773
2599801
2599830
2599859
2599875
2599901
2599930
2599961
2599988
2600020
2600048
2600070
2600084
2600112
2600139
2600173
2600188
2600216
2600244
2600273
2600304
2600334
2600354
2600383
2600413
2600442
2600466
2600496
2600527
2600553
2600582
2600609
2600626
2600655
2600683
2600718
2600747
2600777
2600806
2600819
2600843
2600864
2600889
2600897
2600919
2600941
2600964
2600989
2601021
2601041
2601061
2601090
2601102
2601126
2601156
2601184
2601197
2601228
2601253
2601280
2601304
2601328
2601357
2601383
2601396
2601425
2601432
2601464
2601483
2601499
2601515
2601539
2601550
2601576
2601599
2601622
2601646
2601661
2601689
2601722
2601750
2601773
2601801
2601830
2601862
2601896
2601919
2601949
2601985
2602010
2602026
2602059
2602091
2602129
2602163
2602186
2602224
2602254
2602281
2602313
2602343
2602365
2602391
2602410
2602438
2602467
2602493
2602545
2602570
2602594
2602613
2602631
2602656
2602680
2602700
2602741
2602770
2602800
2603356
2603384
2605479
2607068
